country,age,lx,ex
AFG,<1,100000.0,66.2893
AFG,1-4,95734.952,68.2352
AFG,5-9,94550.578,65.0694
AFG,10-14,94038.5,60.4118
AFG,15-19,93631.82,55.6628
AFG,20-24,92968.587,51.0406
AFG,25-29,92045.877,46.5266
AFG,30-34,91056.454,42.0048
AFG,35-39,89936.504,37.4958
AFG,40-44,88548.801,33.0427
AFG,45-49,86706.384,28.689
AFG,50-54,84105.383,24.4944
AFG,55-59,80373.494,20.509
AFG,60-64,75046.711,16.7773
AFG,65-69,67500.706,13.3583
AFG,70-74,57092.883,10.3154
AFG,75-79,43500.396,7.7307
AFG,80-84,27960.999,5.6249
AFG,85-89,13536.13,4.0564
AFG,90-94,4332.288,2.9503
AFG,95+,792.965,2.2127
AGO,<1,100000.0,64.8047
AGO,1-4,95231.311,67.0403
AGO,5-9,93691.957,64.1169
AGO,10-14,93113.712,59.5013
AGO,15-19,92674.896,54.7708
AGO,20-24,91979.588,50.1644
AGO,25-29,91009.817,45.6715
AGO,30-34,89881.904,41.2125
AGO,35-39,88520.055,36.8067
AGO,40-44,86777.11,32.4936
AGO,45-49,84498.684,28.2996
AGO,50-54,81474.542,24.2527
AGO,55-59,77339.237,20.4095
AGO,60-64,71817.155,16.7772
AGO,65-69,64159.968,13.4662
AGO,70-74,53979.484,10.5149
AGO,75-79,41039.838,8.0181
AGO,80-84,26673.542,5.988
AGO,85-89,13616.799,4.4161
AGO,90-94,4887.839,3.2807
AGO,95+,1100.606,2.467
ALB,<1,100000.0,79.7764
ALB,1-4,99288.116,79.3474
ALB,5-9,99167.393,75.4418
ALB,10-14,99071.111,70.5128
ALB,15-19,98952.612,65.594
ALB,20-24,98766.581,60.7126
ALB,25-29,98560.078,55.8345
ALB,30-34,98317.232,50.9661
ALB,35-39,98000.676,46.1221
ALB,40-44,97509.706,41.341
ALB,45-49,96840.29,36.6086
ALB,50-54,95826.609,31.9675
ALB,55-59,94321.332,27.4355
ALB,60-64,92072.081,23.0403
ALB,65-69,88594.069,18.8406
ALB,70-74,83432.283,14.8399
ALB,75-79,74297.591,11.3292
ALB,80-84,60287.802,8.3492
ALB,85-89,41523.618,5.9537
ALB,90-94,21640.831,4.1669
ALB,95+,7254.927,2.9335
ARE,<1,100000.0,83.0686
ARE,1-4,99497.107,82.4878
ARE,5-9,99382.741,78.5811
ARE,10-14,99327.53,73.6236
ARE,15-19,99277.452,68.6593
ARE,20-24,99165.326,63.7338
ARE,25-29,99008.429,58.8309
ARE,30-34,98857.762,53.9167
ARE,35-39,98690.553,49.0037
ARE,40-44,98479.645,44.1031
ARE,45-49,98185.756,39.2271
ARE,50-54,97736.276,34.3952
ARE,55-59,97085.04,29.6083
ARE,60-64,96173.036,24.864
ARE,65-69,94441.148,20.2682
ARE,70-74,90894.552,15.9529
ARE,75-79,84840.972,11.8961
ARE,80-84,73345.312,8.3276
ARE,85-89,52032.422,5.6289
ARE,90-94,25259.506,3.9891
ARE,95+,7989.25,2.8354
ARG,<1,100000.0,77.5434
ARG,1-4,99111.098,77.2377
ARG,5-9,98979.033,73.3384
ARG,10-14,98899.284,68.3957
ARG,15-19,98796.214,63.4641
ARG,20-24,98478.36,58.6596
ARG,25-29,98036.195,53.913
ARG,30-34,97587.889,49.149
ARG,35-39,97076.53,44.3944
ARG,40-44,96412.988,39.6819
ARG,45-49,95506.09,35.0336
ARG,50-54,94111.346,30.5131
ARG,55-59,91958.776,26.1647
ARG,60-64,88583.049,22.0597
ARG,65-69,83448.614,18.2536
ARG,70-74,76130.419,14.7557
ARG,75-79,66365.114,11.5432
ARG,80-84,53404.35,8.7089
ARG,85-89,36954.471,6.4483
ARG,90-94,20429.329,4.6785
ARG,95+,7967.853,3.4007
ARM,<1,100000.0,75.8459
ARM,1-4,99090.79,75.5406
ARM,5-9,98964.372,71.6353
ARM,10-14,98879.442,66.695
ARM,15-19,98804.629,61.7433
ARM,20-24,98604.768,56.8628
ARM,25-29,98359.769,51.9983
ARM,30-34,98091.584,47.1333
ARM,35-39,97697.809,42.3125
ARM,40-44,97063.093,37.5714
ARM,45-49,95983.903,32.9636
ARM,50-54,94230.553,28.5268
ARM,55-59,91507.609,24.2968
ARM,60-64,87675.132,20.2438
ARM,65-69,82162.926,16.4234
ARM,70-74,73991.6,12.9449
ARM,75-79,62418.293,9.8564
ARM,80-84,46891.693,7.2596
ARM,85-89,28882.232,5.2169
ARM,90-94,12930.659,3.7208
ARM,95+,3625.155,2.6824
ASM,<1,100000.0,72.9919
ASM,1-4,99172.783,72.5997
ASM,5-9,98960.342,68.7518
ASM,10-14,98857.769,63.821
ASM,15-19,98784.387,58.8662
ASM,20-24,98371.864,54.1005
ASM,25-29,97942.229,49.328
ASM,30-34,97459.652,44.5587
ASM,35-39,96709.077,39.8836
ASM,40-44,95543.2,35.3374
ASM,45-49,93791.509,30.9478
ASM,50-54,91286.248,26.7252
ASM,55-59,87893.642,22.6553
ASM,60-64,82952.171,18.8468
ASM,65-69,76064.831,15.315
ASM,70-74,66654.369,12.108
ASM,75-79,54465.257,9.2365
ASM,80-84,39376.466,6.7916
ASM,85-89,23019.358,4.851
ASM,90-94,9537.467,3.3897
ASM,95+,2301.752,2.3469
ATG,<1,100000.0,77.766
ATG,1-4,99261.268,77.3437
ATG,5-9,99077.122,73.4847
ATG,10-14,99008.441,68.534
ATG,15-19,98876.566,63.6216
ATG,20-24,98643.939,58.7655
ATG,25-29,98267.506,53.9798
ATG,30-34,97626.25,49.3178
ATG,35-39,97095.397,44.5739
ATG,40-44,96337.593,39.9033
ATG,45-49,95335.209,35.296
ATG,50-54,94050.003,30.7419
ATG,55-59,91937.82,26.3863
ATG,60-64,88730.379,22.244
ATG,65-69,83954.659,18.359
ATG,70-74,77199.188,14.7331
ATG,75-79,67136.072,11.5484
ATG,80-84,54499.265,8.6205
ATG,85-89,37164.329,6.4383
ATG,90-94,20287.708,4.7838
ATG,95+,8065.38,3.546
AUS,<1,100000.0,84.073
AUS,1-4,99736.971,83.2943
AUS,5-9,99684.323,79.3376
AUS,10-14,99657.457,74.3583
AUS,15-19,99620.49,69.3848
AUS,20-24,99493.917,64.4693
AUS,25-29,99317.363,59.5794
AUS,30-34,99115.088,54.6957
AUS,35-39,98856.642,49.8318
AUS,40-44,98488.049,45.0085
AUS,45-49,97959.741,40.2369
AUS,50-54,97181.815,35.5378
AUS,55-59,96053.087,30.9241
AUS,60-64,94379.181,26.4255
AUS,65-69,91938.338,22.0572
AUS,70-74,88398.151,17.8335
AUS,75-79,82773.63,13.8623
AUS,80-84,73628.883,10.2494
AUS,85-89,58791.119,7.1618
AUS,90-94,37530.756,4.7487
AUS,95+,15428.318,3.1037
AUT,<1,100000.0,82.1196
AUT,1-4,99735.678,81.3369
AUT,5-9,99659.428,77.3981
AUT,10-14,99634.126,72.4172
AUT,15-19,99595.814,67.444
AUT,20-24,99481.5,62.5181
AUT,25-29,99319.045,57.6163
AUT,30-34,99143.152,52.714
AUT,35-39,98914.427,47.8298
AUT,40-44,98599.886,42.974
AUT,45-49,98116.735,38.1724
AUT,50-54,97341.111,33.4551
AUT,55-59,96054.443,28.8668
AUT,60-64,93851.233,24.4813
AUT,65-69,90371.382,20.3208
AUT,70-74,85056.531,16.4244
AUT,75-79,77514.443,12.7675
AUT,80-84,67195.292,9.3218
AUT,85-89,51217.103,6.3929
AUT,90-94,29457.713,4.2313
AUT,95+,10263.923,2.7859
AZE,<1,100000.0,74.5764
AZE,1-4,98582.926,74.6467
AZE,5-9,98312.535,70.8475
AZE,10-14,98194.858,65.9297
AZE,15-19,98062.655,61.0149
AZE,20-24,97816.976,56.1614
AZE,25-29,97504.835,51.3331
AZE,30-34,97169.686,46.5013
AZE,35-39,96756.783,41.6886
AZE,40-44,96164.575,36.9289
AZE,45-49,95196.968,32.2768
AZE,50-54,93629.55,27.7722
AZE,55-59,91100.044,23.4685
AZE,60-64,87174.737,19.4052
AZE,65-69,81248.728,15.6264
AZE,70-74,72537.975,12.1844
AZE,75-79,59886.336,9.2006
AZE,80-84,43246.626,6.7487
AZE,85-89,25048.177,4.8439
AZE,90-94,10240.549,3.4737
AZE,95+,2579.14,2.4766
BDI,<1,100000.0,63.8177
BDI,1-4,96519.595,65.1138
BDI,5-9,95206.083,61.9835
BDI,10-14,93653.075,57.9731
BDI,15-19,92736.04,53.5224
BDI,20-24,91495.517,49.2114
BDI,25-29,89834.182,45.0745
BDI,30-34,88049.314,40.9369
BDI,35-39,86132.543,36.7917
BDI,40-44,84007.899,32.6573
BDI,45-49,81458.88,28.5991
BDI,50-54,78472.146,24.589
BDI,55-59,74506.866,20.7589
BDI,60-64,69519.132,17.0616
BDI,65-69,62586.483,13.659
BDI,70-74,53130.97,10.6247
BDI,75-79,40871.404,8.0361
BDI,80-84,26865.071,5.9102
BDI,85-89,13646.935,4.2927
BDI,90-94,4755.193,3.1021
BDI,95+,962.121,2.2727
BEL,<1,100000.0,82.2741
BEL,1-4,99712.719,81.5108
BEL,5-9,99657.808,77.5549
BEL,10-14,99626.136,72.5788
BEL,15-19,99590.823,67.6036
BEL,20-24,99496.402,62.6649
BEL,25-29,99329.636,57.7658
BEL,30-34,99136.455,52.8733
BEL,35-39,98876.33,48.0056
BEL,40-44,98517.644,43.1708
BEL,45-49,97977.486,38.3938
BEL,50-54,97107.914,33.7137
BEL,55-59,95743.595,29.1558
BEL,60-64,93522.881,24.784
BEL,65-69,89972.558,20.6569
BEL,70-74,84962.395,16.72
BEL,75-79,77826.959,13.0091
BEL,80-84,67440.453,9.6038
BEL,85-89,51940.399,6.6769
BEL,90-94,30975.876,4.4591
BEL,95+,11661.331,2.939
BEN,<1,100000.0,60.961
BEN,1-4,94844.846,63.2641
BEN,5-9,92252.623,60.99
BEN,10-14,90509.672,57.1222
BEN,15-19,89512.344,52.7314
BEN,20-24,88202.134,48.4749
BEN,25-29,86468.789,44.3955
BEN,30-34,84605.586,40.3176
BEN,35-39,82601.937,36.2342
BEN,40-44,80386.824,32.1621
BEN,45-49,77768.094,28.1591
BEN,50-54,74737.934,24.1959
BEN,55-59,70772.231,20.4059
BEN,60-64,65796.277,16.7524
BEN,65-69,58935.602,13.3956
BEN,70-74,49664.213,10.4091
BEN,75-79,37784.758,7.8706
BEN,80-84,24450.4,5.7923
BEN,85-89,12165.67,4.2102
BEN,90-94,4125.332,3.0425
BEN,95+,803.557,2.2279
BFA,<1,100000.0,61.2925
BFA,1-4,94579.797,63.7937
BFA,5-9,91853.453,61.6376
BFA,10-14,90672.019,57.4131
BFA,15-19,89956.57,52.8496
BFA,20-24,88876.434,48.4589
BFA,25-29,87357.923,44.2569
BFA,30-34,85775.86,40.0268
BFA,35-39,84061.883,35.7912
BFA,40-44,82131.783,31.572
BFA,45-49,79790.032,27.423
BFA,50-54,76930.942,23.3456
BFA,55-59,73084.146,19.4364
BFA,60-64,67919.41,15.7144
BFA,65-69,60513.762,12.3144
BFA,70-74,50367.684,9.2669
BFA,75-79,36822.938,6.7211
BFA,80-84,21478.683,4.7335
BFA,85-89,8621.452,3.3098
BFA,90-94,1983.484,2.2745
BFA,95+,193.908,1.7145
BGD,<1,100000.0,74.9298
BGD,1-4,98313.635,75.2131
BGD,5-9,97904.183,71.521
BGD,10-14,97603.298,66.7349
BGD,15-19,97351.919,61.8999
BGD,20-24,96889.982,57.1827
BGD,25-29,96485.359,52.4125
BGD,30-34,96069.739,47.6279
BGD,35-39,95561.08,42.868
BGD,40-44,94913.346,38.1423
BGD,45-49,93921.125,33.5172
BGD,50-54,92305.194,29.0561
BGD,55-59,89575.725,24.8601
BGD,60-64,85513.301,20.915
BGD,65-69,79895.187,17.2024
BGD,70-74,72332.986,13.7252
BGD,75-79,61686.364,10.6402
BGD,80-84,47707.244,8.0006
BGD,85-89,31542.446,5.8036
BGD,90-94,16021.039,4.0739
BGD,95+,5249.777,2.7872
BGR,<1,100000.0,75.7954
BGR,1-4,99511.734,75.1666
BGR,5-9,99408.951,71.2427
BGR,10-14,99340.47,66.2901
BGR,15-19,99254.699,61.345
BGR,20-24,99045.934,56.4682
BGR,25-29,98776.443,51.6154
BGR,30-34,98452.074,46.777
BGR,35-39,98005.131,41.978
BGR,40-44,97321.739,37.2538
BGR,45-49,96205.481,32.6547
BGR,50-54,94299.675,28.2598
BGR,55-59,91249.172,24.1149
BGR,60-64,86681.197,20.2462
BGR,65-69,80278.27,16.6528
BGR,70-74,72019.537,13.2651
BGR,75-79,61412.128,10.1061
BGR,80-84,47572.103,7.2861
BGR,85-89,30070.715,5.045
BGR,90-94,13199.179,3.4182
BGR,95+,3209.599,2.3722
BHS,<1,100000.0,74.7099
BHS,1-4,98934.229,74.5133
BHS,5-9,98745.736,70.6521
BHS,10-14,98624.801,65.736
BHS,15-19,98512.763,60.8076
BHS,20-24,98075.099,56.0654
BHS,25-29,97238.764,51.5258
BHS,30-34,96353.44,46.9756
BHS,35-39,95148.772,42.5371
BHS,40-44,93647.564,38.1778
BHS,45-49,91795.386,33.8956
BHS,50-54,89401.036,29.7338
BHS,55-59,86297.913,25.7089
BHS,60-64,82350.848,21.819
BHS,65-69,77508.788,18.0145
BHS,70-74,69046.96,14.8964
BHS,75-79,59468.401,11.8882
BHS,80-84,47133.593,9.3138
BHS,85-89,32908.316,7.2554
BHS,90-94,19371.328,5.6179
BHS,95+,9073.198,4.3441
BIH,<1,100000.0,78.0444
BIH,1-4,99513.326,77.4254
BIH,5-9,99455.395,73.4696
BIH,10-14,99423.43,68.4925
BIH,15-19,99374.793,63.5246
BIH,20-24,99228.32,58.614
BIH,25-29,98998.691,53.7442
BIH,30-34,98779.894,48.8576
BIH,35-39,98509.811,43.9843
BIH,40-44,98073.537,39.168
BIH,45-49,97371.399,34.431
BIH,50-54,96159.035,29.8307
BIH,55-59,94100.703,25.4241
BIH,60-64,90592.326,21.3034
BIH,65-69,84983.116,17.5344
BIH,70-74,77519.518,13.9724
BIH,75-79,66372.76,10.8643
BIH,80-84,51115.455,8.3368
BIH,85-89,33870.947,6.3009
BIH,90-94,18009.408,4.7243
BIH,95+,7028.461,3.5381
BLR,<1,100000.0,74.6235
BLR,1-4,99753.234,73.8077
BLR,5-9,99689.803,69.8536
BLR,10-14,99640.588,64.8868
BLR,15-19,99571.48,59.9298
BLR,20-24,99404.932,55.0255
BLR,25-29,99133.289,50.169
BLR,30-34,98716.456,45.3694
BLR,35-39,98021.903,40.6718
BLR,40-44,96915.409,36.1057
BLR,45-49,95239.386,31.6945
BLR,50-54,92795.763,27.4593
BLR,55-59,89341.732,23.4198
BLR,60-64,84392.551,19.6389
BLR,65-69,77327.767,16.1948
BLR,70-74,68487.188,12.9514
BLR,75-79,57394.87,9.9526
BLR,80-84,43358.003,7.3364
BLR,85-89,27318.209,5.1634
BLR,90-94,12286.899,3.5407
BLR,95+,3167.17,2.4585
BLZ,<1,100000.0,73.7386
BLZ,1-4,99131.992,73.3831
BLZ,5-9,98954.611,69.5118
BLZ,10-14,98858.868,64.5768
BLZ,15-19,98754.422,59.6422
BLZ,20-24,98488.652,54.7955
BLZ,25-29,98073.747,50.0163
BLZ,30-34,97550.188,45.2708
BLZ,35-39,96849.924,40.5791
BLZ,40-44,95849.961,35.9748
BLZ,45-49,94368.789,31.4977
BLZ,50-54,92115.888,27.2027
BLZ,55-59,88756.547,23.132
BLZ,60-64,83887.556,19.321
BLZ,65-69,76948.44,15.8257
BLZ,70-74,67642.432,12.6451
BLZ,75-79,55793.085,9.7803
BLZ,80-84,41424.945,7.2844
BLZ,85-89,25523.476,5.2558
BLZ,90-94,11498.795,3.7726
BLZ,95+,3293.981,2.7289
BOL,<1,100000.0,68.7387
BOL,1-4,96896.793,69.9359
BOL,5-9,95960.349,66.6002
BOL,10-14,95296.913,62.0485
BOL,15-19,94905.922,57.294
BOL,20-24,94349.042,52.6161
BOL,25-29,93532.198,48.0529
BOL,30-34,92550.466,43.5355
BOL,35-39,91397.366,39.0522
BOL,40-44,89917.371,34.6521
BOL,45-49,88011.12,30.3462
BOL,50-54,85450.256,26.1771
BOL,55-59,81971.655,22.1763
BOL,60-64,77044.055,18.426
BOL,65-69,70194.777,14.967
BOL,70-74,60596.698,11.9215
BOL,75-79,48318.788,9.298
BOL,80-84,34407.854,7.0317
BOL,85-89,20172.405,5.2521
BOL,90-94,8993.979,3.8779
BOL,95+,2687.851,2.8238
BRA,<1,100000.0,76.023
BRA,1-4,98804.164,75.9416
BRA,5-9,98627.042,72.0749
BRA,10-14,98527.852,67.1451
BRA,15-19,98390.921,62.2345
BRA,20-24,97828.011,57.5756
BRA,25-29,97075.692,53.003
BRA,30-34,96367.963,48.3738
BRA,35-39,95599.856,43.7419
BRA,40-44,94649.602,39.155
BRA,45-49,93422.099,34.6351
BRA,50-54,91715.747,30.2303
BRA,55-59,89294.879,25.9784
BRA,60-64,85889.357,21.9038
BRA,65-69,80999.003,18.0665
BRA,70-74,74233.575,14.4751
BRA,75-79,64952.311,11.1637
BRA,80-84,51706.109,8.3529
BRA,85-89,35120.074,6.0895
BRA,90-94,18335.478,4.4345
BRA,95+,6662.097,3.2311
BRB,<1,100000.0,76.3316
BRB,1-4,98902.851,76.1769
BRB,5-9,98774.746,72.2739
BRB,10-14,98712.756,67.3176
BRB,15-19,98594.532,62.3951
BRB,20-24,98347.8,57.5447
BRB,25-29,97960.826,52.7618
BRB,30-34,97509.983,47.9938
BRB,35-39,96934.328,43.2633
BRB,40-44,96111.409,38.6109
BRB,45-49,94916.394,34.0639
BRB,50-54,93229.132,29.6327
BRB,55-59,90861.182,25.3362
BRB,60-64,87534.834,21.1991
BRB,65-69,82953.474,17.2247
BRB,70-74,76623.618,13.4305
BRB,75-79,67111.685,9.9511
BRB,80-84,52117.384,7.049
BRB,85-89,32137.884,4.8372
BRB,90-94,13241.277,3.3432
BRB,95+,3120.441,2.4071
BRN,<1,100000.0,75.5007
BRN,1-4,99220.84,75.0925
BRN,5-9,99067.993,71.2056
BRN,10-14,98961.169,66.28
BRN,15-19,98848.675,61.3522
BRN,20-24,98556.383,56.5258
BRN,25-29,98156.638,51.7458
BRN,30-34,97728.416,46.9614
BRN,35-39,97215.214,42.1956
BRN,40-44,96512.287,37.4836
BRN,45-49,95463.965,32.8659
BRN,50-54,93820.944,28.3945
BRN,55-59,91272.039,24.1129
BRN,60-64,87403.651,20.0622
BRN,65-69,81666.871,16.2853
BRN,70-74,73359.005,12.8302
BRN,75-79,61639.757,9.7696
BRN,80-84,46113.207,7.1845
BRN,85-89,28231.551,5.1468
BRN,90-94,12506.474,3.628
BRN,95+,3362.528,2.6024
BTN,<1,100000.0,73.2616
BTN,1-4,98166.218,73.6283
BTN,5-9,97847.435,69.8625
BTN,10-14,97663.911,64.9896
BTN,15-19,97509.429,60.0884
BTN,20-24,97225.374,55.2559
BTN,25-29,96827.955,50.4722
BTN,30-34,96398.257,45.6859
BTN,35-39,95894.432,40.9123
BTN,40-44,95228.945,36.1798
BTN,45-49,94235.308,31.533
BTN,50-54,92608.785,27.0395
BTN,55-59,90027.826,22.7378
BTN,60-64,85934.556,18.6933
BTN,65-69,79737.583,14.9392
BTN,70-74,70398.788,11.5681
BTN,75-79,57015.689,8.6675
BTN,80-84,39937.332,6.2744
BTN,85-89,21728.769,4.4635
BTN,90-94,8006.102,3.1829
BTN,95+,1701.36,2.3287
BWA,<1,100000.0,69.2929
BWA,1-4,97222.994,70.2686
BWA,5-9,96317.427,66.915
BWA,10-14,95959.765,62.156
BWA,15-19,95671.961,57.3352
BWA,20-24,95172.883,52.6215
BWA,25-29,94462.977,47.9976
BWA,30-34,93622.837,43.4052
BWA,35-39,92576.856,38.8662
BWA,40-44,91184.943,34.4195
BWA,45-49,89284.058,30.0965
BWA,50-54,86646.555,25.9323
BWA,55-59,82905.69,21.9837
BWA,60-64,77741.603,18.2691
BWA,65-69,70408.655,14.8974
BWA,70-74,60516.349,11.9067
BWA,75-79,48079.025,9.3212
BWA,80-84,33901.366,7.1609
BWA,85-89,20049.958,5.4094
BWA,90-94,9128.693,4.0767
BWA,95+,2912.883,3.0937
CAF,<1,100000.0,57.6711
CAF,1-4,93289.449,60.8009
CAF,5-9,90738.022,58.4682
CAF,10-14,89821.687,54.042
CAF,15-19,89120.264,49.447
CAF,20-24,87977.61,45.0538
CAF,25-29,86229.61,40.9141
CAF,30-34,84036.96,36.9143
CAF,35-39,81385.091,33.0332
CAF,40-44,78159.438,29.2903
CAF,45-49,74334.56,25.6656
CAF,50-54,69791.907,22.1686
CAF,55-59,64284.199,18.8479
CAF,60-64,57718.189,15.6987
CAF,65-69,49480.229,12.8811
CAF,70-74,39796.793,10.3992
CAF,75-79,29346.47,8.2062
CAF,80-84,19098.077,6.288
CAF,85-89,10153.652,4.6861
CAF,90-94,3906.766,3.5474
CAF,95+,1015.1,2.6387
CAN,<1,100000.0,82.7192
CAN,1-4,99598.985,82.0517
CAN,5-9,99532.419,78.1056
CAN,10-14,99498.065,73.1317
CAN,15-19,99448.95,68.1664
CAN,20-24,99295.725,63.267
CAN,25-29,99035.702,58.4263
CAN,30-34,98714.446,53.6081
CAN,35-39,98347.37,48.7987
CAN,40-44,97917.484,44.0016
CAN,45-49,97357.596,39.2396
CAN,50-54,96532.982,34.552
CAN,55-59,95235.385,29.9862
CAN,60-64,93204.152,25.5814
CAN,65-69,90108.693,21.369
CAN,70-74,85570.457,17.3618
CAN,75-79,78768.572,13.6311
CAN,80-84,68726.628,10.2349
CAN,85-89,53954.295,7.3133
CAN,90-94,34413.75,5.004
CAN,95+,14957.591,3.3906
CHE,<1,100000.0,84.0879
CHE,1-4,99682.733,83.3551
CHE,5-9,99637.644,79.3922
CHE,10-14,99612.22,74.4118
CHE,15-19,99579.082,69.4357
CHE,20-24,99490.423,64.4949
CHE,25-29,99355.149,59.5792
CHE,30-34,99217.182,54.6586
CHE,35-39,99052.762,49.745
CHE,40-44,98828.043,44.8521
CHE,45-49,98475.671,40.0028
CHE,50-54,97892.972,35.2248
CHE,55-59,96917.1,30.5522
CHE,60-64,95332.739,26.0155
CHE,65-69,92766.362,21.6609
CHE,70-74,88804.564,17.5094
CHE,75-79,82813.06,13.5827
CHE,80-84,73544.823,9.9553
CHE,85-89,58255.96,6.8608
CHE,90-94,35923.493,4.5113
CHE,95+,13800.548,2.9286
CHL,<1,100000.0,81.3589
CHL,1-4,99447.813,80.8099
CHL,5-9,99359.98,76.8798
CHL,10-14,99302.755,71.9227
CHL,15-19,99231.503,66.9723
CHL,20-24,99041.85,62.0952
CHL,25-29,98769.622,57.2593
CHL,30-34,98448.269,52.4378
CHL,35-39,98070.987,47.6296
CHL,40-44,97585.649,42.8534
CHL,45-49,96887.421,38.1432
CHL,50-54,95852.351,33.5262
CHL,55-59,94217.333,29.0615
CHL,60-64,91769.516,24.766
CHL,65-69,88249.295,20.6486
CHL,70-74,83037.629,16.7764
CHL,75-79,74775.414,13.335
CHL,80-84,63244.266,10.2915
CHL,85-89,48407.155,7.6488
CHL,90-94,30685.473,5.6089
CHL,95+,14803.896,4.0599
CHN,<1,100000.0,78.0171
CHN,1-4,99362.051,77.5171
CHN,5-9,99202.391,73.6391
CHN,10-14,99059.38,68.7416
CHN,15-19,98896.276,63.8509
CHN,20-24,98700.857,58.972
CHN,25-29,98401.632,54.1433
CHN,30-34,98036.032,49.3357
CHN,35-39,97633.126,44.5289
CHN,40-44,97148.988,39.7376
CHN,45-49,96384.613,35.0315
CHN,50-54,95214.857,30.4289
CHN,55-59,93272.483,26.0071
CHN,60-64,90560.13,21.7063
CHN,65-69,85905.928,17.7353
CHN,70-74,79053.06,14.045
CHN,75-79,68829.253,10.7405
CHN,80-84,54707.306,7.835
CHN,85-89,36102.491,5.5479
CHN,90-94,17762.011,3.7769
CHN,95+,5118.12,2.5261
CIV,<1,100000.0,62.1102
CIV,1-4,94915.484,64.4266
CIV,5-9,93372.733,61.4659
CIV,10-14,92775.81,56.8469
CIV,15-19,92293.654,52.1303
CIV,20-24,91474.044,47.5729
CIV,25-29,90254.404,43.1806
CIV,30-34,88737.504,38.8746
CIV,35-39,86845.196,34.6651
CIV,40-44,84404.73,30.5922
CIV,45-49,81278.651,26.669
CIV,50-54,77240.376,22.927
CIV,55-59,71976.689,19.4139
CIV,60-64,65339.767,16.1222
CIV,65-69,56741.654,13.1712
CIV,70-74,46293.687,10.568
CIV,75-79,34605.353,8.2833
CIV,80-84,22825.605,6.2806
CIV,85-89,12242.072,4.6041
CIV,90-94,4660.058,3.3779
CIV,95+,1104.949,2.5111
CMR,<1,100000.0,63.9681
CMR,1-4,95388.412,66.0518
CMR,5-9,93421.858,63.4106
CMR,10-14,92727.661,58.8689
CMR,15-19,92225.999,54.1752
CMR,20-24,91469.461,49.6009
CMR,25-29,90402.558,45.1558
CMR,30-34,89155.16,40.7518
CMR,35-39,87665.681,36.4003
CMR,40-44,85793.772,32.1379
CMR,45-49,83409.123,27.9826
CMR,50-54,80327.548,23.9559
CMR,55-59,76188.932,20.1154
CMR,60-64,70750.882,16.4604
CMR,65-69,63281.582,13.0937
CMR,70-74,53122.486,10.0956
CMR,75-79,39760.601,7.6209
CMR,80-84,24946.439,5.6629
CMR,85-89,12020.764,4.1921
CMR,90-94,4014.89,3.1188
CMR,95+,821.267,2.3618
COD,<1,100000.0,62.0741
COD,1-4,95137.55,64.2373
COD,5-9,92764.559,61.8338
COD,10-14,91204.936,57.8536
COD,15-19,90293.276,53.4129
COD,20-24,89068.719,49.1103
COD,25-29,87425.372,44.9855
COD,30-34,85661.673,40.8598
COD,35-39,83772.228,36.7243
COD,40-44,81682.391,32.5983
COD,45-49,79182.42,28.5467
COD,50-54,76260.937,24.5411
COD,55-59,72392.356,20.7133
COD,60-64,67527.51,17.0181
COD,65-69,60765.368,13.618
COD,70-74,51541.932,10.5872
COD,75-79,39592.839,8.0023
COD,80-84,25952.864,5.8825
COD,85-89,13130.774,4.2675
COD,90-94,4540.547,3.0768
COD,95+,904.025,2.2519
COG,<1,100000.0,66.0014
COG,1-4,97201.007,66.8985
COG,5-9,96128.023,63.6282
COG,10-14,95710.759,58.8958
COG,15-19,95365.846,54.0993
COG,20-24,94750.703,49.4327
COG,25-29,93818.055,44.8982
COG,30-34,92624.814,40.4431
COG,35-39,91095.373,36.0784
COG,40-44,89076.355,31.837
COG,45-49,86434.461,27.7306
COG,50-54,82952.684,23.7847
COG,55-59,78316.251,20.0386
COG,60-64,72305.843,16.4876
COG,65-69,64278.244,13.2204
COG,70-74,53770.35,10.2949
COG,75-79,40476.681,7.831
COG,80-84,25865.711,5.8422
COG,85-89,12865.784,4.3254
COG,90-94,4490.872,3.2124
COG,95+,971.155,2.4236
COL,<1,100000.0,77.9134
COL,1-4,99043.882,77.6643
COL,5-9,98832.633,73.8267
COL,10-14,98720.716,68.9078
COL,15-19,98580.457,64.0017
COL,20-24,98126.012,59.2847
COL,25-29,97453.397,54.6767
COL,30-34,96776.834,50.0413
COL,35-39,96072.567,45.3896
COL,40-44,95298.859,40.7375
COL,45-49,94418.788,36.0932
COL,50-54,93266.029,31.5069
COL,55-59,91669.62,27.0096
COL,60-64,89277.562,22.6616
COL,65-69,85583.15,18.5246
COL,70-74,80034.698,14.6246
COL,75-79,71510.189,11.0473
COL,80-84,57897.255,8.0177
COL,85-89,39185.135,5.6082
COL,90-94,19165.217,3.9164
COL,95+,5870.062,2.7472
COM,<1,100000.0,67.0234
COM,1-4,96425.675,68.5023
COM,5-9,95520.756,65.1353
COM,10-14,95095.795,60.4166
COM,15-19,94755.844,55.6238
COM,20-24,94109.971,50.9868
COM,25-29,93269.21,46.4238
COM,30-34,92400.97,41.8362
COM,35-39,91391.402,37.2698
COM,40-44,90067.513,32.779
COM,45-49,88236.499,28.4045
COM,50-54,85581.302,24.2034
COM,55-59,81690.87,20.23
COM,60-64,76105.26,16.5206
COM,65-69,68110.373,13.1503
COM,70-74,57178.285,10.1645
COM,75-79,43032.69,7.6558
COM,80-84,27172.164,5.6646
COM,85-89,13170.391,4.1416
COM,90-94,4319.352,3.0751
COM,95+,861.703,2.3083
CPV,<1,100000.0,76.2238
CPV,1-4,99046.005,75.9567
CPV,5-9,98841.19,72.111
CPV,10-14,98768.334,67.1625
CPV,15-19,98682.178,62.2187
CPV,20-24,98516.727,57.3185
CPV,25-29,98188.337,52.5012
CPV,30-34,97793.592,47.7029
CPV,35-39,97224.913,42.966
CPV,40-44,96263.293,38.3687
CPV,45-49,95036.329,33.8304
CPV,50-54,93261.398,29.4235
CPV,55-59,90774.954,25.1579
CPV,60-64,87523.899,20.9956
CPV,65-69,83496.867,16.8846
CPV,70-74,77350.051,13.0086
CPV,75-79,66418.581,9.7024
CPV,80-84,49536.258,7.1211
CPV,85-89,30059.469,5.1075
CPV,90-94,13117.959,3.65
CPV,95+,3564.871,2.6352
CRI,<1,100000.0,80.9964
CRI,1-4,99356.78,80.5199
CRI,5-9,99246.783,76.6072
CRI,10-14,99177.335,71.6592
CRI,15-19,99084.722,66.7235
CRI,20-24,98814.167,61.8983
CRI,25-29,98345.395,57.1811
CRI,30-34,97840.791,52.463
CRI,35-39,97297.163,47.7419
CRI,40-44,96660.839,43.0392
CRI,45-49,95856.86,38.3783
CRI,50-54,94790.438,33.7806
CRI,55-59,93273.51,29.2869
CRI,60-64,91048.084,24.9377
CRI,65-69,87698.569,20.7886
CRI,70-74,83103.16,16.7947
CRI,75-79,76689.088,12.9732
CRI,80-84,65048.907,9.8095
CRI,85-89,48843.317,7.2062
CRI,90-94,29898.746,5.1757
CRI,95+,13274.178,3.6828
CUB,<1,100000.0,78.264
CUB,1-4,99548.088,77.6187
CUB,5-9,99437.136,73.7033
CUB,10-14,99359.199,68.7593
CUB,15-19,99266.773,63.8207
CUB,20-24,99081.918,58.9347
CUB,25-29,98831.505,54.0776
CUB,30-34,98523.933,49.2383
CUB,35-39,98122.072,44.4292
CUB,40-44,97547.242,39.6753
CUB,45-49,96685.107,35.0053
CUB,50-54,95355.439,30.4561
CUB,55-59,93184.481,26.1027
CUB,60-64,89664.941,22.0219
CUB,65-69,84305.921,18.2533
CUB,70-74,76765.911,14.7882
CUB,75-79,66562.676,11.6543
CUB,80-84,53373.305,8.894
CUB,85-89,37516.148,6.5754
CUB,90-94,21200.386,4.7378
CUB,95+,8499.298,3.3456
CYP,<1,100000.0,81.8206
CYP,1-4,99743.063,81.031
CYP,5-9,99705.745,77.0606
CYP,10-14,99680.325,72.0797
CYP,15-19,99655.981,67.0966
CYP,20-24,99593.384,62.137
CYP,25-29,99495.236,57.1958
CYP,30-34,99388.456,52.2545
CYP,35-39,99236.015,47.3306
CYP,40-44,98987.709,42.4426
CYP,45-49,98598.223,37.5997
CYP,50-54,97977.271,32.8208
CYP,55-59,96886.699,28.1596
CYP,60-64,95010.564,23.6621
CYP,65-69,91768.401,19.402
CYP,70-74,86337.186,15.4533
CYP,75-79,77676.559,11.877
CYP,80-84,64387.761,8.7802
CYP,85-89,45943.115,6.2605
CYP,90-94,25244.46,4.3586
CYP,95+,9226.427,2.9291
CZE,<1,100000.0,79.9702
CZE,1-4,99789.43,79.1386
CZE,5-9,99740.843,75.1764
CZE,10-14,99704.205,70.2031
CZE,15-19,99663.943,65.2304
CZE,20-24,99539.393,60.3081
CZE,25-29,99333.299,55.4279
CZE,30-34,99109.087,50.5476
CZE,35-39,98822.839,45.6864
CZE,40-44,98423.184,40.8613
CZE,45-49,97819.71,36.0969
CZE,50-54,96788.642,31.4524
CZE,55-59,95087.243,26.9673
CZE,60-64,92362.719,22.6828
CZE,65-69,87920.918,18.693
CZE,70-74,81432.537,14.9719
CZE,75-79,72162.403,11.5572
CZE,80-84,59609.944,8.4365
CZE,85-89,42230.466,5.8329
CZE,90-94,21950.365,3.9181
CZE,95+,6754.587,2.6493
DEU,<1,100000.0,81.5387
DEU,1-4,99717.919,80.769
DEU,5-9,99659.698,76.8153
DEU,10-14,99626.205,71.8404
DEU,15-19,99588.75,66.8664
DEU,20-24,99488.408,61.9309
DEU,25-29,99350.519,57.0134
DEU,30-34,99189.851,52.1015
DEU,35-39,98956.905,47.2179
DEU,40-44,98617.886,42.3711
DEU,45-49,98095.412,37.5825
DEU,50-54,97223.968,32.895
DEU,55-59,95730.148,28.3659
DEU,60-64,93209.513,24.0602
DEU,65-69,89303.814,19.9961
DEU,70-74,83763.225,16.1451
DEU,75-79,76148.055,12.4972
DEU,80-84,65435.118,9.1084
DEU,85-89,49006.946,6.2704
DEU,90-94,27599.764,4.165
DEU,95+,9379.637,2.7627
DJI,<1,100000.0,66.2022
DJI,1-4,96454.317,67.6305
DJI,5-9,95088.751,64.5746
DJI,10-14,94028.351,60.2776
DJI,15-19,93366.676,55.6871
DJI,20-24,92399.528,51.2416
DJI,25-29,91072.894,46.9509
DJI,30-34,89648.853,42.6566
DJI,35-39,88120.414,38.3527
DJI,40-44,86420.705,34.0563
DJI,45-49,84314.294,29.8429
DJI,50-54,81777.342,25.6878
DJI,55-59,78256.593,21.7257
DJI,60-64,73768.192,17.8889
DJI,65-69,67322.198,14.3474
DJI,70-74,58244.902,11.1743
DJI,75-79,46055.455,8.4429
DJI,80-84,31400.01,6.1957
DJI,85-89,16755.808,4.4753
DJI,90-94,6200.087,3.2022
DJI,95+,1333.894,2.3192
DNK,<1,100000.0,82.0938
DNK,1-4,99718.88,81.3248
DNK,5-9,99663.755,77.3691
DNK,10-14,99643.409,72.3844
DNK,15-19,99619.595,67.4011
DNK,20-24,99550.19,62.446
DNK,25-29,99432.972,57.5166
DNK,30-34,99291.063,52.5951
DNK,35-39,99104.868,47.689
DNK,40-44,98833.178,42.8128
DNK,45-49,98411.542,37.9847
DNK,50-54,97655.896,33.2574
DNK,55-59,96331.507,28.6772
DNK,60-64,94036.667,24.3109
DNK,65-69,90364.797,20.1906
DNK,70-74,85116.984,16.2733
DNK,75-79,77631.143,12.5862
DNK,80-84,66440.634,9.2569
DNK,85-89,49605.148,6.5019
DNK,90-94,28634.978,4.4103
DNK,95+,10522.858,2.9817
DOM,<1,100000.0,73.8676
DOM,1-4,97470.436,74.7817
DOM,5-9,96852.351,71.2509
DOM,10-14,96782.516,66.3008
DOM,15-19,96687.908,61.3628
DOM,20-24,96299.797,56.598
DOM,25-29,95577.345,52.0064
DOM,30-34,94792.698,47.4161
DOM,35-39,93942.654,42.8219
DOM,40-44,92866.028,38.2881
DOM,45-49,91421.849,33.8514
DOM,50-54,89381.11,29.5642
DOM,55-59,86680.84,25.4041
DOM,60-64,83072.251,21.3932
DOM,65-69,77807.644,17.6608
DOM,70-74,70103.898,14.3114
DOM,75-79,59597.872,11.3742
DOM,80-84,46382.849,8.8822
DOM,85-89,31670.102,6.8415
DOM,90-94,17921.402,5.2262
DOM,95+,7817.033,3.9872
DZA,<1,100000.0,76.4752
DZA,1-4,98291.793,76.8023
DZA,5-9,97951.78,73.0632
DZA,10-14,97798.717,68.174
DZA,15-19,97643.867,63.2779
DZA,20-24,97407.417,58.4251
DZA,25-29,97104.58,53.5993
DZA,30-34,96765.799,48.7781
DZA,35-39,96372.549,43.9666
DZA,40-44,95856.341,39.1892
DZA,45-49,95136.149,34.4659
DZA,50-54,94100.193,29.8161
DZA,55-59,92549.154,25.2713
DZA,60-64,90026.806,20.9032
DZA,65-69,85718.25,16.8177
DZA,70-74,78502.158,13.1149
DZA,75-79,67036.732,9.9016
DZA,80-84,50554.892,7.2778
DZA,85-89,31108.125,5.2517
DZA,90-94,13854.981,3.843
DZA,95+,4084.459,2.8422
ECU,<1,100000.0,77.5789
ECU,1-4,99015.361,77.3491
ECU,5-9,98791.646,73.5202
ECU,10-14,98643.0,68.6275
ECU,15-19,98460.085,63.7498
ECU,20-24,98056.418,59.0008
ECU,25-29,97456.192,54.3484
ECU,30-34,96807.504,49.6957
ECU,35-39,96097.225,45.0441
ECU,40-44,95246.905,40.4233
ECU,45-49,94243.533,35.8262
ECU,50-54,92901.12,31.3058
ECU,55-59,90990.591,26.9074
ECU,60-64,88167.551,22.684
ECU,65-69,84155.721,18.6399
ECU,70-74,78570.3,14.7778
ECU,75-79,70385.486,11.1848
ECU,80-84,57050.339,8.1708
ECU,85-89,38529.91,5.8613
ECU,90-94,19694.721,4.1348
ECU,95+,6516.368,2.9271
EGY,<1,100000.0,71.8058
EGY,1-4,98682.762,71.7626
EGY,5-9,98381.331,67.9779
EGY,10-14,98190.848,63.1056
EGY,15-19,98035.816,58.2009
EGY,20-24,97740.992,53.3686
EGY,25-29,97405.482,48.5437
EGY,30-34,97030.422,43.7214
EGY,35-39,96559.505,38.922
EGY,40-44,95937.263,34.1574
EGY,45-49,95022.076,29.4605
EGY,50-54,93385.858,24.9281
EGY,55-59,90146.367,20.7251
EGY,60-64,84692.978,16.8875
EGY,65-69,76526.326,13.4063
EGY,70-74,65014.329,10.3169
EGY,75-79,49880.636,7.6566
EGY,80-84,31969.623,5.5353
EGY,85-89,15385.436,3.8981
EGY,90-94,4664.139,2.7722
EGY,95+,742.07,2.0216
ERI,<1,100000.0,68.8927
ERI,1-4,97403.171,69.7263
ERI,5-9,96612.437,66.2807
ERI,10-14,95827.491,61.8048
ERI,15-19,95311.229,57.126
ERI,20-24,94490.623,52.5983
ERI,25-29,93350.9,48.2095
ERI,30-34,92122.934,43.8183
ERI,35-39,90801.368,39.4194
ERI,40-44,89331.051,35.0257
ERI,45-49,87473.04,30.7149
ERI,50-54,85202.739,26.4636
ERI,55-59,81949.115,22.41
ERI,60-64,77758.908,18.4769
ERI,65-69,71597.685,14.8372
ERI,70-74,62714.115,11.566
ERI,75-79,50481.591,8.7347
ERI,80-84,35237.604,6.407
ERI,85-89,19393.818,4.628
ERI,90-94,7485.797,3.3383
ERI,95+,1738.349,2.4017
ESP,<1,100000.0,83.7994
ESP,1-4,99779.685,82.9842
ESP,5-9,99714.84,79.0373
ESP,10-14,99687.831,74.058
ESP,15-19,99653.122,69.0829
ESP,20-24,99581.336,64.1307
ESP,25-29,99475.04,59.1964
ESP,30-34,99346.09,54.2699
ESP,35-39,99182.397,49.3552
ESP,40-44,98947.631,44.466
ESP,45-49,98564.813,39.6281
ESP,50-54,97854.919,34.8956
ESP,55-59,96584.999,30.3188
ESP,60-64,94576.896,25.906
ESP,65-69,91654.018,21.6481
ESP,70-74,87541.94,17.541
ESP,75-79,81565.016,13.6313
ESP,80-84,72183.104,10.0526
ESP,85-89,57026.402,7.0129
ESP,90-94,35530.995,4.6889
ESP,95+,14330.272,3.0986
EST,<1,100000.0,79.3087
EST,1-4,99835.799,78.4389
EST,5-9,99773.804,74.4865
EST,10-14,99718.927,69.5263
EST,15-19,99652.38,64.5709
EST,20-24,99462.432,59.6889
EST,25-29,99231.484,54.8219
EST,30-34,98899.635,49.9969
EST,35-39,98387.119,45.2437
EST,40-44,97737.799,40.5272
EST,45-49,96812.997,35.8889
EST,50-54,95432.683,31.3702
EST,55-59,93183.392,27.0616
EST,60-64,89838.617,22.9703
EST,65-69,84901.042,19.1533
EST,70-74,78220.294,15.5654
EST,75-79,69405.136,12.2138
EST,80-84,58084.396,9.082
EST,85-89,42698.871,6.4184
EST,90-94,24264.026,4.3822
EST,95+,8828.946,2.9769
ETH,<1,100000.0,67.6028
ETH,1-4,96811.12,68.8251
ETH,5-9,95683.586,65.614
ETH,10-14,94807.157,61.1998
ETH,15-19,94236.067,56.5555
ETH,20-24,93362.029,52.0594
ETH,25-29,92134.537,47.719
ETH,30-34,90822.74,43.3718
ETH,35-39,89422.683,39.0113
ETH,40-44,87866.801,34.6565
ETH,45-49,85909.598,30.3873
ETH,50-54,83523.565,26.1808
ETH,55-59,80168.79,22.1666
ETH,60-64,75879.673,18.2721
ETH,65-69,69642.386,14.67
ETH,70-74,60736.231,11.4356
ETH,75-79,48592.603,8.6411
ETH,80-84,33687.139,6.3342
ETH,85-89,18385.594,4.5624
ETH,90-94,6992.017,3.248
ETH,95+,1545.386,2.3378
FIN,<1,100000.0,82.0769
FIN,1-4,99829.637,81.2167
FIN,5-9,99774.487,77.2609
FIN,10-14,99754.336,72.276
FIN,15-19,99718.092,67.3012
FIN,20-24,99581.673,62.3893
FIN,25-29,99326.994,57.5427
FIN,30-34,99058.051,52.6921
FIN,35-39,98750.198,47.8484
FIN,40-44,98356.21,43.0295
FIN,45-49,97796.794,38.2604
FIN,50-54,96924.742,33.5804
FIN,55-59,95514.871,29.0367
FIN,60-64,93355.104,24.6465
FIN,65-69,89942.953,20.48
FIN,70-74,84974.421,16.5236
FIN,75-79,77832.94,12.7963
FIN,80-84,67164.45,9.4049
FIN,85-89,51111.184,6.5259
FIN,90-94,29857.265,4.3542
FIN,95+,10852.04,2.8789
FJI,<1,100000.0,67.4625
FJI,1-4,98375.778,67.5744
FJI,5-9,97957.727,63.8561
FJI,10-14,97778.218,58.9691
FJI,15-19,97592.439,54.0763
FJI,20-24,97287.828,49.2371
FJI,25-29,96825.039,44.46
FJI,30-34,96265.299,39.7035
FJI,35-39,95525.908,34.9903
FJI,40-44,94313.904,30.405
FJI,45-49,92339.835,25.9978
FJI,50-54,88941.666,21.8861
FJI,55-59,83200.551,18.2134
FJI,60-64,75456.818,14.8127
FJI,65-69,64248.964,11.939
FJI,70-74,50643.216,9.4605
FJI,75-79,36086.875,7.2638
FJI,80-84,21801.493,5.4089
FJI,85-89,10151.87,3.8987
FJI,90-94,3097.7,2.7412
FJI,95+,484.135,1.8916
FRA,<1,100000.0,83.4582
FRA,1-4,99684.522,82.7218
FRA,5-9,99624.155,78.7711
FRA,10-14,99593.633,73.7945
FRA,15-19,99557.158,68.8205
FRA,20-24,99454.576,63.8885
FRA,25-29,99280.102,58.9963
FRA,30-34,99071.738,54.1149
FRA,35-39,98806.247,49.2533
FRA,40-44,98429.361,44.4318
FRA,45-49,97850.633,39.6785
FRA,50-54,96887.459,35.0462
FRA,55-59,95373.509,30.5601
FRA,60-64,93032.705,26.262
FRA,65-69,89683.883,22.145
FRA,70-74,85384.001,18.1294
FRA,75-79,79607.879,14.254
FRA,80-84,71194.941,10.6228
FRA,85-89,57873.294,7.4487
FRA,90-94,37869.24,5.0018
FRA,95+,16638.55,3.2888
GAB,<1,100000.0,68.5114
GAB,1-4,97331.053,69.3869
GAB,5-9,96365.436,66.0669
GAB,10-14,95988.185,61.3177
GAB,15-19,95684.959,56.5038
GAB,20-24,95159.819,51.8005
GAB,25-29,94397.285,47.198
GAB,30-34,93470.103,42.6406
GAB,35-39,92298.917,38.1486
GAB,40-44,90737.359,33.7601
GAB,45-49,88627.36,29.5015
GAB,50-54,85738.981,25.4067
GAB,55-59,81723.18,21.5263
GAB,60-64,76304.085,17.8688
GAB,65-69,68798.949,14.5317
GAB,70-74,58930.1,11.531
GAB,75-79,46534.013,8.9161
GAB,80-84,32378.959,6.7101
GAB,85-89,18365.61,4.952
GAB,90-94,7624.915,3.6664
GAB,95+,2076.466,2.7413
GBR,<1,100000.0,81.4484
GBR,1-4,99636.406,80.7451
GBR,5-9,99576.58,76.7927
GBR,10-14,99543.496,71.8175
GBR,15-19,99501.813,66.8464
GBR,20-24,99386.725,61.9204
GBR,25-29,99207.729,57.0275
GBR,30-34,98979.851,52.1528
GBR,35-39,98659.348,47.3136
GBR,40-44,98194.195,42.5252
GBR,45-49,97500.681,37.8087
GBR,50-54,96470.066,33.1844
GBR,55-59,94986.037,28.6617
GBR,60-64,92770.479,24.2825
GBR,65-69,89359.801,20.1075
GBR,70-74,84330.494,16.1485
GBR,75-79,76753.65,12.4779
GBR,80-84,65138.721,9.23
GBR,85-89,48508.768,6.4921
GBR,90-94,27985.013,4.3989
GBR,95+,10255.722,2.9768
GEO,<1,100000.0,74.6573
GEO,1-4,99326.73,74.1625
GEO,5-9,99233.034,70.2307
GEO,10-14,99146.883,65.2896
GEO,15-19,99038.557,60.358
GEO,20-24,98796.459,55.4991
GEO,25-29,98417.891,50.7025
GEO,30-34,97953.125,45.9309
GEO,35-39,97371.957,41.1894
GEO,40-44,96471.94,36.5484
GEO,45-49,95032.944,32.0615
GEO,50-54,92891.332,27.7393
GEO,55-59,89638.348,23.6491
GEO,60-64,84958.322,19.8074
GEO,65-69,78668.337,16.1816
GEO,70-74,70214.721,12.816
GEO,75-79,59031.695,9.7444
GEO,80-84,43105.959,7.3822
GEO,85-89,26327.088,5.5189
GEO,90-94,12328.283,4.0844
GEO,95+,3973.916,3.0396
GHA,<1,100000.0,65.6951
GHA,1-4,96996.409,66.7254
GHA,5-9,95989.652,63.4032
GHA,10-14,94717.63,59.2235
GHA,15-19,93940.302,54.6934
GHA,20-24,92845.146,50.3064
GHA,25-29,91358.793,46.0835
GHA,30-34,89762.965,41.8579
GHA,35-39,88048.669,37.6237
GHA,40-44,86142.868,33.3991
GHA,45-49,83813.353,29.2561
GHA,50-54,81041.211,25.1679
GHA,55-59,77274.221,21.2674
GHA,60-64,72503.687,17.4954
GHA,65-69,65753.074,14.0196
GHA,70-74,56379.477,10.915
GHA,75-79,44031.465,8.2485
GHA,80-84,29514.734,6.0592
GHA,85-89,15411.173,4.3788
GHA,90-94,5537.073,3.133
GHA,95+,1141.408,2.2761
GIN,<1,100000.0,60.9044
GIN,1-4,93534.731,64.0984
GIN,5-9,90797.156,61.9776
GIN,10-14,89261.279,58.0068
GIN,15-19,88374.249,53.5642
GIN,20-24,87186.482,49.2574
GIN,25-29,85612.955,45.1159
GIN,30-34,83917.392,40.9764
GIN,35-39,82089.056,36.8328
GIN,40-44,80063.912,32.6996
GIN,45-49,77649.995,28.6366
GIN,50-54,74842.942,24.6135
GIN,55-59,71113.921,20.7674
GIN,60-64,66400.407,17.0568
GIN,65-69,59813.001,13.6443
GIN,70-74,50791.931,10.6031
GIN,75-79,39069.254,8.0085
GIN,80-84,25632.66,5.8838
GIN,85-89,12975.948,4.2657
GIN,90-94,4487.425,3.07
GIN,95+,889.129,2.2439
GMB,<1,100000.0,66.0571
GMB,1-4,97114.242,67.0162
GMB,5-9,95691.056,63.9843
GMB,10-14,94510.56,59.7555
GMB,15-19,93793.151,55.1937
GMB,20-24,92759.659,50.7784
GMB,25-29,91362.027,46.5163
GMB,30-34,89856.246,42.2534
GMB,35-39,88232.721,37.9844
GMB,40-44,86426.102,33.7246
GMB,45-49,84209.983,29.5446
GMB,50-54,81564.644,25.4184
GMB,55-59,77935.035,21.4803
GMB,60-64,73316.062,17.6694
GMB,65-69,66723.332,14.153
GMB,70-74,57485.048,11.0059
GMB,75-79,45146.595,8.3032
GMB,80-84,30443.755,6.0865
GMB,85-89,15982.792,4.3898
GMB,90-94,5763.879,3.1337
GMB,95+,1188.175,2.2832
GNB,<1,100000.0,64.2541
GNB,1-4,95188.436,66.4923
GNB,5-9,93175.114,63.8967
GNB,10-14,92466.234,59.3697
GNB,15-19,91955.362,54.6854
GNB,20-24,91196.566,50.118
GNB,25-29,90141.336,45.6745
GNB,30-34,88910.902,41.2712
GNB,35-39,87439.398,36.9222
GNB,40-44,85588.375,32.6646
GNB,45-49,83227.6,28.5176
GNB,50-54,80188.019,24.4996
GNB,55-59,76109.502,20.6726
GNB,60-64,70769.432,17.0353
GNB,65-69,63471.157,13.6926
GNB,70-74,53768.34,10.6932
GNB,75-79,41240.213,8.1572
GNB,80-84,27090.007,6.1067
GNB,85-89,14052.12,4.5289
GNB,90-94,5202.811,3.3875
GNB,95+,1239.555,2.5631
GNQ,<1,100000.0,63.9064
GNQ,1-4,94820.27,66.3862
GNQ,5-9,93082.597,63.5974
GNQ,10-14,92448.94,59.0182
GNQ,15-19,91979.651,54.3062
GNQ,20-24,91257.606,49.7145
GNQ,25-29,90249.436,45.241
GNQ,30-34,89080.197,40.8013
GNQ,35-39,87674.294,36.4141
GNQ,40-44,85878.216,32.1212
GNQ,45-49,83536.407,27.9487
GNQ,50-54,80438.301,23.9242
GNQ,55-59,76202.592,20.1085
GNQ,60-64,70569.399,16.5046
GNQ,65-69,62810.461,13.2194
GNQ,70-74,52550.494,10.2925
GNQ,75-79,39586.556,7.8203
GNQ,80-84,25307.766,5.8231
GNQ,85-89,12584.852,4.2801
GNQ,90-94,4331.086,3.1742
GNQ,95+,917.319,2.3872
GRC,<1,100000.0,82.0306
GRC,1-4,99710.643,81.2683
GRC,5-9,99662.223,77.3071
GRC,10-14,99642.931,72.3216
GRC,15-19,99620.762,67.3371
GRC,20-24,99564.484,62.3735
GRC,25-29,99458.215,57.4373
GRC,30-34,99319.831,52.5137
GRC,35-39,99123.547,47.6124
GRC,40-44,98829.821,42.746
GRC,45-49,98356.462,37.9387
GRC,50-54,97526.838,33.2381
GRC,55-59,96085.075,28.6964
GRC,60-64,93824.759,24.3237
GRC,65-69,90415.5,20.14
GRC,70-74,85207.182,16.2085
GRC,75-79,77290.227,12.5965
GRC,80-84,65379.97,9.4053
GRC,85-89,48427.587,6.7842
GRC,90-94,28523.485,4.764
GRC,95+,11520.559,3.3306
GRD,<1,100000.0,75.3666
GRD,1-4,98826.689,75.2599
GRD,5-9,98558.405,71.4613
GRD,10-14,98412.847,66.5632
GRD,15-19,98227.13,61.6841
GRD,20-24,97998.326,56.8223
GRD,25-29,97704.59,51.9849
GRD,30-34,97240.539,47.2204
GRD,35-39,96528.29,42.5489
GRD,40-44,95545.364,37.9603
GRD,45-49,94253.559,33.4438
GRD,50-54,92230.102,29.1194
GRD,55-59,89332.31,24.9781
GRD,60-64,84865.117,21.1514
GRD,65-69,78490.727,17.6586
GRD,70-74,70176.729,14.4391
GRD,75-79,59566.656,11.5564
GRD,80-84,47368.481,8.8674
GRD,85-89,32382.246,6.7907
GRD,90-94,18186.926,5.2141
GRD,95+,7912.276,3.9428
GTM,<1,100000.0,72.7459
GTM,1-4,98280.373,73.0168
GTM,5-9,97877.841,69.3105
GTM,10-14,97718.242,64.42
GTM,15-19,97527.711,59.5403
GTM,20-24,96966.793,54.8682
GTM,25-29,96178.41,50.2975
GTM,30-34,95339.499,45.7176
GTM,35-39,94339.531,41.1747
GTM,40-44,93011.214,36.7254
GTM,45-49,91316.74,32.3587
GTM,50-54,89070.41,28.1087
GTM,55-59,86009.482,24.0152
GTM,60-64,81742.211,20.1326
GTM,65-69,76252.175,16.3941
GTM,70-74,68756.121,12.8961
GTM,75-79,59068.788,9.5834
GTM,80-84,45042.129,6.7408
GTM,85-89,26635.949,4.6327
GTM,90-94,10244.218,3.3438
GTM,95+,2395.755,2.4363
GUF,<1,100000.0,77.1842
GUF,1-4,99110.734,76.8755
GUF,5-9,98891.128,73.0434
GUF,10-14,98833.559,68.0846
GUF,15-19,98700.097,63.1725
GUF,20-24,98415.169,58.3477
GUF,25-29,98036.411,53.5634
GUF,30-34,97536.497,48.8247
GUF,35-39,97032.805,44.0651
GUF,40-44,96459.885,39.3109
GUF,45-49,95476.794,34.688
GUF,50-54,94242.58,30.1086
GUF,55-59,92485.679,25.6296
GUF,60-64,90095.131,21.2401
GUF,65-69,86511.803,17.0095
GUF,70-74,80409.038,13.0907
GUF,75-79,69245.727,9.7642
GUF,80-84,51852.65,7.1603
GUF,85-89,31667.943,5.1252
GUF,90-94,13875.25,3.6696
GUF,95+,3819.929,2.6532
GUY,<1,100000.0,70.3191
GUY,1-4,98173.546,70.6252
GUY,5-9,97776.132,66.9065
GUY,10-14,97673.391,61.9745
GUY,15-19,97539.907,57.0554
GUY,20-24,97213.52,52.2375
GUY,25-29,96597.063,47.5536
GUY,30-34,95712.882,42.9689
GUY,35-39,94594.653,38.4462
GUY,40-44,93135.851,34.0072
GUY,45-49,91044.254,29.7278
GUY,50-54,88138.05,25.621
GUY,55-59,83820.069,21.8038
GUY,60-64,77694.929,18.3156
GUY,65-69,69269.765,15.2245
GUY,70-74,58805.473,12.4813
GUY,75-79,47382.77,9.8749
GUY,80-84,34275.416,7.6804
GUY,85-89,20970.032,5.9869
GUY,90-94,10354.241,4.7213
GUY,95+,3963.272,3.7051
HND,<1,100000.0,73.0436
HND,1-4,98743.891,72.9712
HND,5-9,98500.748,69.1469
HND,10-14,98336.434,64.2586
HND,15-19,98175.529,59.3594
HND,20-24,97785.592,54.5849
HND,25-29,97257.086,49.868
HND,30-34,96700.215,45.1405
HND,35-39,96037.363,40.4341
HND,40-44,95139.877,35.7906
HND,45-49,93830.901,31.2528
HND,50-54,91818.137,26.8793
HND,55-59,88765.237,22.7122
HND,60-64,84231.474,18.7918
HND,65-69,77609.996,15.1692
HND,70-74,68173.009,11.9044
HND,75-79,55349.798,9.0576
HND,80-84,39334.354,6.7028
HND,85-89,22552.074,4.8503
HND,90-94,9215.7,3.4984
HND,95+,2326.671,2.5586
HRV,<1,100000.0,78.7509
HRV,1-4,99657.121,78.0214
HRV,5-9,99596.402,74.0679
HRV,10-14,99549.673,69.1016
HRV,15-19,99497.897,64.1361
HRV,20-24,99368.788,59.2155
HRV,25-29,99184.979,54.3206
HRV,30-34,98980.084,49.4276
HRV,35-39,98721.111,44.5504
HRV,40-44,98309.497,39.7257
HRV,45-49,97663.85,34.9707
HRV,50-54,96548.546,30.3429
HRV,55-59,94601.711,25.9119
HRV,60-64,91429.685,21.7177
HRV,65-69,86641.094,17.7697
HRV,70-74,79795.803,14.0685
HRV,75-79,70394.623,10.5946
HRV,80-84,55078.187,7.809
HRV,85-89,35898.066,5.6198
HRV,90-94,17460.526,4.0046
HRV,95+,5500.057,2.872
HTI,<1,100000.0,65.1192
HTI,1-4,95576.254,67.1254
HTI,5-9,94324.481,63.994
HTI,10-14,93722.484,59.3908
HTI,15-19,93244.438,54.682
HTI,20-24,92484.099,50.1093
HTI,25-29,91415.887,45.6649
HTI,30-34,90260.657,41.217
HTI,35-39,88946.281,36.788
HTI,40-44,87331.361,32.4204
HTI,45-49,85226.33,28.1565
HTI,50-54,82359.931,24.0449
HTI,55-59,78347.284,20.1415
HTI,60-64,72765.088,16.4847
HTI,65-69,64982.322,13.1443
HTI,70-74,54514.811,10.1668
HTI,75-79,41168.447,7.6272
HTI,80-84,26142.544,5.5643
HTI,85-89,12540.815,4.0076
HTI,90-94,3976.982,2.825
HTI,95+,659.541,2.1191
HUN,<1,100000.0,77.1814
HUN,1-4,99710.465,76.4051
HUN,5-9,99643.96,72.455
HUN,10-14,99601.099,67.485
HUN,15-19,99552.074,62.5169
HUN,20-24,99431.485,57.5891
HUN,25-29,99255.493,52.6868
HUN,30-34,99032.039,47.7997
HUN,35-39,98715.275,42.9444
HUN,40-44,98233.397,38.1422
HUN,45-49,97448.61,33.4273
HUN,50-54,95893.529,28.9242
HUN,55-59,92974.479,24.7469
HUN,60-64,88251.948,20.929
HUN,65-69,81655.523,17.4076
HUN,70-74,73480.44,14.058
HUN,75-79,63490.309,10.8618
HUN,80-84,50308.507,8.0218
HUN,85-89,33549.704,5.7527
HUN,90-94,16962.903,3.9971
HUN,95+,5332.783,2.809
IDN,<1,100000.0,71.2881
IDN,1-4,98341.522,71.4884
IDN,5-9,98009.441,67.7245
IDN,10-14,97788.109,62.8727
IDN,15-19,97579.117,58.0015
IDN,20-24,97101.51,53.2731
IDN,25-29,96466.219,48.6074
IDN,30-34,95798.056,43.9287
IDN,35-39,95008.624,39.2722
IDN,40-44,93952.567,34.684
IDN,45-49,92444.56,30.2065
IDN,50-54,90168.225,25.9017
IDN,55-59,86763.652,21.8139
IDN,60-64,81744.72,17.9904
IDN,65-69,74512.878,14.4802
IDN,70-74,64429.588,11.3356
IDN,75-79,51087.966,8.6173
IDN,80-84,35127.465,6.378
IDN,85-89,19221.797,4.6278
IDN,90-94,7381.503,3.3642
IDN,95+,1739.27,2.4814
IND,<1,100000.0,72.2353
IND,1-4,97737.268,72.9052
IND,5-9,97180.472,69.315
IND,10-14,96927.407,64.4904
IND,15-19,96735.146,59.6131
IND,20-24,96400.941,54.8107
IND,25-29,95941.32,50.0606
IND,30-34,95369.787,45.3454
IND,35-39,94653.427,40.6686
IND,40-44,93656.118,36.0738
IND,45-49,92253.997,31.5816
IND,50-54,90238.947,27.2281
IND,55-59,87148.653,23.0975
IND,60-64,82288.169,19.306
IND,65-69,75603.401,15.7803
IND,70-74,66223.054,12.6428
IND,75-79,53950.431,9.9316
IND,80-84,39539.937,7.6218
IND,85-89,24563.576,5.761
IND,90-94,12017.729,4.2879
IND,95+,4131.653,3.215
IRL,<1,100000.0,82.5798
IRL,1-4,99736.614,81.7975
IRL,5-9,99676.103,77.8464
IRL,10-14,99654.372,72.8629
IRL,15-19,99625.319,67.8833
IRL,20-24,99529.948,62.9455
IRL,25-29,99349.397,58.0551
IRL,30-34,99133.798,53.176
IRL,35-39,98878.337,48.3066
IRL,40-44,98557.312,43.4554
IRL,45-49,98073.225,38.6567
IRL,50-54,97318.567,33.9356
IRL,55-59,96111.295,29.328
IRL,60-64,94229.694,24.8604
IRL,65-69,91332.976,20.5636
IRL,70-74,86773.719,16.5033
IRL,75-79,79646.06,12.7403
IRL,80-84,68259.143,9.4172
IRL,85-89,51516.018,6.625
IRL,90-94,30506.348,4.43
IRL,95+,11313.374,2.9506
IRN,<1,100000.0,77.8539
IRN,1-4,99085.461,77.5713
IRN,5-9,98912.531,73.704
IRN,10-14,98725.764,68.8392
IRN,15-19,98557.008,63.9522
IRN,20-24,98183.355,59.1853
IRN,25-29,97734.539,54.4457
IRN,30-34,97290.013,49.6829
IRN,35-39,96800.406,44.9214
IRN,40-44,96229.789,40.1724
IRN,45-49,95485.74,35.465
IRN,50-54,94435.453,30.8299
IRN,55-59,92861.083,26.3074
IRN,60-64,90444.442,21.9389
IRN,65-69,86918.121,17.7225
IRN,70-74,81720.738,13.678
IRN,75-79,72535.602,10.0631
IRN,80-84,56421.594,7.1666
IRN,85-89,34496.443,5.1072
IRN,90-94,15061.121,3.6487
IRN,95+,4131.333,2.5797
IRQ,<1,100000.0,72.4238
IRQ,1-4,98132.903,72.7999
IRQ,5-9,97756.292,69.0736
IRQ,10-14,97534.064,64.2258
IRQ,15-19,97349.893,59.3424
IRQ,20-24,97010.892,54.5401
IRQ,25-29,96528.893,49.7997
IRQ,30-34,96011.819,45.0543
IRQ,35-39,95413.497,40.3206
IRQ,40-44,94635.392,35.6306
IRQ,45-49,93501.784,31.0301
IRQ,50-54,91700.387,26.587
IRQ,55-59,88905.951,22.3386
IRQ,60-64,84582.311,18.3441
IRQ,65-69,78126.291,14.6404
IRQ,70-74,68510.406,11.3225
IRQ,75-79,54956.024,8.4698
IRQ,80-84,37902.207,6.1261
IRQ,85-89,20147.101,4.3619
IRQ,90-94,7231.167,3.0776
IRQ,95+,1441.221,2.1832
ISL,<1,100000.0,83.0132
ISL,1-4,99875.511,82.1165
ISL,5-9,99837.412,78.1472
ISL,10-14,99818.322,73.1617
ISL,15-19,99780.853,68.188
ISL,20-24,99670.369,63.2605
ISL,25-29,99495.144,58.3673
ISL,30-34,99288.927,53.4832
ISL,35-39,98993.538,48.6349
ISL,40-44,98672.685,43.7849
ISL,45-49,98262.12,38.9568
ISL,50-54,97686.723,34.1704
ISL,55-59,96724.176,29.4835
ISL,60-64,95090.358,24.9435
ISL,65-69,92490.439,20.5697
ISL,70-74,88298.09,16.418
ISL,75-79,81458.185,12.5687
ISL,80-84,70226.413,9.1497
ISL,85-89,52627.737,6.3182
ISL,90-94,29723.84,4.2363
ISL,95+,10333.469,2.8416
ISR,<1,100000.0,82.7268
ISR,1-4,99706.077,81.9702
ISR,5-9,99630.21,78.0314
ISR,10-14,99587.366,73.064
ISR,15-19,99539.1,68.0981
ISR,20-24,99415.371,63.1793
ISR,25-29,99250.393,58.2802
ISR,30-34,99068.738,53.3823
ISR,35-39,98848.684,48.4954
ISR,40-44,98561.336,43.6291
ISR,45-49,98109.123,38.8178
ISR,50-54,97388.202,34.0851
ISR,55-59,96115.793,29.5004
ISR,60-64,94146.858,25.0618
ISR,65-69,91093.122,20.812
ISR,70-74,86401.842,16.7976
ISR,75-79,79284.85,13.065
ISR,80-84,68040.885,9.7817
ISR,85-89,51614.246,7.0582
ISR,90-94,30960.837,5.0725
ISR,95+,13402.171,3.6782
ITA,<1,100000.0,83.8691
ITA,1-4,99777.948,83.0554
ITA,5-9,99735.893,79.0898
ITA,10-14,99709.356,74.1102
ITA,15-19,99674.962,69.1348
ITA,20-24,99587.877,64.1928
ITA,25-29,99462.827,59.2703
ITA,30-34,99323.414,54.35
ITA,35-39,99153.149,49.4388
ITA,40-44,98909.764,44.5539
ITA,45-49,98521.647,39.7188
ITA,50-54,97879.995,34.9615
ITA,55-59,96835.315,30.3097
ITA,60-64,95158.991,25.7963
ITA,65-69,92550.662,21.448
ITA,70-74,88571.314,17.2919
ITA,75-79,82361.081,13.3934
ITA,80-84,72642.916,9.8258
ITA,85-89,56832.27,6.8122
ITA,90-94,34448.464,4.5611
ITA,95+,13381.852,3.0245
JAM,<1,100000.0,71.6061
JAM,1-4,98457.032,71.7265
JAM,5-9,98114.987,67.971
JAM,10-14,97948.103,63.0829
JAM,15-19,97793.569,58.1784
JAM,20-24,97439.383,53.3796
JAM,25-29,96899.289,48.6628
JAM,30-34,96271.26,43.9635
JAM,35-39,95493.919,39.3001
JAM,40-44,94429.979,34.7132
JAM,45-49,92882.386,30.2473
JAM,50-54,90552.803,25.9569
JAM,55-59,87073.041,21.8883
JAM,60-64,82056.862,18.0647
JAM,65-69,74870.278,14.5455
JAM,70-74,64913.66,11.3742
JAM,75-79,51647.89,8.6276
JAM,80-84,35661.18,6.3538
JAM,85-89,19467.245,4.5976
JAM,90-94,7428.32,3.3279
JAM,95+,1715.119,2.4482
JOR,<1,100000.0,77.9812
JOR,1-4,98857.46,77.8816
JOR,5-9,98667.071,74.0286
JOR,10-14,98568.072,69.1007
JOR,15-19,98485.608,64.1563
JOR,20-24,98330.379,59.2533
JOR,25-29,98112.488,54.3792
JOR,30-34,97880.475,49.5021
JOR,35-39,97609.027,44.6326
JOR,40-44,97244.874,39.7898
JOR,45-49,96685.086,35.0045
JOR,50-54,95718.179,30.3307
JOR,55-59,94107.852,25.8034
JOR,60-64,91379.922,21.4932
JOR,65-69,87074.905,17.4233
JOR,70-74,80090.459,13.7076
JOR,75-79,69195.907,10.4476
JOR,80-84,53794.87,7.6876
JOR,85-89,34557.914,5.551
JOR,90-94,16550.536,3.9798
JOR,95+,5161.056,2.8695
JPN,<1,100000.0,84.852
JPN,1-4,99833.553,83.9933
JPN,5-9,99767.644,80.0478
JPN,10-14,99735.683,75.0727
JPN,15-19,99698.799,70.0994
JPN,20-24,99609.069,65.16
JPN,25-29,99452.385,60.2586
JPN,30-34,99280.167,55.3587
JPN,35-39,99068.351,50.4715
JPN,40-44,98785.635,45.6085
JPN,45-49,98358.323,40.795
JPN,50-54,97669.224,36.0638
JPN,55-59,96578.618,31.4408
JPN,60-64,94925.104,26.9421
JPN,65-69,92408.253,22.6032
JPN,70-74,88556.958,18.4701
JPN,75-79,82846.483,14.5604
JPN,80-84,74204.765,10.9436
JPN,85-89,60413.018,7.8299
JPN,90-94,40619.386,5.3785
JPN,95+,19375.453,3.5933
KAZ,<1,100000.0,74.5314
KAZ,1-4,99330.903,74.0325
KAZ,5-9,99208.759,70.1217
KAZ,10-14,99095.021,65.1996
KAZ,15-19,98977.182,60.2738
KAZ,20-24,98711.473,55.4286
KAZ,25-29,98295.653,50.6521
KAZ,30-34,97732.887,45.9285
KAZ,35-39,96876.46,41.3108
KAZ,40-44,95574.286,36.8377
KAZ,45-49,93836.066,32.472
KAZ,50-54,91575.433,28.2089
KAZ,55-59,88464.533,24.1084
KAZ,60-64,84116.179,20.2183
KAZ,65-69,78048.705,16.5862
KAZ,70-74,69897.977,13.2151
KAZ,75-79,58964.385,10.1808
KAZ,80-84,44946.922,7.5482
KAZ,85-89,28646.069,5.406
KAZ,90-94,13455.235,3.7946
KAZ,95+,3898.254,2.6891
KEN,<1,100000.0,63.8344
KEN,1-4,97096.412,64.7395
KEN,5-9,95985.861,61.4709
KEN,10-14,95550.378,56.7407
KEN,15-19,95170.643,51.9566
KEN,20-24,94441.339,47.3363
KEN,25-29,93235.706,42.9142
KEN,30-34,91544.028,38.6587
KEN,35-39,89283.28,34.5714
KEN,40-44,86292.414,30.6795
KEN,45-49,82546.273,26.9547
KEN,50-54,77899.602,23.4082
KEN,55-59,72182.888,20.0584
KEN,60-64,65318.311,16.8956
KEN,65-69,56816.734,14.0372
KEN,70-74,46955.936,11.4538
KEN,75-79,36256.829,9.0877
KEN,80-84,25254.397,6.9637
KEN,85-89,14791.691,5.1396
KEN,90-94,6422.721,3.7925
KEN,95+,1846.628,2.8256
KGZ,<1,100000.0,71.8238
KGZ,1-4,98789.047,71.7026
KGZ,5-9,98538.95,67.8807
KGZ,10-14,98433.794,62.9506
KGZ,15-19,98278.171,58.0459
KGZ,20-24,98027.644,53.1875
KGZ,25-29,97678.789,48.3682
KGZ,30-34,97229.217,43.5797
KGZ,35-39,96522.682,38.8787
KGZ,40-44,95293.84,34.3454
KGZ,45-49,93474.84,29.9623
KGZ,50-54,90892.191,25.739
KGZ,55-59,87407.212,21.6606
KGZ,60-64,82420.428,17.8102
KGZ,65-69,75187.931,14.2701
KGZ,70-74,65236.243,11.0447
KGZ,75-79,51279.745,8.3396
KGZ,80-84,34877.035,6.0726
KGZ,85-89,18720.3,4.1998
KGZ,90-94,6498.672,2.7577
KGZ,95+,1020.724,1.7451
KHM,<1,100000.0,70.8171
KHM,1-4,98136.798,71.1598
KHM,5-9,97777.014,67.4136
KHM,10-14,97168.712,62.8204
KHM,15-19,96734.898,58.091
KHM,20-24,96003.554,53.5124
KHM,25-29,94975.646,49.0641
KHM,30-34,93880.033,44.6072
KHM,35-39,92700.753,40.1426
KHM,40-44,91382.895,35.6842
KHM,45-49,89680.321,31.3125
KHM,50-54,87552.686,27.0096
KHM,55-59,84438.601,22.9086
KHM,60-64,80416.862,18.9237
KHM,65-69,74444.837,15.2273
KHM,70-74,65802.401,11.8813
KHM,75-79,53687.951,8.9696
KHM,80-84,38195.854,6.5653
KHM,85-89,21547.088,4.7232
KHM,90-94,8570.548,3.3746
KHM,95+,2038.88,2.3742
KOR,<1,100000.0,84.4336
KOR,1-4,99803.216,83.5998
KOR,5-9,99744.497,79.648
KOR,10-14,99706.678,74.6774
KOR,15-19,99680.347,69.6964
KOR,20-24,99633.378,64.728
KOR,25-29,99569.188,59.7681
KOR,30-34,99492.941,54.8119
KOR,35-39,99380.981,49.8706
KOR,40-44,99194.426,44.9593
KOR,45-49,98874.279,40.0961
KOR,50-54,98336.343,35.3006
KOR,55-59,97472.17,30.5897
KOR,60-64,95965.627,26.0272
KOR,65-69,93358.245,21.6779
KOR,70-74,88644.392,17.6881
KOR,75-79,82141.86,13.8781
KOR,80-84,71267.147,10.585
KOR,85-89,55783.797,7.7975
KOR,90-94,36412.785,5.5877
KOR,95+,17677.946,3.9517
LAO,<1,100000.0,69.2245
LAO,1-4,96968.612,70.3845
LAO,5-9,96275.64,66.879
LAO,10-14,95932.607,62.1102
LAO,15-19,95652.465,57.2844
LAO,20-24,95172.042,52.5598
LAO,25-29,94497.382,47.9168
LAO,30-34,93771.27,43.2683
LAO,35-39,92932.845,38.6353
LAO,40-44,91853.638,34.0585
LAO,45-49,90340.891,29.5844
LAO,50-54,88078.265,25.276
LAO,55-59,84708.903,21.1757
LAO,60-64,79728.866,17.3325
LAO,65-69,72490.685,13.799
LAO,70-74,62145.95,10.6573
LAO,75-79,48260.76,7.9765
LAO,80-84,31830.926,5.7839
LAO,85-89,15949.456,4.1306
LAO,90-94,5289.526,2.9261
LAO,95+,950.082,2.1003
LBN,<1,100000.0,77.9453
LBN,1-4,98464.187,78.1597
LBN,5-9,98187.239,74.3757
LBN,10-14,98085.062,69.4509
LBN,15-19,98002.197,64.5074
LBN,20-24,97841.104,59.609
LBN,25-29,97605.114,54.747
LBN,30-34,97357.399,49.8799
LBN,35-39,97076.862,45.0166
LBN,40-44,96708.36,40.1781
LBN,45-49,96157.184,35.393
LBN,50-54,95230.874,30.7109
LBN,55-59,93715.523,26.1638
LBN,60-64,91171.466,21.8186
LBN,65-69,87137.56,17.7046
LBN,70-74,80508.622,13.9394
LBN,75-79,69907.818,10.6494
LBN,80-84,54877.89,7.8484
LBN,85-89,35902.218,5.6454
LBN,90-94,17617.531,4.0049
LBN,95+,5579.826,2.7978
LBR,<1,100000.0,62.3238
LBR,1-4,94494.849,64.9421
LBR,5-9,92993.84,61.9658
LBR,10-14,92405.102,57.3463
LBR,15-19,91936.101,52.6256
LBR,20-24,91152.702,48.0544
LBR,25-29,90035.475,43.6187
LBR,30-34,88704.194,39.2347
LBR,35-39,87075.749,34.92
LBR,40-44,84984.85,30.7151
LBR,45-49,82269.004,26.6432
LBR,50-54,78693.77,22.7348
LBR,55-59,73895.214,19.0417
LBR,60-64,67633.564,15.563
LBR,65-69,59248.511,12.3958
LBR,70-74,48438.378,9.5838
LBR,75-79,35175.379,7.2324
LBR,80-84,21206.207,5.3653
LBR,85-89,9664.503,3.9476
LBR,90-94,2956.238,2.9425
LBR,95+,540.568,2.2315
LBY,<1,100000.0,71.1211
LBY,1-4,98786.536,70.9932
LBY,5-9,98515.543,67.1835
LBY,10-14,98326.736,62.3081
LBY,15-19,98141.198,57.4206
LBY,20-24,97642.924,52.6991
LBY,25-29,96898.695,48.0845
LBY,30-34,96113.64,43.4566
LBY,35-39,95223.406,38.8388
LBY,40-44,94079.764,34.2791
LBY,45-49,92474.822,29.828
LBY,50-54,90083.915,25.549
LBY,55-59,86545.0,21.4853
LBY,60-64,81392.936,17.6777
LBY,65-69,74040.568,14.1712
LBY,70-74,63844.521,11.0158
LBY,75-79,50404.705,8.2594
LBY,80-84,34170.76,5.9727
LBY,85-89,17804.767,4.2164
LBY,90-94,6098.677,2.9485
LBY,95+,1114.349,2.0894
LKA,<1,100000.0,77.6725
LKA,1-4,99502.18,77.0604
LKA,5-9,99379.606,73.1535
LKA,10-14,99315.935,68.1988
LKA,15-19,99242.153,63.2475
LKA,20-24,99096.638,58.3363
LKA,25-29,98860.505,53.4694
LKA,30-34,98566.196,48.6214
LKA,35-39,98169.354,43.8072
LKA,40-44,97565.334,39.0619
LKA,45-49,96657.528,34.4037
LKA,50-54,95268.857,29.8662
LKA,55-59,93135.166,25.4894
LKA,60-64,89904.198,21.3095
LKA,65-69,84973.078,17.3914
LKA,70-74,77627.278,13.7863
LKA,75-79,67063.916,10.5418
LKA,80-84,52393.259,7.7609
LKA,85-89,34199.278,5.5338
LKA,90-94,16539.077,3.8578
LKA,95+,4931.881,2.7049
LSO,<1,100000.0,57.7976
LSO,1-4,94538.709,60.1241
LSO,5-9,93075.401,57.0453
LSO,10-14,92489.121,52.3924
LSO,15-19,91967.956,47.6743
LSO,20-24,90969.853,43.1669
LSO,25-29,89293.639,38.9272
LSO,30-34,86885.894,34.9331
LSO,35-39,83671.715,31.1749
LSO,40-44,79522.993,27.6664
LSO,45-49,74559.068,24.3379
LSO,50-54,68707.031,21.1922
LSO,55-59,61925.665,18.2342
LSO,60-64,54334.217,15.4258
LSO,65-69,45537.595,12.9112
LSO,70-74,35987.487,10.6748
LSO,75-79,26605.668,8.5632
LSO,80-84,17863.205,6.553
LSO,85-89,9985.784,4.7834
LSO,90-94,3991.915,3.4984
LSO,95+,1005.931,2.5942
LTU,<1,100000.0,76.1674
LTU,1-4,99691.16,75.403
LTU,5-9,99624.261,71.4525
LTU,10-14,99569.187,66.4906
LTU,15-19,99484.694,61.5445
LTU,20-24,99269.67,56.6715
LTU,25-29,98951.648,51.8453
LTU,30-34,98452.055,47.0945
LTU,35-39,97665.55,42.4518
LTU,40-44,96481.385,37.9399
LTU,45-49,94848.216,33.5479
LTU,50-54,92581.876,29.305
LTU,55-59,89491.817,25.2255
LTU,60-64,85280.272,21.3415
LTU,65-69,79264.646,17.762
LTU,70-74,71407.463,14.4343
LTU,75-79,61925.486,11.2485
LTU,80-84,50163.996,8.2795
LTU,85-89,34927.111,5.7619
LTU,90-94,17855.366,3.9085
LTU,95+,5437.137,2.6559
LUX,<1,100000.0,82.3606
LUX,1-4,99714.339,81.5961
LUX,5-9,99631.572,77.6628
LUX,10-14,99567.109,72.7112
LUX,15-19,99471.591,67.7784
LUX,20-24,99315.78,62.8804
LUX,25-29,99135.814,57.9902
LUX,30-34,98936.047,53.1018
LUX,35-39,98692.956,48.2266
LUX,40-44,98438.398,43.3444
LUX,45-49,98040.527,38.5093
LUX,50-54,97310.268,33.7778
LUX,55-59,96057.008,29.1834
LUX,60-64,94048.447,24.749
LUX,65-69,90845.968,20.5276
LUX,70-74,85993.922,16.5351
LUX,75-79,78769.024,12.8075
LUX,80-84,68090.204,9.4007
LUX,85-89,51653.955,6.5429
LUX,90-94,30079.903,4.4116
LUX,95+,11102.738,2.9536
LVA,<1,100000.0,76.3301
LVA,1-4,99725.593,75.5397
LVA,5-9,99657.622,71.5901
LVA,10-14,99600.225,66.6299
LVA,15-19,99528.759,61.6758
LVA,20-24,99312.434,56.8035
LVA,25-29,98968.998,51.9916
LVA,30-34,98491.38,47.2309
LVA,35-39,97741.361,42.5724
LVA,40-44,96678.435,38.0111
LVA,45-49,95106.52,33.5959
LVA,50-54,92993.641,29.2996
LVA,55-59,89907.102,25.2136
LVA,60-64,85578.881,21.3565
LVA,65-69,79674.001,17.7441
LVA,70-74,71897.522,14.383
LVA,75-79,62164.705,11.2292
LVA,80-84,50138.463,8.3034
LVA,85-89,34716.527,5.8445
LVA,90-94,17971.853,3.9794
LVA,95+,5657.421,2.7234
MAR,<1,100000.0,75.493
MAR,1-4,98619.073,75.549
MAR,5-9,98365.206,71.7394
MAR,10-14,98200.195,66.8561
MAR,15-19,98060.209,61.9478
MAR,20-24,97823.752,57.091
MAR,25-29,97502.831,52.2705
MAR,30-34,97162.815,47.4446
MAR,35-39,96767.366,42.6279
MAR,40-44,96247.538,37.8439
MAR,45-49,95469.549,33.1304
MAR,50-54,94175.322,28.5486
MAR,55-59,92085.56,24.1354
MAR,60-64,88685.933,19.9576
MAR,65-69,83405.437,16.0517
MAR,70-74,75070.786,12.5363
MAR,75-79,62719.992,9.4863
MAR,80-84,46351.984,6.9206
MAR,85-89,27501.9,4.9453
MAR,90-94,11557.671,3.5251
MAR,95+,2955.026,2.5632
MDA,<1,100000.0,71.3322
MDA,1-4,99015.537,71.0401
MDA,5-9,98820.734,67.1769
MDA,10-14,98718.271,62.2441
MDA,15-19,98587.533,57.323
MDA,20-24,98344.451,52.458
MDA,25-29,97991.557,47.6375
MDA,30-34,97477.749,42.8745
MDA,35-39,96664.011,38.2127
MDA,40-44,95268.155,33.733
MDA,45-49,93138.403,29.4438
MDA,50-54,90069.648,25.3568
MDA,55-59,85744.297,21.5032
MDA,60-64,79749.988,17.9214
MDA,65-69,71596.772,14.6666
MDA,70-74,61642.232,11.6179
MDA,75-79,48754.243,9.0001
MDA,80-84,33624.178,6.9168
MDA,85-89,19261.746,5.2577
MDA,90-94,8498.876,3.9667
MDA,95+,2604.287,3.0185
MDG,<1,100000.0,63.8346
MDG,1-4,95583.19,65.7765
MDG,5-9,93564.269,63.1564
MDG,10-14,92254.819,59.0217
MDG,15-19,91474.094,54.5043
MDG,20-24,90382.361,50.13
MDG,25-29,88909.263,45.9184
MDG,30-34,87323.514,41.7064
MDG,35-39,85616.692,37.4874
MDG,40-44,83722.099,33.2776
MDG,45-49,81423.337,29.1447
MDG,50-54,78701.239,25.0629
MDG,55-59,75009.041,21.168
MDG,60-64,70327.408,17.4037
MDG,65-69,63706.26,13.9372
MDG,70-74,54531.749,10.8414
MDG,75-79,42446.728,8.1896
MDG,80-84,28323.1,6.0107
MDG,85-89,14673.886,4.3427
MDG,90-94,5212.054,3.1068
MDG,95+,1057.341,2.2561
MEX,<1,100000.0,75.2645
MEX,1-4,98966.175,75.0494
MEX,5-9,98752.177,71.2084
MEX,10-14,98646.594,66.2821
MEX,15-19,98502.058,61.3752
MEX,20-24,98079.834,56.627
MEX,25-29,97370.456,52.0207
MEX,30-34,96511.331,47.461
MEX,35-39,95565.427,42.9056
MEX,40-44,94441.17,38.3856
MEX,45-49,92998.554,33.9406
MEX,50-54,91071.193,29.6033
MEX,55-59,88377.878,25.425
MEX,60-64,84487.327,21.4739
MEX,65-69,79114.327,17.7549
MEX,70-74,72024.908,14.2448
MEX,75-79,62368.054,11.0451
MEX,80-84,49384.844,8.2619
MEX,85-89,33331.689,6.0112
MEX,90-94,17260.887,4.3422
MEX,95+,6150.231,3.0996
MKD,<1,100000.0,77.5397
MKD,1-4,99392.012,77.0131
MKD,5-9,99309.399,73.0756
MKD,10-14,99251.919,68.1165
MKD,15-19,99175.883,63.1665
MKD,20-24,99057.525,58.2389
MKD,25-29,98910.097,53.3219
MKD,30-34,98717.336,48.421
MKD,35-39,98479.165,43.5318
MKD,40-44,98099.7,38.6897
MKD,45-49,97468.911,33.9224
MKD,50-54,96373.784,29.2773
MKD,55-59,94455.866,24.8163
MKD,60-64,91175.409,20.6119
MKD,65-69,85998.478,16.6916
MKD,70-74,78313.879,13.0716
MKD,75-79,67162.675,9.7969
MKD,80-84,50325.433,7.203
MKD,85-89,30735.349,5.1923
MKD,90-94,13651.671,3.7242
MKD,95+,3831.474,2.7008
MLI,<1,100000.0,60.6745
MLI,1-4,94006.311,63.5293
MLI,5-9,90779.97,61.7306
MLI,10-14,89646.286,57.4849
MLI,15-19,88960.584,52.9083
MLI,20-24,87910.708,48.5078
MLI,25-29,86423.825,44.2984
MLI,30-34,84867.119,40.0648
MLI,35-39,83183.358,35.8244
MLI,40-44,81293.846,31.5975
MLI,45-49,79008.552,27.4369
MLI,50-54,76209.463,23.3491
MLI,55-59,72418.91,19.434
MLI,60-64,67302.647,15.7113
MLI,65-69,59968.013,12.31
MLI,70-74,49913.989,9.2614
MLI,75-79,36475.894,6.7173
MLI,80-84,21280.843,4.7264
MLI,85-89,8536.719,3.2945
MLI,90-94,1947.504,2.2528
MLI,95+,184.889,1.6867
MLT,<1,100000.0,83.4666
MLT,1-4,99538.263,82.8531
MLT,5-9,99454.815,78.9213
MLT,10-14,99386.491,73.9738
MLT,15-19,99308.806,69.0294
MLT,20-24,99202.519,64.1003
MLT,25-29,99056.812,59.1909
MLT,30-34,98921.005,54.2686
MLT,35-39,98689.456,49.3894
MLT,40-44,98405.746,44.524
MLT,45-49,97968.084,39.7111
MLT,50-54,97274.747,34.9749
MLT,55-59,96197.956,30.3365
MLT,60-64,94415.246,25.8595
MLT,65-69,91659.895,21.5553
MLT,70-74,87459.014,17.4615
MLT,75-79,80807.11,13.68
MLT,80-84,69704.799,10.4338
MLT,85-89,53857.072,7.7349
MLT,90-94,34694.218,5.6076
MLT,95+,16827.302,4.006
MMR,<1,100000.0,67.0952
MMR,1-4,96672.129,68.4002
MMR,5-9,95863.439,64.9623
MMR,10-14,95351.097,60.2991
MMR,15-19,94937.015,55.5508
MMR,20-24,94269.978,50.9246
MMR,25-29,93326.704,46.4135
MMR,30-34,92306.965,41.8983
MMR,35-39,91139.636,37.4019
MMR,40-44,89680.39,32.9682
MMR,45-49,87738.288,28.6398
MMR,50-54,85030.349,24.4679
MMR,55-59,81173.335,20.505
MMR,60-64,75718.371,16.7922
MMR,65-69,68026.484,13.3933
MMR,70-74,57526.156,10.3602
MMR,75-79,43923.388,7.7684
MMR,80-84,28318.37,5.6576
MMR,85-89,13850.724,4.0599
MMR,90-94,4487.419,2.8433
MMR,95+,754.817,2.1081
MNE,<1,100000.0,77.2537
MNE,1-4,99811.022,76.3997
MNE,5-9,99664.935,72.509
MNE,10-14,99557.852,67.5843
MNE,15-19,99439.83,62.6612
MNE,20-24,99272.217,57.7623
MNE,25-29,99013.683,52.9064
MNE,30-34,98713.237,48.0597
MNE,35-39,98372.905,43.2169
MNE,40-44,97853.701,38.4315
MNE,45-49,97048.944,33.7283
MNE,50-54,95576.796,29.2068
MNE,55-59,93435.899,24.8141
MNE,60-64,89591.506,20.7642
MNE,65-69,84078.346,16.9522
MNE,70-74,75953.255,13.4831
MNE,75-79,64714.351,10.3624
MNE,80-84,49204.093,7.8124
MNE,85-89,31514.544,5.7855
MNE,90-94,15552.761,4.2639
MNE,95+,5324.278,3.1549
MNG,<1,100000.0,71.985
MNG,1-4,99083.335,71.6497
MNG,5-9,98872.256,67.7991
MNG,10-14,98753.693,62.8777
MNG,15-19,98606.62,57.9673
MNG,20-24,98293.039,53.1434
MNG,25-29,97839.631,48.3778
MNG,30-34,97265.917,43.6477
MNG,35-39,96425.551,39.0047
MNG,40-44,95112.172,34.5064
MNG,45-49,93118.68,30.188
MNG,50-54,90111.202,26.1072
MNG,55-59,85925.626,22.2509
MNG,60-64,80248.529,18.6406
MNG,65-69,73070.907,15.2169
MNG,70-74,63661.604,12.08
MNG,75-79,51597.368,9.3001
MNG,80-84,37174.576,6.9146
MNG,85-89,21828.168,5.0328
MNG,90-94,9371.545,3.6055
MNG,95+,2518.533,2.5379
MOZ,<1,100000.0,63.797
MOZ,1-4,95126.937,66.0552
MOZ,5-9,93698.143,63.0392
MOZ,10-14,93144.264,58.4008
MOZ,15-19,92711.044,53.6616
MOZ,20-24,91995.685,49.0577
MOZ,25-29,90968.009,44.5827
MOZ,30-34,89737.004,40.159
MOZ,35-39,88226.428,35.8022
MOZ,40-44,86291.236,31.5468
MOZ,45-49,83793.39,27.4097
MOZ,50-54,80535.876,23.4125
MOZ,55-59,76084.189,19.6293
MOZ,60-64,70286.733,16.034
MOZ,65-69,62776.698,12.641
MOZ,70-74,52666.23,9.5609
MOZ,75-79,38705.577,7.0723
MOZ,80-84,22968.814,5.2109
MOZ,85-89,10065.933,3.8856
MOZ,90-94,2991.802,2.9602
MOZ,95+,554.851,2.2923
MRT,<1,100000.0,68.7135
MRT,1-4,97036.724,69.808
MRT,5-9,96339.157,66.3011
MRT,10-14,95992.473,61.5326
MRT,15-19,95703.79,56.7102
MRT,20-24,95140.102,52.0299
MRT,25-29,94417.93,47.4088
MRT,30-34,93669.99,42.767
MRT,35-39,92794.701,38.146
MRT,40-44,91637.033,33.5948
MRT,45-49,90015.054,29.1524
MRT,50-54,87620.725,24.8763
MRT,55-59,84067.364,20.8156
MRT,60-64,78850.907,17.0172
MRT,65-69,71225.654,13.5557
MRT,70-74,60518.435,10.4895
MRT,75-79,46361.49,7.9004
MRT,80-84,30020.03,5.8316
MRT,85-89,15033.104,4.2414
MRT,90-94,5108.552,3.1283
MRT,95+,1053.374,2.3357
MUS,<1,100000.0,75.1022
MUS,1-4,98829.357,74.9903
MUS,5-9,98662.779,71.1142
MUS,10-14,98587.854,66.1665
MUS,15-19,98491.177,61.2286
MUS,20-24,98211.972,56.3945
MUS,25-29,97772.33,51.6365
MUS,30-34,97208.814,46.9208
MUS,35-39,96505.361,42.2437
MUS,40-44,95447.882,37.6822
MUS,45-49,93977.557,33.2307
MUS,50-54,91833.12,28.9445
MUS,55-59,88778.787,24.8502
MUS,60-64,84701.659,20.9199
MUS,65-69,78787.226,17.2908
MUS,70-74,70491.797,14.0186
MUS,75-79,59913.722,11.0345
MUS,80-84,46536.145,8.4681
MUS,85-89,31608.374,6.2706
MUS,90-94,16797.595,4.6546
MUS,95+,6480.309,3.4291
MWI,<1,100000.0,67.5608
MWI,1-4,97124.765,68.5572
MWI,5-9,96179.097,65.2161
MWI,10-14,95772.204,60.4835
MWI,15-19,95445.221,55.6818
MWI,20-24,94882.774,50.9956
MWI,25-29,94063.94,46.417
MWI,30-34,93060.766,41.8895
MWI,35-39,91799.701,37.4292
MWI,40-44,90133.873,33.0726
MWI,45-49,87865.44,28.8587
MWI,50-54,84712.132,24.8349
MWI,55-59,80425.263,21.0198
MWI,60-64,74845.454,17.392
MWI,65-69,67153.56,14.0831
MWI,70-74,56966.634,11.1374
MWI,75-79,44240.416,8.6016
MWI,80-84,30005.746,6.4887
MWI,85-89,16467.498,4.8134
MWI,90-94,6589.315,3.5908
MWI,95+,1734.356,2.7038
MYS,<1,100000.0,76.821
MYS,1-4,99494.036,76.2109
MYS,5-9,99378.546,72.2974
MYS,10-14,99290.576,67.3593
MYS,15-19,99175.565,62.4341
MYS,20-24,98880.978,57.6119
MYS,25-29,98541.279,52.8021
MYS,30-34,98191.303,47.981
MYS,35-39,97683.38,43.2166
MYS,40-44,96927.615,38.5329
MYS,45-49,95789.88,33.959
MYS,50-54,94107.235,29.5186
MYS,55-59,91498.245,25.2839
MYS,60-64,87660.163,21.2758
MYS,65-69,82293.826,17.4901
MYS,70-74,74516.263,14.0425
MYS,75-79,64026.959,10.9069
MYS,80-84,48475.682,8.5756
MYS,85-89,32854.69,6.4768
MYS,90-94,17925.088,4.8303
MYS,95+,7212.202,3.6049
NAM,<1,100000.0,67.5155
NAM,1-4,97325.42,68.3677
NAM,5-9,96373.086,65.0281
NAM,10-14,95992.515,60.277
NAM,15-19,95673.54,55.4692
NAM,20-24,95085.88,50.7949
NAM,25-29,94182.416,46.2571
NAM,30-34,93023.527,41.8011
NAM,35-39,91531.122,37.4401
NAM,40-44,89541.692,33.2139
NAM,45-49,86920.37,29.137
NAM,50-54,83444.363,25.2418
NAM,55-59,78862.643,21.5573
NAM,60-64,73005.47,18.0778
NAM,65-69,65289.27,14.906
NAM,70-74,55573.395,12.0628
NAM,75-79,44028.855,9.5555
NAM,80-84,31377.742,7.396
NAM,85-89,18966.848,5.6146
NAM,90-94,8929.66,4.2902
NAM,95+,3061.312,3.2706
NER,<1,100000.0,61.4328
NER,1-4,93674.368,64.566
NER,5-9,88627.616,64.1689
NER,10-14,87889.261,59.6913
NER,15-19,87390.92,55.0167
NER,20-24,86641.992,50.4692
NER,25-29,85584.581,46.0609
NER,30-34,84456.178,41.6427
NER,35-39,83184.924,37.24
NER,40-44,81718.802,32.862
NER,45-49,79862.843,28.5653
NER,50-54,77491.507,24.3594
NER,55-59,74170.106,20.3322
NER,60-64,69577.639,16.5002
NER,65-69,62923.314,12.9653
NER,70-74,53545.078,9.7743
NER,75-79,40461.383,7.089
NER,80-84,24795.488,4.9702
NER,85-89,10627.668,3.4359
NER,90-94,2623.361,2.3236
NER,95+,269.619,1.7144
NGA,<1,100000.0,54.6349
NGA,1-4,93153.892,57.6326
NGA,5-9,89722.775,55.7617
NGA,10-14,86712.308,52.6204
NGA,15-19,85136.856,48.55
NGA,20-24,83257.508,44.5858
NGA,25-29,80863.32,40.8307
NGA,30-34,78301.669,37.0839
NGA,35-39,75560.381,33.3376
NGA,40-44,72571.822,29.6056
NGA,45-49,69226.819,25.9136
NGA,50-54,65537.546,22.2283
NGA,55-59,61032.769,18.6783
NGA,60-64,55517.678,15.2764
NGA,65-69,48316.814,12.1642
NGA,70-74,39122.636,9.4142
NGA,75-79,28091.013,7.1112
NGA,80-84,16778.038,5.2369
NGA,85-89,7487.55,3.8182
NGA,90-94,2194.852,2.7367
NGA,95+,340.972,2.0799
NIC,<1,100000.0,75.0998
NIC,1-4,98913.643,74.9232
NIC,5-9,98680.369,71.0964
NIC,10-14,98571.029,66.1727
NIC,15-19,98439.865,61.2572
NIC,20-24,98143.1,56.434
NIC,25-29,97682.273,51.6879
NIC,30-34,97079.195,46.9928
NIC,35-39,96267.926,42.3667
NIC,40-44,95197.036,37.8142
NIC,45-49,93896.352,33.3022
NIC,50-54,92141.978,28.8858
NIC,55-59,89486.234,24.6636
NIC,60-64,85419.799,20.7114
NIC,65-69,79864.57,16.971
NIC,70-74,72603.663,13.4063
NIC,75-79,62827.74,10.0866
NIC,80-84,48893.057,7.205
NIC,85-89,30449.716,5.0153
NIC,90-94,12999.383,3.5778
NIC,95+,3425.335,2.5685
NLD,<1,100000.0,82.3038
NLD,1-4,99691.355,81.5581
NLD,5-9,99642.075,77.5977
NLD,10-14,99615.659,72.6177
NLD,15-19,99583.363,67.6403
NLD,20-24,99496.279,62.697
NLD,25-29,99369.835,57.7735
NLD,30-34,99216.619,52.8587
NLD,35-39,99015.297,47.9609
NLD,40-44,98739.466,43.0875
NLD,45-49,98302.869,38.2668
NLD,50-54,97593.482,33.5254
NLD,55-59,96382.505,28.9125
NLD,60-64,94357.919,24.475
NLD,65-69,91123.739,20.249
NLD,70-74,86318.942,16.2286
NLD,75-79,79040.091,12.4777
NLD,80-84,67911.432,9.0846
NLD,85-89,50787.229,6.2542
NLD,90-94,28554.319,4.1492
NLD,95+,9657.685,2.746
NOR,<1,100000.0,83.46
NOR,1-4,99821.581,82.6089
NOR,5-9,99788.851,78.6355
NOR,10-14,99770.474,73.6496
NOR,15-19,99735.265,68.6745
NOR,20-24,99630.72,63.7435
NOR,25-29,99466.097,58.8448
NOR,30-34,99271.276,53.9554
NOR,35-39,99049.67,49.0703
NOR,40-44,98765.056,44.2041
NOR,45-49,98372.698,39.3699
NOR,50-54,97768.383,34.5964
NOR,55-59,96769.043,29.9258
NOR,60-64,95119.122,25.3982
NOR,65-69,92458.89,21.0515
NOR,70-74,88216.588,16.935
NOR,75-79,81542.057,13.1017
NOR,80-84,71073.843,9.6343
NOR,85-89,54737.884,6.7135
NOR,90-94,32921.816,4.4543
NOR,95+,12406.692,2.9214
NPL,<1,100000.0,70.6357
NPL,1-4,97935.812,71.1223
NPL,5-9,97524.525,67.4145
NPL,10-14,97218.692,62.6193
NPL,15-19,96966.713,57.7753
NPL,20-24,96526.865,53.0261
NPL,25-29,95915.948,48.3476
NPL,30-34,95254.224,43.6658
NPL,35-39,94483.869,39.0008
NPL,40-44,93490.707,34.3873
NPL,45-49,92085.121,29.8716
NPL,50-54,89944.067,25.5191
NPL,55-59,86703.04,21.3735
NPL,60-64,81832.465,17.4871
NPL,65-69,74622.652,13.9205
NPL,70-74,64234.92,10.7449
NPL,75-79,50149.156,8.0324
NPL,80-84,33271.423,5.8172
NPL,85-89,16773.003,4.1523
NPL,90-94,5607.517,2.9386
NPL,95+,1016.308,2.104
NZL,<1,100000.0,82.2449
NZL,1-4,99635.371,81.5453
NZL,5-9,99533.989,77.6271
NZL,10-14,99498.706,72.6538
NZL,15-19,99447.134,67.6899
NZL,20-24,99269.411,62.806
NZL,25-29,99008.724,57.9647
NZL,30-34,98740.566,53.1153
NZL,35-39,98430.693,48.2744
NZL,40-44,98046.903,43.4532
NZL,45-49,97496.293,38.6834
NZL,50-54,96628.707,34.0067
NZL,55-59,95282.921,29.4493
NZL,60-64,93289.008,25.0222
NZL,65-69,90394.343,20.7385
NZL,70-74,86069.699,16.6467
NZL,75-79,79304.529,12.8371
NZL,80-84,68545.265,9.4312
NZL,85-89,52121.065,6.5693
NZL,90-94,30629.717,4.3845
NZL,95+,11231.986,2.9083
OMN,<1,100000.0,80.2464
OMN,1-4,99168.316,79.9182
OMN,5-9,98990.104,76.0593
OMN,10-14,98846.343,71.1667
OMN,15-19,98719.803,66.2543
OMN,20-24,98456.646,61.4243
OMN,25-29,98180.766,56.5901
OMN,30-34,97967.913,51.7077
OMN,35-39,97731.313,46.8266
OMN,40-44,97405.499,41.9744
OMN,45-49,96937.091,37.1644
OMN,50-54,96233.905,32.4164
OMN,55-59,95053.113,27.7852
OMN,60-64,93039.595,23.3282
OMN,65-69,89791.256,19.0748
OMN,70-74,84423.327,15.1155
OMN,75-79,75439.235,11.5947
OMN,80-84,61537.437,8.6144
OMN,85-89,42771.872,6.2617
OMN,90-94,22941.789,4.5501
OMN,95+,8636.467,3.3247
PAK,<1,100000.0,67.7994
PAK,1-4,95159.839,70.2387
PAK,5-9,94189.94,66.9459
PAK,10-14,93851.856,62.1793
PAK,15-19,93579.195,57.3528
PAK,20-24,93112.1,52.6268
PAK,25-29,92453.801,47.9834
PAK,30-34,91747.663,43.3332
PAK,35-39,90934.824,38.6975
PAK,40-44,89892.569,34.1158
PAK,45-49,88431.922,29.6355
PAK,50-54,86239.925,25.3211
PAK,55-59,82970.702,21.214
PAK,60-64,78112.264,17.3684
PAK,65-69,71047.772,13.8323
PAK,70-74,60987.578,10.6793
PAK,75-79,47464.933,7.9818
PAK,80-84,31346.297,5.7796
PAK,85-89,15702.798,4.1232
PAK,90-94,5196.86,2.9145
PAK,95+,924.719,2.0963
PAN,<1,100000.0,79.7746
PAN,1-4,98965.137,79.6074
PAN,5-9,98683.531,75.8302
PAN,10-14,98578.87,70.9083
PAN,15-19,98445.938,66.0002
PAN,20-24,98133.492,61.2015
PAN,25-29,97636.745,56.4996
PAN,30-34,97064.112,51.818
PAN,35-39,96475.741,47.1188
PAN,40-44,95838.656,42.4149
PAN,45-49,95020.209,37.7576
PAN,50-54,93879.737,33.1844
PAN,55-59,92295.737,28.7084
PAN,60-64,89892.568,24.4049
PAN,65-69,86461.568,20.2683
PAN,70-74,81262.52,16.394
PAN,75-79,73531.016,12.8396
PAN,80-84,62614.442,9.6192
PAN,85-89,47607.77,6.825
PAN,90-94,28362.863,4.716
PAN,95+,11353.402,3.3264
PER,<1,100000.0,77.941
PER,1-4,98994.207,77.7316
PER,5-9,98721.437,73.9416
PER,10-14,98556.931,69.0611
PER,15-19,98390.1,64.1737
PER,20-24,98057.779,59.3818
PER,25-29,97560.888,54.671
PER,30-34,96970.687,49.9882
PER,35-39,96294.205,45.3214
PER,40-44,95451.645,40.6985
PER,45-49,94346.29,36.1447
PER,50-54,92820.763,31.6953
PER,55-59,90609.428,27.4041
PER,60-64,87360.44,23.3247
PER,65-69,82823.121,19.4591
PER,70-74,76660.885,15.8115
PER,75-79,67865.062,12.5186
PER,80-84,55935.067,9.6328
PER,85-89,41058.113,7.1926
PER,90-94,24907.37,5.2402
PER,95+,11140.537,3.786
PHL,<1,100000.0,69.9461
PHL,1-4,98015.08,70.3604
PHL,5-9,97348.386,66.8316
PHL,10-14,97118.479,61.9847
PHL,15-19,96903.317,57.1163
PHL,20-24,96524.252,52.3299
PHL,25-29,95947.023,47.629
PHL,30-34,95202.656,42.9811
PHL,35-39,94245.276,38.3912
PHL,40-44,92933.515,33.896
PHL,45-49,91131.609,29.514
PHL,50-54,88460.414,25.3249
PHL,55-59,84634.964,21.3506
PHL,60-64,79323.607,17.6041
PHL,65-69,71966.6,14.1349
PHL,70-74,61756.996,11.0375
PHL,75-79,48313.458,8.3877
PHL,80-84,32618.358,6.2066
PHL,85-89,17432.534,4.4874
PHL,90-94,6448.608,3.2396
PHL,95+,1429.845,2.3287
PNG,<1,100000.0,66.2558
PNG,1-4,96831.606,67.4193
PNG,5-9,96079.815,63.9331
PNG,10-14,95648.136,59.2116
PNG,15-19,95286.994,54.4259
PNG,20-24,94543.29,49.8322
PNG,25-29,93534.294,45.3426
PNG,30-34,92473.433,40.8337
PNG,35-39,91245.819,36.3483
PNG,40-44,89667.215,31.9422
PNG,45-49,87530.128,27.6579
PNG,50-54,84496.886,23.5558
PNG,55-59,80178.705,19.6824
PNG,60-64,74080.196,16.0854
PNG,65-69,65518.91,12.844
PNG,70-74,54170.937,9.9901
PNG,75-79,40195.717,7.5718
PNG,80-84,25056.59,5.6432
PNG,85-89,12072.82,4.1476
PNG,90-94,3971.477,3.0774
PNG,95+,792.875,2.3099
POL,<1,100000.0,78.8098
POL,1-4,99672.101,78.0686
POL,5-9,99618.855,74.1094
POL,10-14,99581.131,69.1366
POL,15-19,99528.97,64.1713
POL,20-24,99374.508,59.2664
POL,25-29,99127.287,54.4078
POL,30-34,98832.294,49.5625
POL,35-39,98435.527,44.7517
POL,40-44,97858.517,39.9998
POL,45-49,96955.525,35.3472
POL,50-54,95467.934,30.8561
POL,55-59,93125.517,26.565
POL,60-64,89476.497,22.5397
POL,65-69,84202.64,18.7871
POL,70-74,77078.87,15.2834
POL,75-79,68002.708,11.9769
POL,80-84,56220.405,8.9393
POL,85-89,40734.465,6.3496
POL,90-94,22809.651,4.3732
POL,95+,8238.622,3.0008
PRI,<1,100000.0,81.9018
PRI,1-4,99510.782,81.3038
PRI,5-9,99347.618,77.4346
PRI,10-14,99263.586,72.4983
PRI,15-19,99204.541,67.5399
PRI,20-24,99088.615,62.6155
PRI,25-29,98854.63,57.7574
PRI,30-34,98531.702,52.9382
PRI,35-39,98107.957,48.1555
PRI,40-44,97521.393,43.4294
PRI,45-49,96785.716,38.7398
PRI,50-54,95727.844,34.1383
PRI,55-59,93979.263,29.7235
PRI,60-64,91469.337,25.4665
PRI,65-69,87767.204,21.4291
PRI,70-74,82631.97,17.5984
PRI,75-79,75887.57,13.929
PRI,80-84,65995.324,10.617
PRI,85-89,51254.087,7.9129
PRI,90-94,33564.37,5.7533
PRI,95+,16670.964,4.1225
PRT,<1,100000.0,82.5505
PRT,1-4,99767.338,81.7427
PRT,5-9,99697.146,77.7993
PRT,10-14,99670.489,72.8195
PRT,15-19,99635.842,67.8439
PRT,20-24,99553.044,62.8979
PRT,25-29,99412.92,57.9829
PRT,30-34,99243.759,53.0773
PRT,35-39,99021.594,48.1905
PRT,40-44,98691.836,43.3425
PRT,45-49,98108.722,38.5839
PRT,50-54,97108.705,33.9533
PRT,55-59,95497.51,29.4812
PRT,60-64,93180.072,25.1487
PRT,65-69,89954.687,20.9568
PRT,70-74,85586.141,16.8914
PRT,75-79,79067.781,13.0636
PRT,80-84,68797.111,9.6121
PRT,85-89,52453.33,6.7777
PRT,90-94,31275.237,4.6449
PRT,95+,12331.222,3.1673
PRY,<1,100000.0,73.9824
PRY,1-4,98410.45,74.1755
PRY,5-9,98072.625,70.4258
PRY,10-14,97961.649,65.503
PRY,15-19,97799.713,60.6066
PRY,20-24,97344.933,55.8767
PRY,25-29,96751.108,51.2044
PRY,30-34,96171.264,46.4979
PRY,35-39,95483.25,41.8142
PRY,40-44,94542.852,37.204
PRY,45-49,93301.127,32.6643
PRY,50-54,91508.271,28.252
PRY,55-59,88736.406,24.0509
PRY,60-64,84455.102,20.135
PRY,65-69,78300.179,16.5114
PRY,70-74,70207.184,13.1154
PRY,75-79,59429.351,10.0145
PRY,80-84,44237.288,7.5613
PRY,85-89,27653.522,5.6034
PRY,90-94,13223.901,4.1167
PRY,95+,4312.862,3.0288
PSE,<1,100000.0,69.2134
PSE,1-4,97636.405,69.8863
PSE,5-9,97247.023,66.159
PSE,10-14,97006.803,61.3173
PSE,15-19,96808.355,56.4376
PSE,20-24,96426.147,51.6503
PSE,25-29,95884.546,46.9277
PSE,30-34,95321.651,42.19
PSE,35-39,94680.796,37.458
PSE,40-44,93841.533,32.7695
PSE,45-49,92582.236,28.1786
PSE,50-54,90468.236,23.7739
PSE,55-59,87046.078,19.6027
PSE,60-64,81453.184,15.7644
PSE,65-69,73045.97,12.2733
PSE,70-74,60659.108,9.2391
PSE,75-79,44205.491,6.7188
PSE,80-84,25743.503,4.7428
PSE,85-89,10342.435,3.3173
PSE,90-94,2385.394,2.3445
PSE,95+,254.761,1.7103
ROU,<1,100000.0,76.0925
ROU,1-4,99487.516,75.4837
ROU,5-9,99371.514,71.57
ROU,10-14,99301.553,66.6187
ROU,15-19,99207.937,61.679
ROU,20-24,99018.435,56.7917
ROU,25-29,98773.878,51.9259
ROU,30-34,98452.102,47.0871
ROU,35-39,98043.937,42.2721
ROU,40-44,97407.734,37.5305
ROU,45-49,96303.831,32.9294
ROU,50-54,94431.501,28.5288
ROU,55-59,91378.605,24.3919
ROU,60-64,86731.793,20.5569
ROU,65-69,80523.688,16.9426
ROU,70-74,72699.04,13.4876
ROU,75-79,62494.67,10.2613
ROU,80-84,48711.872,7.4254
ROU,85-89,31569.465,5.0738
ROU,90-94,14269.212,3.2676
ROU,95+,3147.267,2.1336
RUS,<1,100000.0,73.3428
RUS,1-4,99576.78,72.6539
RUS,5-9,99471.113,68.7293
RUS,10-14,99386.007,63.786
RUS,15-19,99282.826,58.8494
RUS,20-24,98997.315,54.0109
RUS,25-29,98447.918,49.2976
RUS,30-34,97739.371,44.636
RUS,35-39,96727.832,40.075
RUS,40-44,95103.144,35.7132
RUS,45-49,92642.598,31.5927
RUS,50-54,89409.231,27.641
RUS,55-59,85198.632,23.8779
RUS,60-64,79800.965,20.318
RUS,65-69,73182.791,16.9225
RUS,70-74,65166.145,13.6872
RUS,75-79,55144.209,10.7011
RUS,80-84,42495.421,8.1178
RUS,85-89,27967.722,6.0263
RUS,90-94,14435.429,4.41
RUS,95+,5178.123,3.2367
RWA,<1,100000.0,68.0167
RWA,1-4,97356.495,68.8604
RWA,5-9,96461.2,65.4853
RWA,10-14,96101.34,60.7221
RWA,15-19,95803.191,55.9029
RWA,20-24,95269.838,51.2005
RWA,25-29,94489.728,46.6018
RWA,30-34,93530.752,42.0531
RWA,35-39,92314.222,37.573
RWA,40-44,90692.501,33.198
RWA,45-49,88506.518,28.9534
RWA,50-54,85544.8,24.8649
RWA,55-59,81449.496,20.9832
RWA,60-64,75915.076,17.3218
RWA,65-69,68295.777,13.9616
RWA,70-74,58136.423,10.9458
RWA,75-79,45086.093,8.3667
RWA,80-84,30228.143,6.2415
RWA,85-89,16095.321,4.5846
RWA,90-94,6079.592,3.3852
RWA,95+,1446.47,2.535
SAU,<1,100000.0,78.982
SAU,1-4,99395.524,78.4615
SAU,5-9,99264.181,74.5632
SAU,10-14,99127.824,69.6624
SAU,15-19,98956.865,64.7779
SAU,20-24,98579.281,60.0156
SAU,25-29,98155.564,55.2643
SAU,30-34,97812.905,50.4493
SAU,35-39,97483.937,45.611
SAU,40-44,97080.048,40.7898
SAU,45-49,96492.461,36.022
SAU,50-54,95560.018,31.3472
SAU,55-59,94047.624,26.8081
SAU,60-64,91577.325,22.4582
SAU,65-69,87497.22,18.3802
SAU,70-74,81115.827,14.6158
SAU,75-79,71354.602,11.2505
SAU,80-84,57222.869,8.3805
SAU,85-89,39191.57,6.0551
SAU,90-94,20548.299,4.3261
SAU,95+,7253.777,3.0987
SDN,<1,100000.0,66.5207
SDN,1-4,96270.159,68.0921
SDN,5-9,94700.314,65.1913
SDN,10-14,93754.568,60.8267
SDN,15-19,93158.971,56.1996
SDN,20-24,92271.757,51.7138
SDN,25-29,91039.445,47.3793
SDN,30-34,89718.902,43.0395
SDN,35-39,88305.84,38.6878
SDN,40-44,86735.962,34.3415
SDN,45-49,84775.601,30.076
SDN,50-54,82399.294,25.8681
SDN,55-59,79040.922,21.8556
SDN,60-64,74703.287,17.973
SDN,65-69,68373.207,14.3903
SDN,70-74,59307.173,11.1879
SDN,75-79,46958.274,8.4441
SDN,80-84,31990.851,6.2037
SDN,85-89,17071.38,4.4927
SDN,90-94,6346.517,3.2191
SDN,95+,1380.116,2.3324
SEN,<1,100000.0,68.924
SEN,1-4,97682.154,69.5569
SEN,5-9,96582.108,66.33
SEN,10-14,96060.733,61.6781
SEN,15-19,95677.356,56.9149
SEN,20-24,95106.14,52.2406
SEN,25-29,94300.709,47.6649
SEN,30-34,93421.18,43.0896
SEN,35-39,92375.068,38.5485
SEN,40-44,91146.361,34.0333
SEN,45-49,89493.719,29.6133
SEN,50-54,87273.663,25.2997
SEN,55-59,84050.911,21.1682
SEN,60-64,79480.12,17.2336
SEN,65-69,72785.455,13.5749
SEN,70-74,63153.947,10.2413
SEN,75-79,49174.375,7.4033
SEN,80-84,31321.708,5.1647
SEN,85-89,14061.063,3.5661
SEN,90-94,3715.735,2.3984
SEN,95+,413.634,1.7487
SLB,<1,100000.0,70.694
SLB,1-4,98603.654,70.6939
SLB,5-9,98286.376,66.9157
SLB,10-14,97955.986,62.1335
SLB,15-19,97683.657,57.2995
SLB,20-24,97202.697,52.5694
SLB,25-29,96532.173,47.9169
SLB,30-34,95807.277,43.2602
SLB,35-39,94966.906,38.6202
SLB,40-44,93891.258,34.0327
SLB,45-49,92380.934,29.5457
SLB,50-54,90103.078,25.2252
SLB,55-59,86682.976,21.1156
SLB,60-64,81585.864,17.2687
SLB,65-69,74115.86,13.7424
SLB,70-74,63475.922,10.6045
SLB,75-79,49233.241,7.921
SLB,80-84,32347.727,5.7311
SLB,85-89,16076.286,4.0823
SLB,90-94,5242.597,2.8823
SLB,95+,911.411,2.0737
SLE,<1,100000.0,61.9638
SLE,1-4,92946.556,65.6455
SLE,5-9,90426.212,63.4425
SLE,10-14,89639.229,58.981
SLE,15-19,89103.104,54.3203
SLE,20-24,88282.178,49.8005
SLE,25-29,87250.719,45.3595
SLE,30-34,86202.631,40.8804
SLE,35-39,85013.953,36.416
SLE,40-44,83520.315,32.0207
SLE,45-49,81549.333,27.7314
SLE,50-54,78859.004,23.5875
SLE,55-59,75048.344,19.6514
SLE,60-64,69711.278,15.9536
SLE,65-69,61986.469,12.6126
SLE,70-74,51418.627,9.6671
SLE,75-79,37702.284,7.2449
SLE,80-84,22817.822,5.3517
SLE,85-89,10385.146,3.9242
SLE,90-94,3138.998,2.9462
SLE,95+,575.504,2.228
SLV,<1,100000.0,72.3018
SLV,1-4,99066.747,71.9817
SLV,5-9,98868.355,68.1227
SLV,10-14,98743.913,63.2055
SLV,15-19,98545.576,58.3268
SLV,20-24,97839.896,53.7266
SLV,25-29,96867.527,49.2409
SLV,30-34,95720.156,44.7998
SLV,35-39,94204.786,40.4785
SLV,40-44,92304.092,36.2591
SLV,45-49,90128.87,32.0727
SLV,50-54,87555.749,27.9393
SLV,55-59,84187.789,23.952
SLV,60-64,79634.107,20.1726
SLV,65-69,73889.441,16.5396
SLV,70-74,66651.742,13.0544
SLV,75-79,57064.354,9.8024
SLV,80-84,43287.134,7.0882
SLV,85-89,26450.403,4.9854
SLV,90-94,11244.177,3.5399
SLV,95+,2899.282,2.5446
SOM,<1,100000.0,58.9668
SOM,1-4,93442.69,62.0885
SOM,5-9,89789.63,60.5467
SOM,10-14,88206.356,56.5954
SOM,15-19,87281.48,52.1686
SOM,20-24,85915.546,47.9547
SOM,25-29,83908.56,44.0406
SOM,30-34,81796.26,40.1131
SOM,35-39,79628.616,36.1367
SOM,40-44,77323.293,32.1381
SOM,45-49,74670.667,28.1893
SOM,50-54,71654.657,24.2674
SOM,55-59,67790.427,20.5027
SOM,60-64,63008.236,16.8618
SOM,65-69,56494.328,13.5023
SOM,70-74,47712.833,10.5071
SOM,75-79,36465.594,7.952
SOM,80-84,23778.223,5.8517
SOM,85-89,11940.88,4.2594
SOM,90-94,4090.821,3.1223
SOM,95+,837.452,2.3566
SRB,<1,100000.0,76.9394
SRB,1-4,99603.058,76.2454
SRB,5-9,99526.345,72.303
SRB,10-14,99479.956,67.3355
SRB,15-19,99422.153,62.3731
SRB,20-24,99286.599,57.4544
SRB,25-29,99094.927,52.5606
SRB,30-34,98856.254,47.6811
SRB,35-39,98516.922,42.8363
SRB,40-44,97986.251,38.0539
SRB,45-49,97150.112,33.3581
SRB,50-54,95700.779,28.8218
SRB,55-59,93201.632,24.5221
SRB,60-64,89193.848,20.5047
SRB,65-69,83293.793,16.7697
SRB,70-74,75116.915,13.3102
SRB,75-79,62995.274,10.3667
SRB,80-84,47527.762,7.903
SRB,85-89,30461.681,5.9291
SRB,90-94,15329.72,4.4162
SRB,95+,5468.439,3.3208
SSD,<1,100000.0,57.7382
SSD,1-4,93683.143,60.6163
SSD,5-9,90183.869,58.8985
SSD,10-14,88056.144,55.269
SSD,15-19,86845.605,51.0054
SSD,20-24,85322.018,46.8685
SSD,25-29,83268.439,42.9613
SSD,30-34,81085.842,39.0501
SSD,35-39,78794.849,35.1121
SSD,40-44,76299.693,31.1768
SSD,45-49,73396.254,27.3092
SSD,50-54,70091.502,23.4755
SSD,55-59,65922.012,19.7964
SSD,60-64,60779.977,16.2517
SSD,65-69,53893.945,12.993
SSD,70-74,44823.243,10.0958
SSD,75-79,33487.41,7.6443
SSD,80-84,21174.25,5.6354
SSD,85-89,10209.842,4.1185
SSD,90-94,3343.845,3.0094
SSD,95+,648.754,2.1485
STP,<1,100000.0,69.9046
STP,1-4,98895.668,69.6838
STP,5-9,98683.248,65.8295
STP,10-14,98474.923,60.9638
STP,15-19,98258.269,56.0921
STP,20-24,97664.17,51.4159
STP,25-29,96775.537,46.8648
STP,30-34,95780.408,42.3251
STP,35-39,94586.283,37.8268
STP,40-44,93027.567,33.4166
STP,45-49,90871.526,29.1469
STP,50-54,87780.755,25.08
STP,55-59,83433.063,21.25
STP,60-64,77501.769,17.676
STP,65-69,69632.461,14.3781
STP,70-74,59405.254,11.407
STP,75-79,46747.397,8.7987
STP,80-84,32332.173,6.5942
STP,85-89,18155.032,4.8302
STP,90-94,7373.475,3.5009
STP,95+,1862.529,2.5751
SUR,<1,100000.0,73.7575
SUR,1-4,98924.699,73.5578
SUR,5-9,98757.857,69.6789
SUR,10-14,98622.014,64.7717
SUR,15-19,98471.615,59.8664
SUR,20-24,98105.093,55.0795
SUR,25-29,97552.426,50.3769
SUR,30-34,96791.278,45.7524
SUR,35-39,95828.993,41.1857
SUR,40-44,94513.814,36.7226
SUR,45-49,92991.087,32.2819
SUR,50-54,90868.249,27.9735
SUR,55-59,87566.395,23.9275
SUR,60-64,82705.632,20.1796
SUR,65-69,76378.125,16.6353
SUR,70-74,67889.542,13.3891
SUR,75-79,57104.897,10.4271
SUR,80-84,43406.178,7.9003
SUR,85-89,27730.035,5.9525
SUR,90-94,13939.959,4.4764
SUR,95+,5064.93,3.3776
SVK,<1,100000.0,78.4924
SVK,1-4,99609.097,77.7998
SVK,5-9,99524.459,73.8647
SVK,10-14,99477.628,68.8983
SVK,15-19,99419.019,63.9374
SVK,20-24,99270.707,59.0286
SVK,25-29,99050.884,54.1541
SVK,30-34,98808.035,49.2808
SVK,35-39,98480.139,44.436
SVK,40-44,97995.032,39.6428
SVK,45-49,97198.378,34.9454
SVK,50-54,95835.119,30.4041
SVK,55-59,93547.617,26.0817
SVK,60-64,90095.342,21.9791
SVK,65-69,84864.587,18.171
SVK,70-74,77860.747,14.57
SVK,75-79,68377.556,11.2268
SVK,80-84,55332.872,8.2518
SVK,85-89,37843.064,5.8687
SVK,90-94,19601.775,4.0733
SVK,95+,6307.53,2.8123
SVN,<1,100000.0,81.7768
SVN,1-4,99859.189,80.8919
SVN,5-9,99822.039,76.9215
SVN,10-14,99798.652,71.9389
SVN,15-19,99766.312,66.9613
SVN,20-24,99657.416,62.031
SVN,25-29,99504.103,57.1227
SVN,30-34,99337.492,52.2141
SVN,35-39,99122.034,47.322
SVN,40-44,98815.707,42.4602
SVN,45-49,98380.209,37.636
SVN,50-54,97622.448,32.9071
SVN,55-59,96172.34,28.3632
SVN,60-64,93803.137,24.0112
SVN,65-69,90018.875,19.9091
SVN,70-74,84758.628,15.9816
SVN,75-79,77280.949,12.2693
SVN,80-84,64384.306,9.1933
SVN,85-89,46768.199,6.6796
SVN,90-94,27048.189,4.7315
SVN,95+,10829.95,3.3128
SWE,<1,100000.0,83.4236
SWE,1-4,99815.267,82.5777
SWE,5-9,99756.913,78.6252
SWE,10-14,99735.644,73.6415
SWE,15-19,99704.819,68.6634
SWE,20-24,99608.58,63.7268
SWE,25-29,99409.357,58.8493
SWE,30-34,99178.055,53.9807
SWE,35-39,98936.05,49.1065
SWE,40-44,98659.153,44.2371
SWE,45-49,98286.448,39.3949
SWE,50-54,97721.494,34.607
SWE,55-59,96765.907,29.922
SWE,60-64,95156.896,25.3822
SWE,65-69,92453.781,21.0455
SWE,70-74,88199.222,16.9319
SWE,75-79,81643.157,13.0768
SWE,80-84,71317.566,9.5805
SWE,85-89,54952.001,6.6389
SWE,90-94,32725.268,4.4031
SWE,95+,12093.646,2.9038
SWZ,<1,100000.0,64.2636
SWZ,1-4,96299.934,65.7269
SWZ,5-9,95121.423,62.5223
SWZ,10-14,94654.427,57.8196
SWZ,15-19,94260.66,53.0502
SWZ,20-24,93539.952,48.4376
SWZ,25-29,92408.089,43.9987
SWZ,30-34,90908.715,39.6815
SWZ,35-39,88965.252,35.4913
SWZ,40-44,86399.236,31.468
SWZ,45-49,83109.742,27.6108
SWZ,50-54,78915.371,23.9403
SWZ,55-59,73634.97,20.4719
SWZ,60-64,67142.933,17.2014
SWZ,65-69,58850.59,14.2592
SWZ,70-74,48960.475,11.6277
SWZ,75-79,38159.937,9.2039
SWZ,80-84,27075.064,6.9502
SWZ,85-89,16002.038,5.0318
SWZ,90-94,6824.56,3.6479
SWZ,95+,1847.231,2.6771
SYR,<1,100000.0,72.5598
SYR,1-4,98453.372,72.6983
SYR,5-9,97863.778,69.1263
SYR,10-14,97554.483,64.3383
SYR,15-19,97298.835,59.5005
SYR,20-24,96871.111,54.7511
SYR,25-29,96239.189,50.0939
SYR,30-34,95573.893,45.4251
SYR,35-39,94855.669,40.7497
SYR,40-44,93996.849,36.0984
SYR,45-49,92834.39,31.5172
SYR,50-54,91074.958,27.0745
SYR,55-59,88422.973,22.8065
SYR,60-64,84340.277,18.7814
SYR,65-69,78262.433,15.0336
SYR,70-74,69141.397,11.6658
SYR,75-79,56175.074,8.7543
SYR,80-84,39608.827,6.3386
SYR,85-89,21768.075,4.5088
SYR,90-94,8193.465,3.1606
SYR,95+,1720.465,2.2252
TCD,<1,100000.0,55.2383
TCD,1-4,93674.183,57.9534
TCD,5-9,90172.672,56.1288
TCD,10-14,87299.435,52.9031
TCD,15-19,85748.062,48.8169
TCD,20-24,83914.532,44.8255
TCD,25-29,81545.551,41.0537
TCD,30-34,79019.791,37.2854
TCD,35-39,76329.301,33.5106
TCD,40-44,73388.536,29.7512
TCD,45-49,70056.834,26.0453
TCD,50-54,66356.443,22.355
TCD,55-59,61835.049,18.8007
TCD,60-64,56315.066,15.3897
TCD,65-69,49115.274,12.2631
TCD,70-74,39907.602,9.4946
TCD,75-79,28797.305,7.1743
TCD,80-84,17320.185,5.2858
TCD,85-89,7810.315,3.8547
TCD,90-94,2328.296,2.7527
TCD,95+,366.524,2.056
TGO,<1,100000.0,62.9323
TGO,1-4,95944.339,64.5858
TGO,5-9,94265.117,61.7033
TGO,10-14,93058.801,57.4745
TGO,15-19,92338.595,52.9033
TGO,20-24,91231.677,48.5121
TGO,25-29,89712.761,44.2905
TGO,30-34,88115.122,40.0477
TGO,35-39,86368.718,35.8061
TGO,40-44,84406.134,31.5791
TGO,45-49,82038.381,27.4162
TGO,50-54,79140.158,23.3249
TGO,55-59,75200.518,19.4094
TGO,60-64,69877.783,15.6875
TGO,65-69,62239.387,12.2886
TGO,70-74,51776.213,9.2422
TGO,75-79,37800.441,6.6997
TGO,80-84,22000.616,4.714
TGO,85-89,8798.752,3.2839
TGO,90-94,1995.346,2.2417
TGO,95+,186.779,1.6721
THA,<1,100000.0,76.5636
THA,1-4,99211.828,76.1708
THA,5-9,99001.682,72.3287
THA,10-14,98837.422,67.4448
THA,15-19,98592.878,62.605
THA,20-24,98027.49,57.9505
THA,25-29,97400.886,53.3074
THA,30-34,96691.708,48.6793
THA,35-39,95780.428,44.1175
THA,40-44,94421.238,39.7141
THA,45-49,92498.28,35.4856
THA,50-54,90128.245,31.351
THA,55-59,87233.694,27.3058
THA,60-64,83685.601,23.3539
THA,65-69,79267.008,19.5114
THA,70-74,73406.022,15.856
THA,75-79,65172.408,12.529
THA,80-84,53845.37,9.612
THA,85-89,39424.385,7.1888
THA,90-94,23793.142,5.2758
THA,95+,10744.599,3.8193
TJK,<1,100000.0,71.9265
TJK,1-4,97900.942,72.4664
TJK,5-9,97410.36,68.8241
TJK,10-14,97287.537,63.9083
TJK,15-19,97169.597,58.9826
TJK,20-24,96962.239,54.103
TJK,25-29,96660.764,49.2635
TJK,30-34,96230.118,44.4721
TJK,35-39,95638.915,39.7307
TJK,40-44,94757.365,35.0756
TJK,45-49,93465.244,30.5239
TJK,50-54,91577.453,26.0983
TJK,55-59,88633.86,21.8753
TJK,60-64,83940.868,17.9491
TJK,65-69,76898.712,14.3498
TJK,70-74,66759.101,11.1283
TJK,75-79,52850.802,8.3698
TJK,80-84,35790.183,6.145
TJK,85-89,18918.017,4.4522
TJK,90-94,6903.225,3.241
TJK,95+,1533.322,2.3425
TKM,<1,100000.0,70.2014
TKM,1-4,97145.183,71.2608
TKM,5-9,96422.006,67.7844
TKM,10-14,96256.071,62.8977
TKM,15-19,96103.7,57.993
TKM,20-24,95800.815,53.1678
TKM,25-29,95373.095,48.3946
TKM,30-34,94819.686,43.6618
TKM,35-39,94076.468,38.9859
TKM,40-44,92984.807,34.4125
TKM,45-49,91457.942,29.943
TKM,50-54,89233.768,25.6232
TKM,55-59,85960.09,21.4976
TKM,60-64,81009.009,17.6489
TKM,65-69,73749.576,14.1258
TKM,70-74,63536.309,10.9739
TKM,75-79,49825.891,8.277
TKM,80-84,33462.901,6.0869
TKM,85-89,17583.783,4.3759
TKM,90-94,6247.285,3.2047
TKM,95+,1344.507,2.4006
TLS,<1,100000.0,67.9045
TLS,1-4,96372.076,69.4552
TLS,5-9,95491.844,66.0802
TLS,10-14,95091.831,61.3489
TLS,15-19,94770.932,56.5477
TLS,20-24,94226.105,51.8589
TLS,25-29,93463.57,47.2612
TLS,30-34,92641.548,42.6581
TLS,35-39,91697.996,38.0705
TLS,40-44,90501.301,33.5394
TLS,45-49,88860.123,29.1101
TLS,50-54,86452.842,24.8466
TLS,55-59,82894.991,20.7991
TLS,60-64,77683.599,17.0167
TLS,65-69,70196.218,13.5503
TLS,70-74,59708.775,10.4687
TLS,75-79,45899.055,7.8398
TLS,80-84,29862.042,5.6907
TLS,85-89,14657.572,4.0905
TLS,90-94,4752.792,2.9646
TLS,95+,878.206,2.2163
TTO,<1,100000.0,73.6171
TTO,1-4,98625.625,73.6413
TTO,5-9,98415.843,69.7948
TTO,10-14,98322.374,64.859
TTO,15-19,98206.501,59.9321
TTO,20-24,97820.343,55.157
TTO,25-29,97052.456,50.5726
TTO,30-34,96121.262,46.0382
TTO,35-39,95214.341,41.4526
TTO,40-44,94079.41,36.9214
TTO,45-49,92727.059,32.4221
TTO,50-54,90752.296,28.0694
TTO,55-59,87951.314,23.8801
TTO,60-64,84082.425,19.8566
TTO,65-69,78398.346,16.1069
TTO,70-74,70845.079,12.5411
TTO,75-79,59291.855,9.4711
TTO,80-84,43953.646,6.8688
TTO,85-89,26106.714,4.8439
TTO,90-94,10700.444,3.4489
TTO,95+,2662.474,2.4376
TUN,<1,100000.0,76.7112
TUN,1-4,99045.544,76.4492
TUN,5-9,98847.452,72.5989
TUN,10-14,98733.528,67.68
TUN,15-19,98601.645,62.7669
TUN,20-24,98372.993,57.9065
TUN,25-29,98038.126,53.0955
TUN,30-34,97665.38,48.2884
TUN,35-39,97223.582,43.4961
TUN,40-44,96653.72,38.7372
TUN,45-49,95911.726,34.0166
TUN,50-54,94818.447,29.378
TUN,55-59,93170.37,24.8505
TUN,60-64,90448.775,20.5164
TUN,65-69,85719.306,16.4985
TUN,70-74,77905.789,12.8847
TUN,75-79,65989.055,9.7318
TUN,80-84,49434.419,7.1186
TUN,85-89,30028.642,5.0914
TUN,90-94,13023.762,3.6545
TUN,95+,3547.804,2.6515
TUR,<1,100000.0,77.4209
TUR,1-4,99040.918,77.1694
TUR,5-9,98867.578,73.3025
TUR,10-14,98833.295,68.3271
TUR,15-19,98783.898,63.3599
TUR,20-24,98679.116,58.4242
TUR,25-29,98507.755,53.5213
TUR,30-34,98279.212,48.6396
TUR,35-39,97963.914,43.7877
TUR,40-44,97509.633,38.9793
TUR,45-49,96805.926,34.2432
TUR,50-54,95712.335,29.6036
TUR,55-59,93797.229,25.1526
TUR,60-64,90727.39,20.9127
TUR,65-69,85453.15,17.0365
TUR,70-74,77679.3,13.479
TUR,75-79,67195.606,10.1719
TUR,80-84,52164.805,7.3388
TUR,85-89,32330.476,5.28
TUR,90-94,14587.83,3.8138
TUR,95+,4232.744,2.8308
TWN,<1,100000.0,80.7498
TWN,1-4,99690.669,80.0
TWN,5-9,99564.759,76.0991
TWN,10-14,99514.925,71.1361
TWN,15-19,99453.273,66.1784
TWN,20-24,99298.746,61.2771
TWN,25-29,99092.224,56.3996
TWN,30-34,98856.23,51.528
TWN,35-39,98493.399,46.7078
TWN,40-44,97910.981,41.9697
TWN,45-49,96981.792,37.3462
TWN,50-54,95592.464,32.8505
TWN,55-59,93633.484,28.4828
TWN,60-64,90973.309,24.2391
TWN,65-69,87382.636,20.1273
TWN,70-74,82272.929,16.2123
TWN,75-79,74560.766,12.6136
TWN,80-84,62939.448,9.45
TWN,85-89,46147.369,6.9401
TWN,90-94,27438.526,4.9751
TWN,95+,11568.238,3.5598
TZA,<1,100000.0,67.2117
TZA,1-4,97183.161,68.1563
TZA,5-9,96204.513,64.8341
TZA,10-14,95815.318,60.0882
TZA,15-19,95488.174,55.2851
TZA,20-24,94892.316,50.615
TZA,25-29,93986.264,46.0777
TZA,30-34,92825.264,41.6216
TZA,35-39,91329.897,37.2604
TZA,40-44,89346.271,33.0296
TZA,45-49,86738.241,28.9444
TZA,50-54,83274.514,25.0394
TZA,55-59,78627.11,21.3653
TZA,60-64,72609.925,17.9201
TZA,65-69,64696.133,14.7934
TZA,70-74,54910.014,11.9737
TZA,75-79,43400.678,9.4707
TZA,80-84,30808.94,7.3157
TZA,85-89,18465.8,5.548
TZA,90-94,8566.129,4.2579
TZA,95+,2899.136,3.2735
UGA,<1,100000.0,68.4875
UGA,1-4,97217.408,69.4443
UGA,5-9,96234.5,66.138
UGA,10-14,95845.038,61.3976
UGA,15-19,95523.628,56.5954
UGA,20-24,94949.183,51.9212
UGA,25-29,94089.436,47.3718
UGA,30-34,93009.937,42.8916
UGA,35-39,91630.165,38.4982
UGA,40-44,89792.951,34.2324
UGA,45-49,87346.827,30.1179
UGA,50-54,84059.624,26.1931
UGA,55-59,79603.589,22.5132
UGA,60-64,73744.258,19.0944
UGA,65-69,65850.472,16.0699
UGA,70-74,56237.172,13.3839
UGA,75-79,45728.267,10.8786
UGA,80-84,34818.545,8.5052
UGA,85-89,23578.897,6.3457
UGA,90-94,12679.005,4.7162
UGA,95+,4952.266,3.5068
UKR,<1,100000.0,74.692
UKR,1-4,99493.577,74.0714
UKR,5-9,99394.833,70.1433
UKR,10-14,99331.435,65.1866
UKR,15-19,99250.569,60.2374
UKR,20-24,99042.641,55.3579
UKR,25-29,98694.533,50.5438
UKR,30-34,98141.238,45.8135
UKR,35-39,97237.663,41.2143
UKR,40-44,95824.458,36.7829
UKR,45-49,93864.403,32.4967
UKR,50-54,91321.297,28.3289
UKR,55-59,87934.3,24.3187
UKR,60-64,83310.054,20.5216
UKR,65-69,76701.974,17.0645
UKR,70-74,68215.017,13.8635
UKR,75-79,57016.748,11.0767
UKR,80-84,43512.293,8.7235
UKR,85-89,29214.34,6.7709
UKR,90-94,16295.477,5.2217
UKR,95+,7059.5,4.0326
URY,<1,100000.0,78.2865
URY,1-4,99407.872,77.752
URY,5-9,99297.546,73.8364
URY,10-14,99232.834,68.8831
URY,15-19,99146.661,63.9404
URY,20-24,98819.645,59.1422
URY,25-29,98313.272,54.4341
URY,30-34,97833.649,49.6886
URY,35-39,97245.451,44.9733
URY,40-44,96468.71,40.3146
URY,45-49,95508.674,35.6936
URY,50-54,94165.528,31.1648
URY,55-59,92064.566,26.8146
URY,60-64,88671.599,22.7378
URY,65-69,83480.471,18.987
URY,70-74,76186.331,15.5532
URY,75-79,66474.03,12.4464
URY,80-84,54310.822,9.6511
URY,85-89,38828.879,7.4779
URY,90-94,23517.953,5.7557
URY,95+,11350.367,4.394
USA,<1,100000.0,79.4625
USA,1-4,99505.195,78.8569
USA,5-9,99409.992,74.9311
USA,10-14,99359.766,69.9677
USA,15-19,99293.196,65.0127
USA,20-24,99065.334,60.1554
USA,25-29,98624.684,55.4124
USA,30-34,98064.257,50.7144
USA,35-39,97390.509,46.0474
USA,40-44,96586.478,41.4093
USA,45-49,95595.947,36.8113
USA,50-54,94191.448,32.3207
USA,55-59,92054.994,28.0088
USA,60-64,88899.0,23.9096
USA,65-69,84584.432,19.9957
USA,70-74,78955.847,16.235
USA,75-79,71129.932,12.7306
USA,80-84,60225.28,9.5604
USA,85-89,45524.55,6.8054
USA,90-94,27274.915,4.6554
USA,95+,10781.577,3.1658
UZB,<1,100000.0,72.5283
UZB,1-4,98779.795,72.4227
UZB,5-9,98523.463,68.6065
UZB,10-14,98347.269,63.7251
UZB,15-19,98141.219,58.8532
UZB,20-24,97775.218,54.0635
UZB,25-29,97325.852,49.3014
UZB,30-34,96787.753,44.561
UZB,35-39,96066.423,39.8759
UZB,40-44,95039.864,35.278
UZB,45-49,93571.349,30.7901
UZB,50-54,91371.218,26.4674
UZB,55-59,87960.876,22.3887
UZB,60-64,82793.589,18.6217
UZB,65-69,75686.582,15.1242
UZB,70-74,66170.938,11.9226
UZB,75-79,53646.364,9.0993
UZB,80-84,38177.514,6.7479
UZB,85-89,22042.245,4.8791
UZB,90-94,9133.787,3.4696
UZB,95+,2295.563,2.4417
VEN,<1,100000.0,72.673
VEN,1-4,98517.643,72.7647
VEN,5-9,98213.62,68.9846
VEN,10-14,98048.168,64.0972
VEN,15-19,97846.724,59.2232
VEN,20-24,96979.556,54.7256
VEN,25-29,95433.456,50.5716
VEN,30-34,94030.021,46.29
VEN,35-39,92771.571,41.8842
VEN,40-44,91475.214,37.442
VEN,45-49,90077.027,32.9835
VEN,50-54,88290.42,28.5977
VEN,55-59,85738.082,24.3701
VEN,60-64,81975.429,20.367
VEN,65-69,76505.592,16.6333
VEN,70-74,68789.114,13.2076
VEN,75-79,59554.475,9.8561
VEN,80-84,46279.195,6.9177
VEN,85-89,28133.014,4.7182
VEN,90-94,11108.935,3.3757
VEN,95+,2638.464,2.4569
VNM,<1,100000.0,74.7364
VNM,1-4,98532.567,74.8482
VNM,5-9,98027.792,71.2241
VNM,10-14,97639.285,66.4984
VNM,15-19,97348.304,61.6895
VNM,20-24,96819.689,57.0111
VNM,25-29,96064.517,52.4394
VNM,30-34,95265.762,47.8579
VNM,35-39,94402.511,43.2724
VNM,40-44,93437.022,38.6928
VNM,45-49,92194.265,34.1795
VNM,50-54,90598.819,29.7348
VNM,55-59,88167.862,25.4818
VNM,60-64,85007.676,21.3319
VNM,65-69,80248.144,17.4382
VNM,70-74,73124.564,13.8787
VNM,75-79,62808.165,10.7244
VNM,80-84,48779.478,8.0593
VNM,85-89,32066.354,5.9387
VNM,90-94,16317.561,4.3424
VNM,95+,5756.279,3.1722
VUT,<1,100000.0,71.6537
VUT,1-4,98579.984,71.6841
VUT,5-9,98301.314,67.8821
VUT,10-14,98105.254,63.0132
VUT,15-19,97915.366,58.1301
VUT,20-24,97463.141,53.3868
VUT,25-29,96853.631,48.707
VUT,30-34,96211.107,44.0153
VUT,35-39,95445.992,39.3473
VUT,40-44,94415.585,34.748
VUT,45-49,92935.497,30.2591
VUT,50-54,90654.402,25.9532
VUT,55-59,87232.113,21.8672
VUT,60-64,82226.153,18.0373
VUT,65-69,75121.264,14.4941
VUT,70-74,65254.829,11.2884
VUT,75-79,51930.675,8.515
VUT,80-84,35512.793,6.2736
VUT,85-89,19115.694,4.557
VUT,90-94,7181.933,3.3306
VUT,95+,1661.877,2.4698
YEM,<1,100000.0,69.4386
YEM,1-4,96853.845,70.6899
YEM,5-9,96118.152,67.2185
YEM,10-14,95804.079,62.4317
YEM,15-19,95548.928,57.5914
YEM,20-24,95082.816,52.8602
YEM,25-29,94398.701,48.2248
YEM,30-34,93667.209,43.5817
YEM,35-39,92841.347,38.9464
YEM,40-44,91803.152,34.3574
YEM,45-49,90358.009,29.8644
YEM,50-54,88186.781,25.5341
YEM,55-59,84945.926,21.4069
YEM,60-64,80110.79,17.5386
YEM,65-69,73062.628,13.9751
YEM,70-74,62957.407,10.7947
YEM,75-79,49264.472,8.0722
YEM,80-84,32809.602,5.8444
YEM,85-89,16619.742,4.171
YEM,90-94,5591.605,2.954
YEM,95+,1023.982,2.1183
ZAF,<1,100000.0,66.3124
ZAF,1-4,97713.376,66.8617
ZAF,5-9,96880.629,63.4237
ZAF,10-14,96635.035,58.5793
ZAF,15-19,96363.065,53.7367
ZAF,20-24,95735.909,49.0704
ZAF,25-29,94591.822,44.6313
ZAF,30-34,92842.364,40.4225
ZAF,35-39,90519.745,36.3931
ZAF,40-44,87630.738,32.5077
ZAF,45-49,84079.951,28.7716
ZAF,50-54,79773.937,25.1857
ZAF,55-59,74536.719,21.7737
ZAF,60-64,68077.784,18.5951
ZAF,65-69,60322.45,15.6542
ZAF,70-74,50981.653,13.0543
ZAF,75-79,40677.261,10.7185
ZAF,80-84,29769.747,8.7338
ZAF,85-89,19817.472,6.8854
ZAF,90-94,11140.002,5.3707
ZAF,95+,4955.777,4.1753
ZMB,<1,100000.0,66.5276
ZMB,1-4,96263.894,68.1036
ZMB,5-9,94916.7,65.0489
ZMB,10-14,94415.63,60.3823
ZMB,15-19,94042.392,55.6118
ZMB,20-24,93463.211,50.9397
ZMB,25-29,92670.024,46.3537
ZMB,30-34,91761.471,41.7873
ZMB,35-39,90661.862,37.2627
ZMB,40-44,89232.758,32.8176
ZMB,45-49,87316.317,28.4805
ZMB,50-54,84702.813,24.2781
ZMB,55-59,81027.681,20.26
ZMB,60-64,75998.11,16.4267
ZMB,65-69,68858.502,12.8568
ZMB,70-74,58417.447,9.6767
ZMB,75-79,43252.807,7.1544
ZMB,80-84,25807.348,5.3032
ZMB,85-89,11482.432,4.0014
ZMB,90-94,3563.628,3.0613
ZMB,95+,705.341,2.3708
ZWE,<1,100000.0,63.064
ZWE,1-4,96780.006,64.1577
ZWE,5-9,95567.079,60.9526
ZWE,10-14,95093.874,56.2446
ZWE,15-19,94687.116,51.4749
ZWE,20-24,93927.134,46.869
ZWE,25-29,92692.193,42.4582
ZWE,30-34,90985.86,38.2054
ZWE,35-39,88727.772,34.1112
ZWE,40-44,85758.368,30.2024
ZWE,45-49,82054.736,26.4493
ZWE,50-54,77517.756,22.8462
ZWE,55-59,71932.197,19.4202
ZWE,60-64,65074.472,16.1941
ZWE,65-69,56505.526,13.2581
ZWE,70-74,46299.683,10.6178
ZWE,75-79,34711.793,8.3155
ZWE,80-84,22840.285,6.3488
ZWE,85-89,12240.437,4.7465
ZWE,90-94,4796.261,3.576
ZWE,95+,1251.196,2.721
