age,country,population
<1,AFG,1280886.4000000001
1-4,AFG,5123545.6
5-9,AFG,5668566.0
10-14,AFG,4986966.0
15-19,AFG,4490678.0
20-24,AFG,3823947.0
25-29,AFG,3036008.0
30-34,AFG,2321001.0
35-39,AFG,1821956.0
40-44,AFG,1520556.0
45-49,AFG,1230392.0
50-54,AFG,953429.0
55-59,AFG,719062.0
60-64,AFG,537997.0
65-69,AFG,385286.0
70-74,AFG,272306.0
75-79,AFG,156032.0
80-84,AFG,72415.0
85-89,AFG,23622.0
90-94,AFG,4765.0
95+,AFG,534.0
all-a,AFG,38429950.0
<1,AGO,1150109.2
1-4,AGO,4600436.8
5-9,AGO,4961700.0
10-14,AGO,4122388.0
15-19,AGO,3318542.0
20-24,AGO,2763053.0
25-29,AGO,2432112.0
30-34,AGO,2111238.0
35-39,AGO,1740864.0
40-44,AGO,1405518.0
45-49,AGO,1141864.0
50-54,AGO,948691.0
55-59,AGO,761562.0
60-64,AGO,568007.0
65-69,AGO,381355.0
70-74,AGO,253011.0
75-79,AGO,150835.0
80-84,AGO,75140.0
85-89,AGO,26757.0
90-94,AGO,6103.0
95+,AGO,1223.0
all-a,AGO,32920509.0
<1,ALB,32259.600000000002
1-4,ALB,129038.4
5-9,ALB,175581.0
10-14,ALB,170335.0
15-19,ALB,199356.0
20-24,ALB,236978.0
25-29,ALB,248403.0
30-34,ALB,212242.0
35-39,ALB,171614.0
40-44,ALB,157765.0
45-49,ALB,169631.0
50-54,ALB,183632.0
55-59,ALB,194362.0
60-64,ALB,178903.0
65-69,ALB,139729.0
70-74,ALB,103966.0
75-79,ALB,83021.0
80-84,ALB,55483.0
85-89,ALB,26035.0
90-94,ALB,8119.999999999999
95+,ALB,1749.0
all-a,ALB,2878203.0
<1,ARE,105728.0
1-4,ARE,422912.0
5-9,ARE,553515.0
10-14,ARE,472616.0
15-19,ARE,452854.0
20-24,ARE,852781.0
25-29,ARE,1301446.0
30-34,ARE,1414055.0
35-39,ARE,1220441.0
40-44,ARE,889978.0
45-49,ARE,617601.0
50-54,ARE,438122.0
55-59,ARE,315685.0
60-64,ARE,156182.0
65-69,ARE,66670.0
70-74,ARE,46777.0
75-79,ARE,16297.0
80-84,ARE,9486.0
85-89,ARE,3546.0
90-94,ARE,1171.0
95+,ARE,231.0
all-a,ARE,9358094.0
<1,ARG,698425.8
1-4,ARG,2793703.2
5-9,ARG,3726449.0
10-14,ARG,3580031.0
15-19,ARG,3472136.0
20-24,ARG,3497821.0
25-29,ARG,3505601.0
30-34,ARG,3297612.0
35-39,ARG,3200541.0
40-44,ARG,3060947.0
45-49,ARG,2627429.0
50-54,ARG,2275610.0
55-59,ARG,2148208.0
60-64,ARG,1944867.0
65-69,ARG,1690173.0
70-74,ARG,1365757.0
75-79,ARG,994390.0
80-84,ARG,656699.0
85-89,ARG,369922.0
90-94,ARG,159855.0
95+,ARG,49973.0
all-a,ARG,45116150.0
<1,ARM,37777.4
1-4,ARM,151109.6
5-9,ARM,208126.0
10-14,ARM,189489.0
15-19,ARM,166096.0
20-24,ARM,176061.0
25-29,ARM,232421.0
30-34,ARM,250056.0
35-39,ARM,225388.0
40-44,ARM,185444.0
45-49,ARM,161736.0
50-54,ARM,166233.0
55-59,ARM,206940.0
60-64,ARM,188770.0
65-69,ARM,134429.0
70-74,ARM,81584.0
75-79,ARM,50551.0
80-84,ARM,55951.0
85-89,ARM,23035.0
90-94,ARM,8243.0
95+,ARM,1049.0
all-a,ARM,2900489.0
<1,ASM,924.4000000000001
1-4,ASM,3697.6
5-9,ASM,5015.0
10-14,ASM,5374.0
15-19,ASM,4970.0
20-24,ASM,3324.0
25-29,ASM,3337.0
30-34,ASM,3057.0
35-39,ASM,2995.0
40-44,ASM,3240.0
45-49,ASM,3162.0
50-54,ASM,3122.0
55-59,ASM,2597.0
60-64,ASM,1950.0
65-69,ASM,1342.0
70-74,ASM,879.0
75-79,ASM,461.0
80-84,ASM,268.0
85-89,ASM,103.0
90-94,ASM,32.0
95+,ASM,5.0
all-a,ASM,49855.0
<1,ATG,1045.6000000000001
1-4,ATG,4182.4
5-9,ATG,5811.0
10-14,ATG,6582.0
15-19,ATG,6679.0
20-24,ATG,7169.0
25-29,ATG,7169.0
30-34,ATG,7089.0
35-39,ATG,6685.0
40-44,ATG,6429.0
45-49,ATG,6586.0
50-54,ATG,6743.0
55-59,ATG,5879.0
60-64,ATG,4697.0
65-69,ATG,3406.0
70-74,ATG,2297.0
75-79,ATG,1446.0
80-84,ATG,898.0
85-89,ATG,489.0
90-94,ATG,224.0
95+,ATG,86.0
all-a,ATG,91592.0
<1,AUS,310877.8
1-4,AUS,1243511.2
5-9,AUS,1627584.0
10-14,AUS,1591627.0
15-19,AUS,1499911.0
20-24,AUS,1737483.0
25-29,AUS,1904649.0
30-34,AUS,1911117.0
35-39,AUS,1824041.0
40-44,AUS,1618919.0
45-49,AUS,1692010.0
50-54,AUS,1563195.0
55-59,AUS,1570984.0
60-64,AUS,1426299.0
65-69,AUS,1253759.0
70-74,AUS,1091584.0
75-79,AUS,751504.0
80-84,AUS,518313.0
85-89,AUS,319553.0
90-94,AUS,154694.0
95+,AUS,44299.0
all-a,AUS,25655914.0
<1,AUT,87167.20000000001
1-4,AUT,348668.8
5-9,AUT,425229.0
10-14,AUT,421994.0
15-19,AUT,437861.0
20-24,AUT,517765.99999999994
25-29,AUT,601404.0
30-34,AUT,607617.0
35-39,AUT,610308.0
40-44,AUT,564436.0
45-49,AUT,622461.0
50-54,AUT,711411.0
55-59,AUT,685472.0
60-64,AUT,565630.0
65-69,AUT,450372.0
70-74,AUT,391642.0
75-79,AUT,377545.0
80-84,AUT,247935.0
85-89,AUT,143427.0
90-94,AUT,65976.0
95+,AUT,17626.0
all-a,AUT,8901948.0
<1,AZE,148896.80000000002
1-4,AZE,595587.2
5-9,AZE,861632.0
10-14,AZE,779544.0
15-19,AZE,645472.0
20-24,AZE,732882.0
25-29,AZE,940454.0
30-34,AZE,937129.0
35-39,AZE,800844.0
40-44,AZE,664887.0
45-49,AZE,607046.0
50-54,AZE,634501.0
55-59,AZE,630865.0
60-64,AZE,486869.0
65-69,AZE,297860.0
70-74,AZE,160988.0
75-79,AZE,91974.0
80-84,AZE,93776.0
85-89,AZE,33879.0
90-94,AZE,7708.0
95+,AZE,908.0
all-a,AZE,10153702.0
<1,BDI,427309.80000000005
1-4,BDI,1709239.2
5-9,BDI,2051476.0
10-14,BDI,1679631.0
15-19,BDI,1250115.0
20-24,BDI,982338.0
25-29,BDI,887869.0
30-34,BDI,855309.0
35-39,BDI,744285.0
40-44,BDI,530591.0
45-49,BDI,368601.0
50-54,BDI,270904.0
55-59,BDI,207683.0
60-64,BDI,174898.0
65-69,BDI,139898.0
70-74,BDI,78836.0
75-79,BDI,48871.0
80-84,BDI,23539.0
85-89,BDI,7985.0
90-94,BDI,1702.0
95+,BDI,226.0
all-a,BDI,12441306.0
<1,BEL,121881.0
1-4,BEL,487524.0
5-9,BEL,664343.0
10-14,BEL,668375.0
15-19,BEL,636445.0
20-24,BEL,672318.0
25-29,BEL,744441.0
30-34,BEL,747536.0
35-39,BEL,751878.0
40-44,BEL,738631.0
45-49,BEL,768804.0
50-54,BEL,791516.0
55-59,BEL,800154.0
60-64,BEL,723992.0
65-69,BEL,623537.0
70-74,BEL,547049.0
75-79,BEL,377310.0
80-84,BEL,321933.0
85-89,BEL,217865.0
90-94,BEL,93824.0
95+,BEL,24707.0
all-a,BEL,11524063.0
<1,BEN,421110.0
1-4,BEN,1684440.0
5-9,BEN,1833511.0
10-14,BEN,1578004.0
15-19,BEN,1345874.0
20-24,BEN,1162959.0
25-29,BEN,998483.0
30-34,BEN,844567.0
35-39,BEN,706623.0
40-44,BEN,563332.0
45-49,BEN,464434.0
50-54,BEN,380275.0
55-59,BEN,300749.0
60-64,BEN,222265.0
65-69,BEN,159713.0
70-74,BEN,112062.0
75-79,BEN,70216.0
80-84,BEN,33778.0
85-89,BEN,12419.0
90-94,BEN,3048.0
95+,BEN,477.0
all-a,BEN,12898339.0
<1,BFA,686997.4
1-4,BFA,2747989.6
5-9,BFA,3199759.0
10-14,BFA,2767364.0
15-19,BFA,2290086.0
20-24,BFA,1907643.0
25-29,BFA,1599932.0
30-34,BFA,1378643.0
35-39,BFA,1158962.0
40-44,BFA,917852.0
45-49,BFA,696751.0
50-54,BFA,553535.0
55-59,BFA,437797.0
60-64,BFA,332082.0
65-69,BFA,231579.0
70-74,BFA,161747.0
75-79,BFA,97903.0
80-84,BFA,40323.0
85-89,BFA,10828.0
90-94,BFA,1499.0
95+,BFA,62.0
all-a,BFA,21219334.0
<1,BGD,3166287.2
1-4,BGD,12665148.8
5-9,BGD,15794498.0
10-14,BGD,16990954.0
15-19,BGD,16995182.0
20-24,BGD,15783345.0
25-29,BGD,13961216.0
30-34,BGD,12906141.0
35-39,BGD,11905609.0
40-44,BGD,9688116.0
45-49,BGD,8345270.0
50-54,BGD,7033197.0
55-59,BGD,5958809.0
60-64,BGD,4879538.0
65-69,BGD,3750717.0
70-74,BGD,2626949.0
75-79,BGD,1740102.0
80-84,BGD,933191.0
85-89,BGD,384069.0
90-94,BGD,100703.0
95+,BGD,12580.0
all-a,BGD,165621622.0
<1,BGR,64101.600000000006
1-4,BGR,256406.4
5-9,BGR,339537.0
10-14,BGR,342225.0
15-19,BGR,312973.0
20-24,BGR,301637.0
25-29,BGR,390614.0
30-34,BGR,476447.0
35-39,BGR,479943.0
40-44,BGR,532847.0
45-49,BGR,522511.99999999994
50-54,BGR,479580.0
55-59,BGR,473765.0
60-64,BGR,474824.0
65-69,BGR,463822.0
70-74,BGR,418086.0
75-79,BGR,283872.0
80-84,BGR,192235.0
85-89,BGR,108944.0
90-94,BGR,31604.0
95+,BGR,5222.0
all-a,BGR,6951197.0
<1,BHS,4547.2
1-4,BHS,18188.8
5-9,BHS,26462.0
10-14,BHS,28582.0
15-19,BHS,27796.0
20-24,BHS,31375.0
25-29,BHS,33743.0
30-34,BHS,30487.0
35-39,BHS,28147.0
40-44,BHS,27521.0
45-49,BHS,28187.0
50-54,BHS,27391.0
55-59,BHS,22864.0
60-64,BHS,17125.0
65-69,BHS,13144.0
70-74,BHS,11421.0
75-79,BHS,9000.0
80-84,BHS,5322.0
85-89,BHS,2659.0
90-94,BHS,1122.0
95+,BHS,457.0
all-a,BHS,395541.0
<1,BIH,28102.2
1-4,BIH,112408.8
5-9,BIH,146608.0
10-14,BIH,165437.0
15-19,BIH,176945.0
20-24,BIH,185311.0
25-29,BIH,169634.0
30-34,BIH,200737.0
35-39,BIH,240530.0
40-44,BIH,259017.0
45-49,BIH,223780.0
50-54,BIH,229996.0
55-59,BIH,265829.0
60-64,BIH,255673.0
65-69,BIH,222320.0
70-74,BIH,154894.0
75-79,BIH,112528.0
80-84,BIH,97458.0
85-89,BIH,52477.0
90-94,BIH,19581.0
95+,BIH,4756.0
all-a,BIH,3324022.0
<1,BLR,104564.79999999999
1-4,BLR,418259.19999999995
5-9,BLR,574550.0
10-14,BLR,502181.0
15-19,BLR,441117.0
20-24,BLR,465744.0
25-29,BLR,628151.0
30-34,BLR,767892.0
35-39,BLR,735063.0
40-44,BLR,662593.0
45-49,BLR,638254.0
50-54,BLR,622247.0
55-59,BLR,707782.0
60-64,BLR,667413.0
65-69,BLR,512272.00000000006
70-74,BLR,354048.0
75-79,BLR,227272.0
80-84,BLR,225346.0
85-89,BLR,101902.0
90-94,BLR,37901.0
95+,BLR,5618.0
all-a,BLR,9400170.0
<1,BLZ,7718.8
1-4,BLZ,30875.2
5-9,BLZ,36537.0
10-14,BLZ,38132.0
15-19,BLZ,39158.0
20-24,BLZ,38223.0
25-29,BLZ,36272.0
30-34,BLZ,32232.0
35-39,BLZ,27597.0
40-44,BLZ,23369.0
45-49,BLZ,20480.0
50-54,BLZ,16689.0
55-59,BLZ,13711.0
60-64,BLZ,10080.0
65-69,BLZ,6990.0
70-74,BLZ,4497.0
75-79,BLZ,2799.0
80-84,BLZ,1736.0
85-89,BLZ,854.0
90-94,BLZ,282.0
95+,BLZ,50.0
all-a,BLZ,388282.0
<1,BOL,249035.40000000002
1-4,BOL,996141.6
5-9,BOL,1223179.0
10-14,BOL,1191024.0
15-19,BOL,1136255.0
20-24,BOL,1095219.0
25-29,BOL,1028733.0
30-34,BOL,910710.0
35-39,BOL,780294.0
40-44,BOL,678071.0
45-49,BOL,577922.0
50-54,BOL,488961.0
55-59,BOL,405062.0
60-64,BOL,320199.0
65-69,BOL,242281.0
70-74,BOL,184738.0
75-79,BOL,124676.0
80-84,BOL,71597.0
85-89,BOL,34315.0
90-94,BOL,11741.0
95+,BOL,2539.0
all-a,BOL,11752693.0
<1,BRA,2838265.4000000004
1-4,BRA,11353061.6
5-9,BRA,14426884.0
10-14,BRA,14899804.0
15-19,BRA,15866017.0
20-24,BRA,16695551.0
25-29,BRA,16317019.0
30-34,BRA,16873230.0
35-39,BRA,16884387.0
40-44,BRA,15341599.0
45-49,BRA,13592097.0
50-54,BRA,12403295.0
55-59,BRA,11459212.0
60-64,BRA,9515814.0
65-69,BRA,7384681.0
70-74,BRA,5199376.0
75-79,BRA,3470272.0
80-84,BRA,2119642.0
85-89,BRA,1044255.0000000001
90-94,BRA,360033.0
95+,BRA,82431.0
all-a,BRA,208126926.0
<1,BRB,3216.2000000000003
1-4,BRB,12864.8
5-9,BRB,16717.0
10-14,BRB,18270.0
15-19,BRB,18758.0
20-24,BRB,18194.0
25-29,BRB,18816.0
30-34,BRB,18274.0
35-39,BRB,19103.0
40-44,BRB,18615.0
45-49,BRB,20004.0
50-54,BRB,19485.0
55-59,BRB,20061.0
60-64,BRB,18202.0
65-69,BRB,14449.0
70-74,BRB,10967.0
75-79,BRB,7288.0
80-84,BRB,4803.0
85-89,BRB,2426.0
90-94,BRB,792.0
95+,BRB,138.0
all-a,BRB,281443.0
<1,BRN,6506.4
1-4,BRN,26025.6
5-9,BRN,32800.0
10-14,BRN,31528.0
15-19,BRN,35496.0
20-24,BRN,39434.0
25-29,BRN,41186.0
30-34,BRN,41237.0
35-39,BRN,38677.0
40-44,BRN,35177.0
45-49,BRN,31204.0
50-54,BRN,25460.0
55-59,BRN,20389.0
60-64,BRN,15714.0
65-69,BRN,10773.0
70-74,BRN,6147.0
75-79,BRN,3764.0
80-84,BRN,2185.0
85-89,BRN,1008.0
90-94,BRN,295.0
95+,BRN,71.0
all-a,BRN,445077.0
<1,BTN,10326.0
1-4,BTN,41304.0
5-9,BTN,63647.0
10-14,BTN,66918.0
15-19,BTN,72664.0
20-24,BTN,73886.0
25-29,BTN,82442.0
30-34,BTN,76331.0
35-39,BTN,62319.0
40-44,BTN,50726.0
45-49,BTN,38700.0
50-54,BTN,33484.0
55-59,BTN,26343.0
60-64,BTN,22423.0
65-69,BTN,16985.0
70-74,BTN,11882.0
75-79,BTN,8440.0
80-84,BTN,5040.0
85-89,BTN,2504.0
90-94,BTN,764.0
95+,BTN,166.0
all-a,BTN,767294.0
<1,BWA,55063.8
1-4,BWA,220255.2
5-9,BWA,253932.0
10-14,BWA,247669.0
15-19,BWA,245144.0
20-24,BWA,241445.0
25-29,BWA,237358.0
30-34,BWA,192661.0
35-39,BWA,151511.0
40-44,BWA,121676.0
45-49,BWA,99819.0
50-54,BWA,82144.0
55-59,BWA,61359.0
60-64,BWA,47727.0
65-69,BWA,36936.0
70-74,BWA,24363.0
75-79,BWA,15161.0
80-84,BWA,8957.0
85-89,BWA,4035.9999999999995
90-94,BWA,1211.0
95+,BWA,324.0
all-a,BWA,2348752.0
<1,CAF,181332.80000000002
1-4,CAF,725331.2
5-9,CAF,834363.0
10-14,CAF,689928.0
15-19,CAF,617381.0
20-24,CAF,481001.0
25-29,CAF,335840.0
30-34,CAF,238848.0
35-39,CAF,175082.0
40-44,CAF,134759.0
45-49,CAF,129029.0
50-54,CAF,121669.0
55-59,CAF,104523.0
60-64,CAF,83357.0
65-69,CAF,57530.0
70-74,CAF,28466.0
75-79,CAF,14256.0
80-84,CAF,5917.0
85-89,CAF,1755.0
90-94,CAF,175.0
95+,CAF,1.0
all-a,CAF,4960544.0
<1,CAN,387384.80000000005
1-4,CAN,1549539.2
5-9,CAN,2054889.9999999998
10-14,CAN,2065255.9999999998
15-19,CAN,2121596.0
20-24,CAN,2499342.0
25-29,CAN,2653023.0
30-34,CAN,2648817.0
35-39,CAN,2618471.0
40-44,CAN,2454369.0
45-49,CAN,2407564.0
50-54,CAN,2499056.0
55-59,CAN,2768764.0
60-64,CAN,2544089.0
65-69,CAN,2139047.0
70-74,CAN,1748841.0
75-79,CAN,1194948.0
80-84,CAN,801567.0
85-89,CAN,523982.0
90-94,CAN,253396.0
95+,CAN,84541.0
all-a,CAN,38018483.0
<1,CHE,87537.40000000001
1-4,CHE,350149.6
5-9,CHE,435337.0
10-14,CHE,421870.0
15-19,CHE,422273.0
20-24,CHE,479495.0
25-29,CHE,565835.0
30-34,CHE,612072.0
35-39,CHE,617090.0
40-44,CHE,588145.0
45-49,CHE,610160.0
50-54,CHE,662802.0
55-59,CHE,630014.0
60-64,CHE,517363.00000000006
65-69,CHE,430602.0
70-74,CHE,400093.0
75-79,CHE,321429.0
80-84,CHE,225317.0
85-89,CHE,146680.0
90-94,CHE,65971.0
95+,CHE,18192.0
all-a,CHE,8608427.0
<1,CHL,229552.80000000002
1-4,CHL,918211.2
5-9,CHL,1236403.0
10-14,CHL,1202300.0
15-19,CHL,1271921.0
20-24,CHL,1483122.0
25-29,CHL,1619775.0
30-34,CHL,1565317.0
35-39,CHL,1422831.0
40-44,CHL,1339508.0
45-49,CHL,1292445.0
50-54,CHL,1234159.0
55-59,CHL,1126519.0
60-64,CHL,979757.0
65-69,CHL,804490.0
70-74,CHL,599786.0
75-79,CHL,409587.0
80-84,CHL,288044.0
85-89,CHL,184955.0
90-94,CHL,93947.0
95+,CHL,28784.0
all-a,CHL,19331414.0
<1,CHN,16664807.8
1-4,CHN,66659231.2
5-9,CHN,90665187.0
10-14,CHN,84275380.0
15-19,CHN,79871927.0
20-24,CHN,83890738.0
25-29,CHN,103235336.0
30-34,CHN,120269587.0
35-39,CHN,101964437.0
40-44,CHN,93662590.0
45-49,CHN,120078594.0
50-54,CHN,118520576.0
55-59,CHN,92291581.0
60-64,CHN,77373733.0
65-69,CHN,71157468.0
70-74,CHN,44470526.0
75-79,CHN,28562027.0
80-84,CHN,18715140.0
85-89,CHN,9531784.0
90-94,CHN,3034738.0
95+,CHN,540456.0
all-a,CHN,1425435844.0
<1,CIV,908242.6000000001
1-4,CIV,3632970.4
5-9,CIV,4034535.0
10-14,CIV,3490433.0
15-19,CIV,2832836.0
20-24,CIV,2380838.0
25-29,CIV,2230742.0
30-34,CIV,2118954.0
35-39,CIV,1836233.0
40-44,CIV,1448157.0
45-49,CIV,1070491.0
50-54,CIV,803540.0
55-59,CIV,613049.0
60-64,CIV,444719.0
65-69,CIV,300865.0
70-74,CIV,194123.0
75-79,CIV,116502.0
80-84,CIV,61216.0
85-89,CIV,26631.0
90-94,CIV,9880.0
95+,CIV,2953.0
all-a,CIV,28557910.0
<1,CMR,838049.6
1-4,CMR,3352198.3999999994
5-9,CMR,3623727.0
10-14,CMR,3215642.0
15-19,CMR,2713405.0
20-24,CMR,2316888.0
25-29,CMR,2063053.0
30-34,CMR,1779814.0
35-39,CMR,1472814.0
40-44,CMR,1172036.0
45-49,CMR,929125.0
50-54,CMR,708857.0
55-59,CMR,539118.0
60-64,CMR,413136.0
65-69,CMR,297368.0
70-74,CMR,200982.0
75-79,CMR,126451.0
80-84,CMR,63855.0
85-89,CMR,23823.0
90-94,CMR,5993.0
95+,CMR,974.0
all-a,CMR,25857309.0
<1,COD,3479216.6
1-4,COD,13916866.4
5-9,COD,14313116.0
10-14,COD,11750848.0
15-19,COD,9795050.0
20-24,COD,8349607.0
25-29,COD,6833799.0
30-34,COD,5600705.0
35-39,COD,4448988.0
40-44,COD,3564215.0
45-49,COD,3075405.0
50-54,COD,2615177.0
55-59,COD,2113110.0
60-64,COD,1637256.0
65-69,COD,1197846.0
70-74,COD,854966.0
75-79,COD,517201.0
80-84,COD,245088.0
85-89,COD,83651.0
90-94,COD,18310.0
95+,COD,2335.0
all-a,COD,94412756.0
<1,COG,171347.0
1-4,COG,685388.0
5-9,COG,829233.0
10-14,COG,693464.0
15-19,COG,557838.0
20-24,COG,466295.0
25-29,COG,411716.0
30-34,COG,379979.0
35-39,COG,341838.0
40-44,COG,300183.0
45-49,COG,243584.0
50-54,COG,195934.0
55-59,COG,146726.0
60-64,COG,103873.0
65-69,COG,67530.0
70-74,COG,42889.0
75-79,COG,25232.0
80-84,COG,13661.0
85-89,COG,5078.0
90-94,COG,1326.0
95+,COG,167.0
all-a,COG,5683281.0
<1,COL,696810.4
1-4,COL,2787241.6
5-9,COL,3618158.0
10-14,COL,3902207.0
15-19,COL,4217940.0
20-24,COL,4453414.0
25-29,COL,4434653.0
30-34,COL,4018265.0
35-39,COL,3755263.0
40-44,COL,3361021.0
45-49,COL,3065584.0
50-54,COL,2967796.0
55-59,COL,2688092.0
60-64,COL,2166406.0
65-69,COL,1621622.0
70-74,COL,1139145.0
75-79,COL,739454.0
80-84,COL,412607.0
85-89,COL,198183.0
90-94,COL,66278.0
95+,COL,16791.0
all-a,COL,50326931.0
<1,COM,22193.2
1-4,COM,88772.8
5-9,COM,102210.0
10-14,COM,91772.0
15-19,COM,83099.0
20-24,COM,68813.0
25-29,COM,57910.0
30-34,COM,54835.0
35-39,COM,48835.0
40-44,COM,41671.0
45-49,COM,33355.0
50-54,COM,27151.0
55-59,COM,21189.0
60-64,COM,16771.0
65-69,COM,13185.0
70-74,COM,10381.0
75-79,COM,7266.0
80-84,COM,3191.0
85-89,COM,1204.0
90-94,COM,249.0
95+,COM,34.0
all-a,COM,794087.0
<1,CPV,9548.2
1-4,CPV,38192.8
5-9,CPV,49288.0
10-14,CPV,48995.0
15-19,CPV,44389.0
20-24,CPV,45080.0
25-29,CPV,49438.0
30-34,CPV,46344.0
35-39,CPV,38285.0
40-44,CPV,30039.0
45-49,CPV,24329.0
50-54,CPV,23587.0
55-59,CPV,20908.0
60-64,CPV,15693.0
65-69,CPV,10891.0
70-74,CPV,7926.0
75-79,CPV,5179.0
80-84,CPV,4014.0000000000005
85-89,CPV,1810.0
90-94,CPV,486.0
95+,CPV,74.0
all-a,CPV,514496.0
<1,CRI,67252.6
1-4,CRI,269010.4
5-9,CRI,352431.0
10-14,CRI,363357.0
15-19,CRI,373762.0
20-24,CRI,399922.0
25-29,CRI,411396.0
30-34,CRI,417370.0
35-39,CRI,385722.0
40-44,CRI,339885.0
45-49,CRI,305220.0
50-54,CRI,299068.0
55-59,CRI,284815.0
60-64,CRI,233441.0
65-69,CRI,178260.0
70-74,CRI,134035.0
75-79,CRI,92749.0
80-84,CRI,60413.0
85-89,CRI,33194.0
90-94,CRI,13814.0
95+,CRI,4101.0
all-a,CRI,5019218.0
<1,CUB,113528.0
1-4,CUB,454112.0
5-9,CUB,622159.0
10-14,CUB,587678.0
15-19,CUB,666588.0
20-24,CUB,689299.0
25-29,CUB,737125.0
30-34,CUB,793332.0
35-39,CUB,656071.0
40-44,CUB,687674.0
45-49,CUB,955893.0
50-54,CUB,993156.0
55-59,CUB,896087.0
60-64,CUB,599855.0
65-69,CUB,536586.0
70-74,CUB,447068.0
75-79,CUB,340825.0
80-84,CUB,217977.0
85-89,CUB,120179.0
90-94,CUB,55284.0
95+,CUB,18267.0
all-a,CUB,11188743.0
<1,CYP,14396.2
1-4,CYP,57584.8
5-9,CYP,69811.0
10-14,CYP,64471.99999999999
15-19,CYP,66263.0
20-24,CYP,81617.0
25-29,CYP,108846.0
30-34,CYP,127331.0
35-39,CYP,118408.0
40-44,CYP,100049.0
45-49,CYP,87388.0
50-54,CYP,81970.0
55-59,CYP,74902.0
60-64,CYP,66847.0
65-69,CYP,55066.0
70-74,CYP,45874.0
75-79,CYP,33887.0
80-84,CYP,22237.0
85-89,CYP,11724.0
90-94,CYP,4603.0
95+,CYP,1228.0
all-a,CYP,1294504.0
<1,CZE,112728.8
1-4,CZE,450915.2
5-9,CZE,555030.0
10-14,CZE,567027.0
15-19,CZE,480979.0
20-24,CZE,481213.0
25-29,CZE,639547.0
30-34,CZE,694195.0
35-39,CZE,737242.0
40-44,CZE,904969.0
45-49,CZE,828793.0
50-54,CZE,679883.0
55-59,CZE,648446.0
60-64,CZE,648805.0
65-69,CZE,677852.0
70-74,CZE,602221.0
75-79,CZE,407744.0
80-84,CZE,233852.0
85-89,CZE,141879.0
90-94,CZE,53387.0
95+,CZE,10734.0
all-a,CZE,10557442.0
<1,DEU,796976.6000000001
1-4,DEU,3187906.4
5-9,DEU,3752051.0
10-14,DEU,3729454.0
15-19,DEU,3967519.0
20-24,DEU,4645526.0
25-29,DEU,5103893.0
30-34,DEU,5522458.0
35-39,DEU,5315804.0
40-44,DEU,4950284.0
45-49,DEU,5311094.0
50-54,DEU,6746339.0
55-59,DEU,6759468.0
60-64,DEU,5669830.0
65-69,DEU,4873302.0
70-74,DEU,3705668.0
75-79,DEU,3891560.0
80-84,DEU,3298426.0
85-89,DEU,1577665.0
90-94,DEU,668622.0
95+,DEU,160961.0
all-a,DEU,83634807.0
<1,DJI,22873.0
1-4,DJI,91492.0
5-9,DJI,113717.0
10-14,DJI,115089.0
15-19,DJI,115947.0
20-24,DJI,101932.0
25-29,DJI,93782.0
30-34,DJI,82759.0
35-39,DJI,74581.0
40-44,DJI,68639.0
45-49,DJI,58985.0
50-54,DJI,46683.0
55-59,DJI,35484.0
60-64,DJI,26350.0
65-69,DJI,19343.0
70-74,DJI,14687.0
75-79,DJI,8601.0
80-84,DJI,4207.0
85-89,DJI,1516.0
90-94,DJI,346.0
95+,DJI,45.0
all-a,DJI,1097058.0
<1,DNK,61574.600000000006
1-4,DNK,246298.4
5-9,DNK,306591.0
10-14,DNK,338618.0
15-19,DNK,343277.0
20-24,DNK,381884.0
25-29,DNK,400809.0
30-34,DNK,358332.0
35-39,DNK,328448.0
40-44,DNK,364161.0
45-49,DNK,391883.0
50-54,DNK,411912.0
55-59,DNK,388531.0
60-64,DNK,344360.0
65-69,DNK,319267.0
70-74,DNK,324543.0
75-79,DNK,239832.0
80-84,DNK,147855.0
85-89,DNK,79429.0
90-94,DNK,34811.0
95+,DNK,10528.0
all-a,DNK,5822944.0
<1,DOM,205328.40000000002
1-4,DOM,821313.6
5-9,DOM,1029862.0000000001
10-14,DOM,988791.0
15-19,DOM,997014.0
20-24,DOM,954192.0
25-29,DOM,923410.0
30-34,DOM,829011.0
35-39,DOM,750246.0
40-44,DOM,681045.0
45-49,DOM,611197.0
50-54,DOM,542898.0
55-59,DOM,483439.0
60-64,DOM,397389.0
65-69,DOM,287278.0
70-74,DOM,186419.0
75-79,DOM,115892.0
80-84,DOM,77704.0
85-89,DOM,41661.0
90-94,DOM,17556.0
95+,DOM,6927.0
all-a,DOM,10948573.0
<1,DZA,1006992.2000000001
1-4,DZA,4027968.8
5-9,DZA,4634275.0
10-14,DZA,3769632.0
15-19,DZA,2962982.0
20-24,DZA,3012518.0
25-29,DZA,3484745.0
30-34,DZA,3724954.0
35-39,DZA,3620146.0
40-44,DZA,3070020.0
45-49,DZA,2568078.0
50-54,DZA,2176807.0
55-59,DZA,1719209.0
60-64,DZA,1349873.0
65-69,DZA,1045887.0
70-74,DZA,651993.0
75-79,DZA,425851.0
80-84,DZA,271396.0
85-89,DZA,122718.0
90-94,DZA,33325.0
95+,DZA,6050.0
all-a,DZA,43685420.0
<1,ECU,294170.60000000003
1-4,ECU,1176682.4
5-9,ECU,1582568.0
10-14,ECU,1594181.0
15-19,ECU,1579255.0
20-24,ECU,1578402.0
25-29,ECU,1507348.0
30-34,ECU,1382253.0
35-39,ECU,1262159.0
40-44,ECU,1104140.0
45-49,ECU,968802.0
50-54,ECU,838036.0
55-59,ECU,707342.0
60-64,ECU,584217.0
65-69,ECU,475260.0
70-74,ECU,353973.0
75-79,ECU,243408.0
80-84,ECU,142720.0
85-89,ECU,68706.0
90-94,ECU,23757.0
95+,ECU,5625.0
all-a,ECU,17473005.0
<1,EGY,2570814.2
1-4,EGY,10283256.8
5-9,EGY,12708463.0
10-14,EGY,10886712.0
15-19,EGY,9792605.0
20-24,EGY,8994069.0
25-29,EGY,8626536.0
30-34,EGY,8478710.0
35-39,EGY,7489750.0
40-44,EGY,6386978.0
45-49,EGY,5408732.0
50-54,EGY,4675147.0
55-59,EGY,3966008.0
60-64,EGY,3140793.0
65-69,EGY,2269442.0
70-74,EGY,1479512.0
75-79,EGY,740782.0
80-84,EGY,382256.0
85-89,EGY,145904.0
90-94,EGY,29908.0
95+,EGY,3218.0
all-a,EGY,108459596.0
<1,ERI,89202.40000000001
1-4,ERI,356809.6
5-9,ERI,446950.0
10-14,ERI,435558.0
15-19,ERI,383412.0
20-24,ERI,321602.0
25-29,ERI,233494.0
30-34,ERI,187320.0
35-39,ERI,151041.0
40-44,ERI,141637.0
45-49,ERI,123505.0
50-54,ERI,106407.0
55-59,ERI,86608.0
60-64,ERI,65251.00000000001
65-69,ERI,48946.0
70-74,ERI,39449.0
75-79,ERI,26407.0
80-84,ERI,13068.0
85-89,ERI,4527.0
90-94,ERI,837.0
95+,ERI,39.0
all-a,ERI,3262070.0
<1,ESP,400743.2
1-4,ESP,1602972.8
5-9,ESP,2312397.0
10-14,ESP,2511578.0
15-19,ESP,2390814.0
20-24,ESP,2370545.0
25-29,ESP,2599339.0
30-34,ESP,2862582.0
35-39,ESP,3370716.0
40-44,ESP,3959009.0
45-49,ESP,3882864.0
50-54,ESP,3721488.0
55-59,ESP,3439804.0
60-64,ESP,2939105.0
65-69,ESP,2430040.0
70-74,ESP,2227894.0
75-79,ESP,1765416.0
80-84,ESP,1291103.0
85-89,ESP,1005764.0
90-94,ESP,434691.0
95+,ESP,118207.0
all-a,ESP,47637072.0
<1,EST,14247.0
1-4,EST,56988.0
5-9,EST,72778.0
10-14,EST,74689.0
15-19,EST,62917.0
20-24,EST,63051.0
25-29,EST,81682.0
30-34,EST,101265.0
35-39,EST,95087.0
40-44,EST,91061.0
45-49,EST,91734.0
50-54,EST,83813.0
55-59,EST,87640.0
60-64,EST,85736.0
65-69,EST,77501.0
70-74,EST,62709.0
75-79,EST,48633.0
80-84,EST,42461.0
85-89,EST,23127.0
90-94,EST,9748.0
95+,EST,1990.0
all-a,EST,1328857.0
<1,ETH,3496804.6
1-4,ETH,13987218.4
5-9,ETH,15406992.0
10-14,ETH,14800643.0
15-19,ETH,13440482.0
20-24,ETH,11702134.0
25-29,ETH,9785558.0
30-34,ETH,7696183.0
35-39,ETH,5931548.0
40-44,ETH,5037460.0
45-49,ETH,4135223.0
50-54,ETH,3499658.0
55-59,ETH,2780675.0
60-64,ETH,2014470.0
65-69,ETH,1431724.0
70-74,ETH,1069133.0
75-79,ETH,637422.0
80-84,ETH,308196.0
85-89,ETH,108982.0
90-94,ETH,24588.0
95+,ETH,3285.0
all-a,ETH,117298379.0
<1,FIN,51185.600000000006
1-4,FIN,204742.4
5-9,FIN,306290.0
10-14,FIN,308824.0
15-19,FIN,296665.0
20-24,FIN,313951.0
25-29,FIN,355691.0
30-34,FIN,350762.0
35-39,FIN,360790.0
40-44,FIN,346486.0
45-49,FIN,314371.0
50-54,FIN,355789.0
55-59,FIN,368878.0
60-64,FIN,359623.0
65-69,FIN,356965.0
70-74,FIN,349757.0
75-79,FIN,212180.0
80-84,FIN,161296.0
85-89,FIN,96750.0
90-94,FIN,43577.0
95+,FIN,10772.0
all-a,FIN,5525345.0
<1,FJI,17532.600000000002
1-4,FJI,70130.4
5-9,FJI,87443.0
10-14,FJI,84862.0
15-19,FJI,77100.0
20-24,FJI,75622.0
25-29,FJI,75040.0
30-34,FJI,71365.0
35-39,FJI,69589.0
40-44,FJI,58773.0
45-49,FJI,48128.0
50-54,FJI,47498.0
55-59,FJI,43220.0
60-64,FJI,33276.0
65-69,FJI,22688.0
70-74,FJI,15695.0
75-79,FJI,9165.0
80-84,FJI,4474.0
85-89,FJI,1591.0
90-94,FJI,367.0
95+,FJI,42.0
all-a,FJI,913601.0
<1,FRA,709027.0
1-4,FRA,2836108.0
5-9,FRA,3920687.0
10-14,FRA,4067487.0
15-19,FRA,4030818.0
20-24,FRA,3859595.0
25-29,FRA,3703581.0
30-34,FRA,3939963.0
35-39,FRA,4058305.0
40-44,FRA,4057122.0
45-49,FRA,4417911.0
50-54,FRA,4300830.0
55-59,FRA,4288969.0
60-64,FRA,4068862.0
65-69,FRA,3861811.0
70-74,FRA,3433992.0
75-79,FRA,2162665.0
80-84,FRA,1840960.0
85-89,FRA,1362673.0
90-94,FRA,676760.0
95+,FRA,218666.0
all-a,FRA,65816792.0
<1,GAB,63764.600000000006
1-4,GAB,255058.4
5-9,GAB,285257.0
10-14,GAB,240726.0
15-19,GAB,207694.0
20-24,GAB,191516.0
25-29,GAB,192525.0
30-34,GAB,184056.0
35-39,GAB,161027.0
40-44,GAB,130467.99999999999
45-49,GAB,102666.0
50-54,GAB,79744.0
55-59,GAB,62058.0
60-64,GAB,47152.0
65-69,GAB,35456.0
70-74,GAB,24789.0
75-79,GAB,16050.999999999998
80-84,GAB,9380.0
85-89,GAB,4268.0
90-94,GAB,1394.0
95+,GAB,363.0
all-a,GAB,2295413.0
<1,GBR,769441.4
1-4,GBR,3077765.6
5-9,GBR,4197731.0
10-14,GBR,4060576.0
15-19,GBR,3728103.0
20-24,GBR,4179654.9999999995
25-29,GBR,4529928.0
30-34,GBR,4462747.0
35-39,GBR,4482919.0
40-44,GBR,4143314.9999999995
45-49,GBR,4426631.0
50-54,GBR,4577908.0
55-59,GBR,4301759.0
60-64,GBR,3854798.0
65-69,GBR,3402148.0
70-74,GBR,3337775.0
75-79,GBR,2358096.0
80-84,GBR,1731733.0
85-89,GBR,1045388.9999999999
90-94,GBR,471717.0
95+,GBR,141753.0
all-a,GBR,67281888.0
<1,GEO,55834.200000000004
1-4,GEO,223336.8
5-9,GEO,277649.0
10-14,GEO,237287.0
15-19,GEO,207234.0
20-24,GEO,219077.0
25-29,GEO,261781.99999999997
30-34,GEO,284843.0
35-39,GEO,265754.0
40-44,GEO,244430.0
45-49,GEO,236062.0
50-54,GEO,231537.0
55-59,GEO,258565.0
60-64,GEO,231363.0
65-69,GEO,190138.0
70-74,GEO,134254.0
75-79,GEO,93328.0
80-84,GEO,89779.0
85-89,GEO,38303.0
90-94,GEO,13742.0
95+,GEO,2578.0
all-a,GEO,3796876.0
<1,GHA,841262.6000000001
1-4,GHA,3365050.4
5-9,GHA,4026672.0
10-14,GHA,3575007.0
15-19,GHA,3209601.0
20-24,GHA,2763177.0
25-29,GHA,2563984.0
30-34,GHA,2336865.0
35-39,GHA,2032763.0
40-44,GHA,1711286.0
45-49,GHA,1370347.0
50-54,GHA,1146687.0
55-59,GHA,912219.0
60-64,GHA,624295.0
65-69,GHA,435675.0
70-74,GHA,297970.0
75-79,GHA,197963.0
80-84,GHA,108331.0
85-89,GHA,40506.0
90-94,GHA,8587.0
95+,GHA,973.0
all-a,GHA,31569221.0
<1,GIN,418094.4000000001
1-4,GIN,1672377.6
5-9,GIN,1849031.0
10-14,GIN,1642467.0
15-19,GIN,1433694.0
20-24,GIN,1289804.0
25-29,GIN,1089624.0
30-34,GIN,854712.0
35-39,GIN,644450.0
40-44,GIN,507569.0
45-49,GIN,430345.0
50-54,GIN,369875.0
55-59,GIN,305324.0
60-64,GIN,238943.0
65-69,GIN,181193.0
70-74,GIN,127773.0
75-79,GIN,82437.0
80-84,GIN,43423.0
85-89,GIN,16613.0
90-94,GIN,3979.0
95+,GIN,491.0
all-a,GIN,13202219.0
<1,GMB,75089.8
1-4,GMB,300359.2
5-9,GMB,361984.0
10-14,GMB,312722.0
15-19,GMB,266249.0
20-24,GMB,235930.0
25-29,GMB,204396.0
30-34,GMB,163514.0
35-39,GMB,125910.0
40-44,GMB,96450.0
45-49,GMB,86220.0
50-54,GMB,78733.0
55-59,GMB,64394.99999999999
60-64,GMB,45544.0
65-69,GMB,28676.0
70-74,GMB,18944.0
75-79,GMB,11929.0
80-84,GMB,5724.0
85-89,GMB,2226.0
90-94,GMB,542.0
95+,GMB,65.0
all-a,GMB,2485602.0
<1,GNB,58093.0
1-4,GNB,232372.0
5-9,GNB,275108.0
10-14,GNB,245356.0
15-19,GNB,213408.0
20-24,GNB,185632.0
25-29,GNB,159428.0
30-34,GNB,138343.0
35-39,GNB,117511.0
40-44,GNB,95717.0
45-49,GNB,76643.0
50-54,GNB,54627.0
55-59,GNB,42999.0
60-64,GNB,35483.0
65-69,GNB,26643.0
70-74,GNB,16604.0
75-79,GNB,9310.0
80-84,GNB,4781.0
85-89,GNB,1924.0
90-94,GNB,520.0
95+,GNB,93.0
all-a,GNB,1990595.0
<1,GNQ,48421.600000000006
1-4,GNQ,193686.4
5-9,GNQ,217087.0
10-14,GNQ,183638.0
15-19,GNQ,147459.0
20-24,GNQ,133778.0
25-29,GNQ,138984.0
30-34,GNQ,141065.0
35-39,GNQ,115454.0
40-44,GNQ,92882.0
45-49,GNQ,76791.0
50-54,GNQ,61807.0
55-59,GNQ,51254.0
60-64,GNQ,35858.0
65-69,GNQ,26495.0
70-74,GNQ,15421.0
75-79,GNQ,9459.0
80-84,GNQ,4818.0
85-89,GNQ,1867.0
90-94,GNQ,566.0
95+,GNQ,183.0
all-a,GNQ,1696974.0
<1,GRC,92391.20000000001
1-4,GRC,369564.8
5-9,GRC,511956.0
10-14,GRC,553603.0
15-19,GRC,549712.0
20-24,GRC,559599.0
25-29,GRC,564679.0
30-34,GRC,596442.0
35-39,GRC,736794.0
40-44,GRC,799796.0
45-49,GRC,799708.0
50-54,GRC,797829.0
55-59,GRC,717643.0
60-64,GRC,682640.0
65-69,GRC,609002.0
70-74,GRC,568262.0
75-79,GRC,435679.0
80-84,GRC,391294.0
85-89,GRC,246818.0
90-94,GRC,105218.0
95+,GRC,26650.0
all-a,GRC,10715280.0
<1,GRD,1436.8000000000002
1-4,GRD,5747.2
5-9,GRD,8592.0
10-14,GRD,8688.0
15-19,GRD,8395.0
20-24,GRD,9179.0
25-29,GRD,10051.0
30-34,GRD,10961.0
35-39,GRD,8871.0
40-44,GRD,6518.0
45-49,GRD,6263.0
50-54,GRD,6309.0
55-59,GRD,6772.0
60-64,GRD,5720.0
65-69,GRD,4065.0000000000005
70-74,GRD,2891.0
75-79,GRD,2155.0
80-84,GRD,1830.0
85-89,GRD,1096.0
90-94,GRD,454.0
95+,GRD,132.0
all-a,GRD,116126.0
<1,GTM,400870.0
1-4,GTM,1603480.0
5-9,GTM,1965141.0
10-14,GTM,1903167.0
15-19,GTM,1884988.0
20-24,GTM,1759599.0
25-29,GTM,1563979.0
30-34,GTM,1323589.0
35-39,GTM,1093186.0
40-44,GTM,865592.0
45-49,GTM,678874.0
50-54,GTM,555501.0
55-59,GTM,462930.0
60-64,GTM,389307.0
65-69,GTM,299868.0
70-74,GTM,213479.0
75-79,GTM,138881.0
80-84,GTM,78205.0
85-89,GTM,36620.0
90-94,GTM,10010.0
95+,GTM,1355.0
all-a,GTM,17228621.0
<1,GUF,6384.0
1-4,GUF,25536.0
5-9,GUF,30501.0
10-14,GUF,30519.0
15-19,GUF,26932.0
20-24,GUF,19962.0
25-29,GUF,19759.0
30-34,GUF,20149.0
35-39,GUF,20206.0
40-44,GUF,17951.0
45-49,GUF,16651.0
50-54,GUF,14006.0
55-59,GUF,12151.0
60-64,GUF,9690.0
65-69,GUF,6961.0
70-74,GUF,4638.0
75-79,GUF,2805.0
80-84,GUF,1676.0
85-89,GUF,971.0
90-94,GUF,331.0
95+,GUF,70.0
all-a,GUF,287849.0
<1,GUY,16618.4
1-4,GUY,66473.6
5-9,GUY,79419.0
10-14,GUY,74285.0
15-19,GUY,74203.0
20-24,GUY,79929.0
25-29,GUY,68949.0
30-34,GUY,52092.0
35-39,GUY,47116.0
40-44,GUY,47062.0
45-49,GUY,44775.0
50-54,GUY,41032.0
55-59,GUY,35588.0
60-64,GUY,27970.0
65-69,GUY,19198.0
70-74,GUY,13092.0
75-79,GUY,7761.0
80-84,GUY,4518.0
85-89,GUY,2061.0
90-94,GUY,770.0
95+,GUY,287.0
all-a,GUY,803199.0
<1,HND,221948.2
1-4,HND,887792.8
5-9,HND,1073940.0
10-14,HND,1066903.0
15-19,HND,1070178.0
20-24,HND,1006793.0
25-29,HND,904223.0
30-34,HND,794528.0
35-39,HND,698848.0
40-44,HND,588965.0
45-49,HND,456119.0
50-54,HND,354813.0
55-59,HND,283146.0
60-64,HND,228513.0
65-69,HND,174287.0
70-74,HND,110387.0
75-79,HND,61133.0
80-84,HND,32873.0
85-89,HND,13502.0
90-94,HND,3505.0
95+,HND,565.0
all-a,HND,10032962.0
<1,HRV,34431.0
1-4,HRV,137724.0
5-9,HRV,196865.0
10-14,HRV,206897.0
15-19,HRV,194832.0
20-24,HRV,214900.0
25-29,HRV,211165.0
30-34,HRV,237385.0
35-39,HRV,270698.0
40-44,HRV,274422.0
45-49,HRV,266999.0
50-54,HRV,283059.0
55-59,HRV,292206.0
60-64,HRV,297116.0
65-69,HRV,268991.0
70-74,HRV,205222.0
75-79,HRV,158623.0
80-84,HRV,123206.0
85-89,HRV,67864.0
90-94,HRV,22456.0
95+,HRV,4977.0
all-a,HRV,3970038.0
<1,HTI,250190.0
1-4,HTI,1000760.0
5-9,HTI,1225519.0
10-14,HTI,1185447.0
15-19,HTI,1138036.0
20-24,HTI,1073216.0
25-29,HTI,996728.0
30-34,HTI,881234.0
35-39,HTI,740841.0
40-44,HTI,624144.0
45-49,HTI,515558.99999999994
50-54,HTI,425945.0
55-59,HTI,348785.0
60-64,HTI,277216.0
65-69,HTI,206788.0
70-74,HTI,140539.0
75-79,HTI,86517.0
80-84,HTI,42085.0
85-89,HTI,13727.0
90-94,HTI,2651.0
95+,HTI,207.0
all-a,HTI,11176134.0
<1,HUN,93647.40000000001
1-4,HUN,374589.6
5-9,HUN,456165.0
10-14,HUN,496944.0
15-19,HUN,487661.0
20-24,HUN,541137.0
25-29,HUN,630889.0
30-34,HUN,619938.0
35-39,HUN,652001.0
40-44,HUN,837902.0
45-49,HUN,749852.0
50-54,HUN,663105.0
55-59,HUN,572109.0
60-64,HUN,651382.0
65-69,HUN,643676.0
70-74,HUN,482608.0
75-79,HUN,377655.0
80-84,HUN,237996.0
85-89,HUN,136095.0
90-94,HUN,52161.0
95+,HUN,11107.0
all-a,HUN,9768620.0
<1,IDN,4609791.8
1-4,IDN,18439167.2
5-9,IDN,24468530.0
10-14,IDN,23565258.0
15-19,IDN,22139010.0
20-24,IDN,22228839.0
25-29,IDN,21319627.0
30-34,IDN,20946282.0
35-39,IDN,21146438.0
40-44,IDN,19693874.0
45-49,IDN,17981958.0
50-54,IDN,15948570.0
55-59,IDN,13178261.0
60-64,IDN,10129004.0
65-69,IDN,7029550.0
70-74,IDN,4805814.0
75-79,IDN,3345607.0
80-84,IDN,1863929.0
85-89,IDN,713760.0
90-94,IDN,171242.0
95+,IDN,23681.0
all-a,IDN,273748193.0
<1,IND,23853039.8
1-4,IND,95412159.2
5-9,IND,124217935.0
10-14,IND,127664390.0
15-19,IND,131323853.0
20-24,IND,126184614.0
25-29,IND,120480014.0
30-34,IND,113808310.0
35-39,IND,102491341.0
40-44,IND,89257225.0
45-49,IND,78475612.0
50-54,IND,67965933.0
55-59,IND,58379255.0
60-64,IND,48125272.0
65-69,IND,36669066.0
70-74,IND,23201585.0
75-79,IND,14566417.0
80-84,IND,8532376.0
85-89,IND,3859538.0
90-94,IND,1224282.0
95+,IND,278859.0
all-a,IND,1395971076.0
<1,IRL,62235.8
1-4,IRL,248943.2
5-9,IRL,346484.0
10-14,IRL,347552.0
15-19,IRL,322780.0
20-24,IRL,304625.0
25-29,IRL,291334.0
30-34,IRL,325953.0
35-39,IRL,389518.0
40-44,IRL,389714.0
45-49,IRL,356379.0
50-54,IRL,314453.0
55-59,IRL,290750.0
60-64,IRL,257459.99999999997
65-69,IRL,222804.0
70-74,IRL,189102.0
75-79,IRL,132185.0
80-84,IRL,89572.0
85-89,IRL,51987.0
90-94,IRL,22826.0
95+,IRL,5901.0
all-a,IRL,4962558.0
<1,IRN,1464057.8
1-4,IRN,5856231.2
5-9,IRN,7161276.0
10-14,IRN,6386007.0
15-19,IRN,5704158.0
20-24,IRN,5918032.0
25-29,IRN,7622070.0
30-34,IRN,9038737.0
35-39,IRN,8519694.0
40-44,IRN,6570433.0
45-49,IRN,5467914.0
50-54,IRN,4565938.0
55-59,IRN,3837437.0
60-64,IRN,3118012.0
65-69,IRN,2533495.0
70-74,IRN,1693365.0
75-79,IRN,1070629.0
80-84,IRN,626051.0
85-89,IRN,254006.0
90-94,IRN,64173.0
95+,IRN,10051.0
all-a,IRN,87481767.0
<1,IRQ,1105698.6
1-4,IRQ,4422794.4
5-9,IRQ,5740819.0
10-14,IRQ,4845457.0
15-19,IRQ,4305098.0
20-24,IRQ,3898759.0
25-29,IRQ,3449189.0
30-34,IRQ,2857112.0
35-39,IRQ,2459008.0
40-44,IRQ,2145863.0
45-49,IRQ,1833215.0
50-54,IRQ,1460553.0
55-59,IRQ,1049946.0
60-64,IRQ,669618.0
65-69,IRQ,609716.0
70-74,IRQ,380151.0
75-79,IRQ,236840.0
80-84,IRQ,118071.0
85-89,IRQ,42897.0
90-94,IRQ,9650.0
95+,IRQ,1240.0
all-a,IRQ,41641695.0
<1,ISL,4276.2
1-4,ISL,17104.8
5-9,ISL,23242.0
10-14,ISL,23649.0
15-19,ISL,22256.0
20-24,ISL,25780.0
25-29,ISL,30586.0
30-34,ISL,27390.0
35-39,ISL,26085.0
40-44,ISL,24023.0
45-49,ISL,22972.0
50-54,ISL,22046.0
55-59,ISL,21978.0
60-64,ISL,20440.0
65-69,ISL,16975.0
70-74,ISL,13615.0
75-79,ISL,9284.0
80-84,ISL,6141.0
85-89,ISL,4157.0
90-94,ISL,1807.0
95+,ISL,470.0
all-a,ISL,364277.0
<1,ISR,174992.80000000002
1-4,ISR,699971.2
5-9,ISR,829969.0
10-14,ISR,746865.0
15-19,ISR,691797.0
20-24,ISR,631141.0
25-29,ISR,594912.0
30-34,ISR,575117.0
35-39,ISR,559586.0
40-44,ISR,537285.0
45-49,ISR,492951.0
50-54,ISR,413205.0
55-59,ISR,379021.0
60-64,ISR,358576.0
65-69,ISR,340266.0
70-74,ISR,281129.0
75-79,ISR,158420.0
80-84,ISR,135483.0
85-89,ISR,77505.0
90-94,ISR,37085.0
95+,ISR,15117.0
all-a,ISR,8730394.0
<1,ITA,456581.60000000003
1-4,ITA,1826326.4
5-9,ITA,2635045.0
10-14,ITA,2842114.0
15-19,ITA,2880849.0
20-24,ITA,2980681.0
25-29,ITA,3187484.0
30-34,ITA,3288608.0
35-39,ITA,3609231.0
40-44,ITA,4218755.0
45-49,ITA,4766305.0
50-54,ITA,4883502.0
55-59,ITA,4568813.0
60-64,ITA,3931563.0
65-69,ITA,3496216.0
70-74,ITA,3343141.0
75-79,ITA,2665865.0
80-84,ITA,2245177.0
85-89,ITA,1407492.0
90-94,ITA,630178.0
95+,ITA,177375.0
all-a,ITA,60041302.0
<1,JAM,34628.0
1-4,JAM,138512.0
5-9,JAM,192857.0
10-14,JAM,222939.0
15-19,JAM,239177.0
20-24,JAM,263709.0
25-29,JAM,271288.0
30-34,JAM,242215.0
35-39,JAM,224192.0
40-44,JAM,193204.0
45-49,JAM,177236.0
50-54,JAM,162267.0
55-59,JAM,148928.0
60-64,JAM,114674.0
65-69,JAM,75470.0
70-74,JAM,54118.0
75-79,JAM,38140.0
80-84,JAM,18764.0
85-89,JAM,9137.0
90-94,JAM,2655.0
95+,JAM,543.0
all-a,JAM,2824653.0
<1,JOR,234652.0
1-4,JOR,938608.0
5-9,JOR,1227706.0
10-14,JOR,1158151.0
15-19,JOR,1015987.0
20-24,JOR,992247.0
25-29,JOR,962240.0
30-34,JOR,837217.0
35-39,JOR,727065.0
40-44,JOR,629554.0
45-49,JOR,562130.0
50-54,JOR,469805.0
55-59,JOR,351149.0
60-64,JOR,242827.0
65-69,JOR,169780.0
70-74,JOR,111776.0
75-79,JOR,71658.0
80-84,JOR,40803.0
85-89,JOR,15097.0
90-94,JOR,3769.0
95+,JOR,565.0
all-a,JOR,10762786.0
<1,JPN,943217.0
1-4,JPN,3772868.0
5-9,JPN,5282134.0
10-14,JPN,5569995.0
15-19,JPN,5945574.0
20-24,JPN,6038997.0
25-29,JPN,6057631.0
30-34,JPN,6581908.0
35-39,JPN,7388110.0
40-44,JPN,8679099.0
45-49,JPN,10029317.0
50-54,JPN,8549711.0
55-59,JPN,7793551.0
60-64,JPN,7544352.0
65-69,JPN,8487906.0
70-74,JPN,9243332.0
75-79,JPN,7217637.0
80-84,JPN,5418552.0
85-89,JPN,3660782.0
90-94,JPN,1682718.0
95+,JPN,687461.0
all-a,JPN,126574852.0
<1,KAZ,408498.2
1-4,KAZ,1633992.8
5-9,KAZ,1928155.0
10-14,KAZ,1661826.0
15-19,KAZ,1256681.0
20-24,KAZ,1230081.0
25-29,KAZ,1508597.0
30-34,KAZ,1613374.0
35-39,KAZ,1394059.0
40-44,KAZ,1229717.0
45-49,KAZ,1127313.0
50-54,KAZ,1029026.0000000001
55-59,KAZ,1000128.0
60-64,KAZ,863235.0
65-69,KAZ,605115.0
70-74,KAZ,360628.0
75-79,KAZ,201251.0
80-84,KAZ,200527.0
85-89,KAZ,65402.0
90-94,KAZ,28570.0
95+,KAZ,4070.0
all-a,KAZ,19350246.0
<1,KEN,1386953.2000000002
1-4,KEN,5547812.8
5-9,KEN,6886686.0
10-14,KEN,6643765.0
15-19,KEN,5748331.0
20-24,KEN,4836163.0
25-29,KEN,4227050.0
30-34,KEN,3783071.0
35-39,KEN,3104218.0
40-44,KEN,2486664.0
45-49,KEN,2004900.0
50-54,KEN,1585384.0
55-59,KEN,1191619.0
60-64,KEN,836022.0
65-69,KEN,536501.0
70-74,KEN,385946.0
75-79,KEN,234436.0
80-84,KEN,147777.0
85-89,KEN,81280.0
90-94,KEN,36153.0
95+,KEN,17014.0
all-a,KEN,51707746.0
<1,KGZ,158251.0
1-4,KGZ,633004.0
5-9,KGZ,753833.0
10-14,KGZ,611668.0
15-19,KGZ,520014.0
20-24,KGZ,548200.0
25-29,KGZ,570279.0
30-34,KGZ,499367.0
35-39,KGZ,381479.0
40-44,KGZ,354072.0
45-49,KGZ,346978.0
50-54,KGZ,322912.0
55-59,KGZ,305550.0
60-64,KGZ,236621.0
65-69,KGZ,154667.0
70-74,KGZ,84581.0
75-79,KGZ,42550.0
80-84,KGZ,39892.0
85-89,KGZ,14776.0
90-94,KGZ,3518.0
95+,KGZ,249.0
all-a,KGZ,6582461.0
<1,KHM,361630.2
1-4,KHM,1446520.8
5-9,KHM,1690181.0
10-14,KHM,1682178.0
15-19,KHM,1475347.0
20-24,KHM,1353912.0
25-29,KHM,1446800.0
30-34,KHM,1381902.0
35-39,KHM,1289754.0
40-44,KHM,902368.0
45-49,KHM,759904.0
50-54,KHM,750681.0
55-59,KHM,655338.0
60-64,KHM,505282.0
65-69,KHM,376332.0
70-74,KHM,247506.0
75-79,KHM,148420.0
80-84,KHM,78783.0
85-89,KHM,31160.0
90-94,KHM,6206.0
95+,KHM,900.0
all-a,KHM,16591105.0
<1,KOR,365979.80000000005
1-4,KOR,1463919.2
5-9,KOR,2277573.0
10-14,KOR,2246875.0
15-19,KOR,2625170.0
20-24,KOR,3405524.0
25-29,KOR,3603680.0
30-34,KOR,3289920.0
35-39,KOR,3959123.0
40-44,KOR,3857454.0
45-49,KOR,4424763.0
50-54,KOR,4326451.0
55-59,KOR,4276077.0
60-64,KOR,3721768.0
65-69,KOR,2531753.0
70-74,KOR,1941858.0
75-79,KOR,1598016.0
80-84,KOR,1080053.0
85-89,KOR,564579.0
90-94,KOR,206346.0
95+,KOR,58917.0
all-a,KOR,51825799.0
<1,LAO,161370.40000000002
1-4,LAO,645481.6
5-9,LAO,763803.0
10-14,LAO,746258.0
15-19,LAO,725212.0
20-24,LAO,710050.0
25-29,LAO,662792.0
30-34,LAO,600531.0
35-39,LAO,501260.0
40-44,LAO,409627.0
45-49,LAO,342284.0
50-54,LAO,290476.0
55-59,LAO,242283.0
60-64,LAO,184131.0
65-69,LAO,128076.0
70-74,LAO,82895.0
75-79,LAO,50915.0
80-84,LAO,27588.0
85-89,LAO,12341.0
90-94,LAO,3894.0
95+,LAO,1114.0
all-a,LAO,7292382.0
<1,LBN,98279.20000000001
1-4,LBN,393116.8
5-9,LBN,572417.0
10-14,LBN,537512.0
15-19,LBN,503585.0
20-24,LBN,454835.0
25-29,LBN,383016.0
30-34,LBN,368029.0
35-39,LBN,366499.0
40-44,LBN,333750.0
45-49,LBN,325532.0
50-54,LBN,330091.0
55-59,LBN,282411.0
60-64,LBN,234528.0
65-69,LBN,181406.0
70-74,LBN,139550.0
75-79,LBN,89129.0
80-84,LBN,60010.0
85-89,LBN,30637.0
90-94,LBN,10229.0
95+,LBN,1773.0
all-a,LBN,5696335.0
<1,LBR,149760.80000000002
1-4,LBR,599043.2
5-9,LBR,713341.0
10-14,LBR,655977.0
15-19,LBR,551087.0
20-24,LBR,450590.0
25-29,LBR,370618.0
30-34,LBR,330632.0
35-39,LBR,291209.0
40-44,LBR,242545.0
45-49,LBR,191847.0
50-54,LBR,158492.0
55-59,LBR,127818.0
60-64,LBR,97331.0
65-69,LBR,69666.0
70-74,LBR,46819.0
75-79,LBR,29218.0
80-84,LBR,13288.0
85-89,LBR,4129.0
90-94,LBR,749.0
95+,LBR,39.0
all-a,LBR,5094199.0
<1,LBY,136838.80000000002
1-4,LBY,547355.2
5-9,LBY,710064.0
10-14,LBY,683283.0
15-19,LBY,617319.0
20-24,LBY,556720.0
25-29,LBY,525750.0
30-34,LBY,536302.0
35-39,LBY,558305.0
40-44,LBY,550985.0
45-49,LBY,473063.0
50-54,LBY,357692.0
55-59,LBY,255480.0
60-64,LBY,165383.0
65-69,LBY,117499.0
70-74,LBY,87443.0
75-79,LBY,61773.0
80-84,LBY,36669.0
85-89,LBY,16233.0
90-94,LBY,4416.0
95+,LBY,706.0
all-a,LBY,6999279.0
<1,LKA,336957.2
1-4,LKA,1347828.8
5-9,LKA,1779537.0
10-14,LKA,1820411.0
15-19,LKA,1742043.0
20-24,LKA,1669246.0
25-29,LKA,1630925.0
30-34,LKA,1559248.0
35-39,LKA,1647709.0
40-44,LKA,1562179.0
45-49,LKA,1363623.0
50-54,LKA,1323894.0
55-59,LKA,1232792.0
60-64,LKA,1100389.0
65-69,LKA,915617.0
70-74,LKA,684870.0
75-79,LKA,404348.0
80-84,LKA,220133.0
85-89,LKA,107679.0
90-94,LKA,32706.000000000004
95+,LKA,5868.0
all-a,LKA,22488003.0
<1,LSO,56095.200000000004
1-4,LSO,224380.8
5-9,LSO,272012.0
10-14,LSO,246670.0
15-19,LSO,230501.0
20-24,LSO,212468.0
25-29,LSO,210178.0
30-34,LSO,200695.0
35-39,LSO,152319.0
40-44,LSO,102535.0
45-49,LSO,70294.0
50-54,LSO,60434.0
55-59,LSO,54028.0
60-64,LSO,45417.0
65-69,LSO,31506.0
70-74,LSO,22111.0
75-79,LSO,14413.0
80-84,LSO,9783.0
85-89,LSO,4543.0
90-94,LSO,1407.0
95+,LSO,304.0
all-a,LSO,2222094.0
<1,LTU,29120.800000000003
1-4,LTU,116483.2
5-9,LTU,144521.0
10-14,LTU,132656.0
15-19,LTU,130935.0
20-24,LTU,154371.0
25-29,LTU,185384.0
30-34,LTU,187455.0
35-39,LTU,171792.0
40-44,LTU,174266.0
45-49,LTU,195464.0
50-54,LTU,201313.0
55-59,LTU,217724.0
60-64,LTU,196711.0
65-69,LTU,154542.0
70-74,LTU,126480.0
75-79,LTU,110413.0
80-84,LTU,90625.0
85-89,LTU,51721.0
90-94,LTU,19440.0
95+,LTU,3591.0
all-a,LTU,2795008.0
<1,LUX,6596.400000000001
1-4,LUX,26385.6
5-9,LUX,33991.0
10-14,LUX,33104.0
15-19,LUX,33340.0
20-24,LUX,38546.0
25-29,LUX,47583.0
30-34,LUX,49426.0
35-39,LUX,49150.0
40-44,LUX,47047.0
45-49,LUX,46123.0
50-54,LUX,46984.0
55-59,LUX,42538.0
60-64,LUX,34475.0
65-69,LUX,27505.0
70-74,LUX,22076.0
75-79,LUX,16296.0
80-84,LUX,12707.0
85-89,LUX,8021.000000000001
90-94,LUX,3542.0
95+,LUX,843.0
all-a,LUX,626279.0
<1,LVA,20612.0
1-4,LVA,82448.0
5-9,LVA,99626.0
10-14,LVA,102505.0
15-19,LVA,89529.0
20-24,LVA,83990.0
25-29,LVA,115551.0
30-34,LVA,137790.0
35-39,LVA,130366.99999999999
40-44,LVA,124094.0
45-49,LVA,131917.0
50-54,LVA,127708.0
55-59,LVA,138283.0
60-64,LVA,131831.0
65-69,LVA,109807.0
70-74,LVA,90373.0
75-79,LVA,80185.0
80-84,LVA,64159.00000000001
85-89,LVA,32322.000000000004
90-94,LVA,12672.0
95+,LVA,2331.0
all-a,LVA,1908100.0
<1,MAR,653304.4
1-4,MAR,2613217.6
5-9,MAR,3360113.0
10-14,MAR,3245879.0
15-19,MAR,2994600.0
20-24,MAR,2922099.0
25-29,MAR,2961909.0
30-34,MAR,2890821.0
35-39,MAR,2698510.0
40-44,MAR,2414388.0
45-49,MAR,2130649.0
50-54,MAR,1886984.0
55-59,MAR,1697340.0
60-64,MAR,1429235.0
65-69,MAR,1060177.0
70-74,MAR,675748.0
75-79,MAR,421266.0
80-84,MAR,221793.0
85-89,MAR,90584.0
90-94,MAR,22601.0
95+,MAR,2715.0
all-a,MAR,36393933.0
<1,MDA,42344.600000000006
1-4,MDA,169378.4
5-9,MDA,214994.0
10-14,MDA,188381.0
15-19,MDA,162295.0
20-24,MDA,164581.0
25-29,MDA,217905.0
30-34,MDA,258346.0
35-39,MDA,227445.0
40-44,MDA,202126.0
45-49,MDA,190530.0
50-54,MDA,183404.0
55-59,MDA,216362.0
60-64,MDA,217160.0
65-69,MDA,182116.0
70-74,MDA,104470.0
75-79,MDA,68710.0
80-84,MDA,47401.0
85-89,MDA,22241.0
90-94,MDA,7602.0
95+,MDA,2158.0
all-a,MDA,3089950.0
<1,MDG,854502.4
1-4,MDG,3418009.6
5-9,MDG,3823910.0
10-14,MDG,3485809.0
15-19,MDG,3113611.0
20-24,MDG,2789231.0
25-29,MDG,2258789.0
30-34,MDG,1829771.0
35-39,MDG,1566565.0
40-44,MDG,1343488.0
45-49,MDG,1101704.0
50-54,MDG,861478.0
55-59,MDG,690822.0
60-64,MDG,554182.0
65-69,MDG,414092.0
70-74,MDG,235558.0
75-79,MDG,133927.0
80-84,MDG,73393.0
85-89,MDG,29259.0
90-94,MDG,6959.0
95+,MDG,933.0
all-a,MDG,28585993.0
<1,MEX,2112988.6
1-4,MEX,8451954.4
5-9,MEX,11270312.0
10-14,MEX,11208247.0
15-19,MEX,11266438.0
20-24,MEX,10807178.0
25-29,MEX,10579713.0
30-34,MEX,9752254.0
35-39,MEX,8885314.0
40-44,MEX,8195821.0
45-49,MEX,7638958.0
50-54,MEX,6685662.0
55-59,MEX,5639241.0
60-64,MEX,4471740.0
65-69,MEX,3378378.0
70-74,MEX,2469459.0
75-79,MEX,1698412.0
80-84,MEX,1070636.0
85-89,MEX,530437.0
90-94,MEX,191726.0
95+,MEX,52061.0
all-a,MEX,126356930.0
<1,MKD,21210.2
1-4,MKD,84840.8
5-9,MKD,111919.0
10-14,MKD,106678.0
15-19,MKD,111760.0
20-24,MKD,117491.0
25-29,MKD,125803.0
30-34,MKD,127988.0
35-39,MKD,132271.0
40-44,MKD,131062.00000000001
45-49,MKD,127579.0
50-54,MKD,129420.99999999999
55-59,MKD,129305.0
60-64,MKD,125177.0
65-69,MKD,111830.0
70-74,MKD,80915.0
75-79,MKD,54887.0
80-84,MKD,34738.0
85-89,MKD,16276.0
90-94,MKD,4325.0
95+,MKD,715.0
all-a,MKD,1886191.0
<1,MLI,780082.2000000001
1-4,MLI,3120328.8
5-9,MLI,3381066.0
10-14,MLI,2866878.0
15-19,MLI,2326353.0
20-24,MLI,1822030.0
25-29,MLI,1498838.0
30-34,MLI,1285559.0
35-39,MLI,1096977.0
40-44,MLI,877908.0
45-49,MLI,653709.0
50-54,MLI,479254.0
55-59,MLI,364878.0
60-64,MLI,289081.0
65-69,MLI,226448.0
70-74,MLI,158627.0
75-79,MLI,99498.0
80-84,MLI,39551.0
85-89,MLI,11171.0
90-94,MLI,1507.0
95+,MLI,37.0
all-a,MLI,21379781.0
<1,MLT,4784.8
1-4,MLT,19139.2
5-9,MLT,23342.0
10-14,MLT,21881.0
15-19,MLT,22142.0
20-24,MLT,32775.0
25-29,MLT,46179.0
30-34,MLT,46722.0
35-39,MLT,42155.0
40-44,MLT,37797.0
45-49,MLT,32247.999999999996
50-54,MLT,28298.0
55-59,MLT,30845.0
60-64,MLT,31115.0
65-69,MLT,28444.0
70-74,MLT,28337.0
75-79,MLT,16599.0
80-84,MLT,12049.0
85-89,MLT,6588.0
90-94,MLT,2265.0
95+,MLT,821.0
all-a,MLT,514526.0
<1,MMR,904423.2000000001
1-4,MMR,3617692.8
5-9,MMR,4397562.0
10-14,MMR,4422132.0
15-19,MMR,4580083.0
20-24,MMR,4482093.0
25-29,MMR,4362342.0
30-34,MMR,4194357.0
35-39,MMR,4076689.0
40-44,MMR,3653063.0
45-49,MMR,3317129.0
50-54,MMR,2939767.0
55-59,MMR,2483829.0
60-64,MMR,2005727.0
65-69,MMR,1498083.0
70-74,MMR,917680.0
75-79,MMR,544368.0
80-84,MMR,289205.0
85-89,MMR,112222.0
90-94,MMR,24541.0
95+,MMR,2312.0
all-a,MMR,52825300.0
<1,MNE,7288.6
1-4,MNE,29154.4
5-9,MNE,38007.0
10-14,MNE,37874.0
15-19,MNE,38227.0
20-24,MNE,37778.0
25-29,MNE,37493.0
30-34,MNE,39835.0
35-39,MNE,43357.0
40-44,MNE,41626.0
45-49,MNE,39417.0
50-54,MNE,39103.0
55-59,MNE,40645.0
60-64,MNE,39646.0
65-69,MNE,35223.0
70-74,MNE,23982.0
75-79,MNE,17380.0
80-84,MNE,14053.0
85-89,MNE,6746.0
90-94,MNE,2437.0
95+,MNE,523.0
all-a,MNE,609795.0
<1,MNG,78933.6
1-4,MNG,315734.4
5-9,MNG,387989.0
10-14,MNG,283240.0
15-19,MNG,214611.0
20-24,MNG,234269.0
25-29,MNG,263336.0
30-34,MNG,293421.0
35-39,MNG,242780.0
40-44,MNG,218243.0
45-49,MNG,191587.0
50-54,MNG,164948.0
55-59,MNG,139048.0
60-64,MNG,97997.0
65-69,MNG,53553.0
70-74,MNG,34817.0
75-79,MNG,24834.0
80-84,MNG,14666.0
85-89,MNG,7553.0
90-94,MNG,2506.0
95+,MNG,592.0
all-a,MNG,3264658.0
<1,MOZ,1047262.0
1-4,MOZ,4189048.0
5-9,MOZ,4606938.0
10-14,MOZ,3876016.0
15-19,MOZ,3320060.0
20-24,MOZ,2832077.0
25-29,MOZ,2325148.0
30-34,MOZ,1893982.0
35-39,MOZ,1507643.0
40-44,MOZ,1175690.0
45-49,MOZ,968819.0
50-54,MOZ,717491.0
55-59,MOZ,535260.0
60-64,MOZ,474431.0
65-69,MOZ,387238.0
70-74,MOZ,249685.0
75-79,MOZ,136549.0
80-84,MOZ,57336.0
85-89,MOZ,18058.0
90-94,MOZ,4250.0
95+,MOZ,661.0
all-a,MOZ,30323642.0
<1,MRT,149618.4
1-4,MRT,598473.6
5-9,MRT,668991.0
10-14,MRT,573516.0
15-19,MRT,473218.0
20-24,MRT,396451.0
25-29,MRT,335383.0
30-34,MRT,282791.0
35-39,MRT,233760.0
40-44,MRT,192237.0
45-49,MRT,161243.0
50-54,MRT,131773.0
55-59,MRT,105440.0
60-64,MRT,81640.0
65-69,MRT,59014.0
70-74,MRT,40853.0
75-79,MRT,25956.0
80-84,MRT,14148.0
85-89,MRT,6318.0
90-94,MRT,2157.0
95+,MRT,445.0
all-a,MRT,4533426.0
<1,MUS,12382.800000000001
1-4,MUS,49531.2
5-9,MUS,67744.0
10-14,MUS,83709.0
15-19,MUS,94605.0
20-24,MUS,98441.0
25-29,MUS,107069.0
30-34,MUS,96581.0
35-39,MUS,97916.0
40-44,MUS,99648.0
45-49,MUS,84504.0
50-54,MUS,88228.0
55-59,MUS,87888.0
60-64,MUS,73384.0
65-69,MUS,58492.0
70-74,MUS,38520.0
75-79,MUS,21742.0
80-84,MUS,13617.0
85-89,MUS,7159.0
90-94,MUS,2807.0
95+,MUS,831.0
all-a,MUS,1284799.0
<1,MWI,584760.8
1-4,MWI,2339043.2
5-9,MWI,2822252.0
10-14,MWI,2621800.0
15-19,MWI,2179880.0
20-24,MWI,1819657.0
25-29,MWI,1535500.0
30-34,MWI,1314085.0
35-39,MWI,1122720.0
40-44,MWI,814796.0
45-49,MWI,563311.0
50-54,MWI,439016.0
55-59,MWI,345240.0
60-64,MWI,248288.0
65-69,MWI,179434.0
70-74,MWI,150489.0
75-79,MWI,102844.0
80-84,MWI,57576.0
85-89,MWI,25695.0
90-94,MWI,8863.0
95+,MWI,2632.0
all-a,MWI,19277882.0
<1,MYS,531302.2000000001
1-4,MYS,2125208.8
5-9,MYS,2787082.0
10-14,MYS,2728782.0
15-19,MYS,2979510.0
20-24,MYS,3016622.0
25-29,MYS,3071440.0
30-34,MYS,3040460.0
35-39,MYS,2782289.0
40-44,MYS,2250046.0
45-49,MYS,1885893.0
50-54,MYS,1632635.0
55-59,MYS,1461124.0
60-64,MYS,1183069.0
65-69,MYS,911304.0
70-74,MYS,603369.0
75-79,MYS,354193.0
80-84,MYS,206862.0
85-89,MYS,97171.0
90-94,MYS,36922.0
95+,MYS,11668.0
all-a,MYS,33696952.0
<1,NAM,75771.40000000001
1-4,NAM,303085.6
5-9,NAM,333262.0
10-14,NAM,283415.0
15-19,NAM,255979.0
20-24,NAM,253458.0
25-29,NAM,249020.0
30-34,NAM,202878.0
35-39,NAM,167201.0
40-44,NAM,138677.0
45-49,NAM,113160.0
50-54,NAM,89432.0
55-59,NAM,72969.0
60-64,NAM,53282.0
65-69,NAM,38120.0
70-74,NAM,26907.0
75-79,NAM,16563.0
80-84,NAM,8803.0
85-89,NAM,3959.0
90-94,NAM,1391.0
95+,NAM,383.0
all-a,NAM,2687716.0
<1,NER,873087.6000000001
1-4,NER,3492350.4
5-9,NER,3727629.0
10-14,NER,3147590.0
15-19,NER,2564273.0
20-24,NER,2029100.0
25-29,NER,1580295.0
30-34,NER,1271723.0
35-39,NER,1062541.0
40-44,NER,867202.0
45-49,NER,702759.0
50-54,NER,581086.0
55-59,NER,474338.0
60-64,NER,365607.0
65-69,NER,264605.0
70-74,NER,172894.0
75-79,NER,99261.0
80-84,NER,39521.0
85-89,NER,10298.0
90-94,NER,1377.0
95+,NER,61.0
all-a,NER,23327598.0
<1,NGA,6671730.199999999
1-4,NGA,26686920.799999997
5-9,NGA,30858890.0
10-14,NGA,26923054.0
15-19,NGA,22778669.0
20-24,NGA,18651875.0
25-29,NGA,15639411.0
30-34,NGA,13353347.0
35-39,NGA,11748143.0
40-44,NGA,9865165.0
45-49,NGA,7689233.0
50-54,NGA,6039091.0
55-59,NGA,4799832.0
60-64,NGA,3725307.0
65-69,NGA,2712451.0
70-74,NGA,1828099.0
75-79,NGA,1087666.0
80-84,NGA,491207.0
85-89,NGA,156740.0
90-94,NGA,30643.0
95+,NGA,3357.0
all-a,NGA,211740831.0
<1,NIC,133545.0
1-4,NIC,534180.0
5-9,NIC,670868.0
10-14,NIC,658488.0
15-19,NIC,629560.0
20-24,NIC,618124.0
25-29,NIC,591088.0
30-34,NIC,529116.0
35-39,NIC,459510.0
40-44,NIC,394371.0
45-49,NIC,329822.0
50-54,NIC,266565.0
55-59,NIC,209850.0
60-64,NIC,162951.0
65-69,NIC,128928.0
70-74,NIC,88048.0
75-79,NIC,60359.0
80-84,NIC,37386.0
85-89,NIC,16717.0
90-94,NIC,4960.0
95+,NIC,767.0
all-a,NIC,6525203.0
<1,NLD,175161.80000000002
1-4,NLD,700647.2
5-9,NLD,923805.0
10-14,NLD,963759.0
15-19,NLD,1062402.0
20-24,NLD,1115645.0
25-29,NLD,1160802.0
30-34,NLD,1120062.0
35-39,NLD,1064171.0
40-44,NLD,1028323.0000000001
45-49,NLD,1196734.0
50-54,NLD,1301501.0
55-59,NLD,1277821.0
60-64,NLD,1127917.0
65-69,NLD,994869.0
70-74,NLD,936251.0
75-79,NLD,630883.0
80-84,NLD,433849.0
85-89,NLD,256507.0
90-94,NLD,103930.0
95+,NLD,26642.0
all-a,NLD,17601682.0
<1,NOR,58010.200000000004
1-4,NOR,232040.8
5-9,NOR,315283.0
10-14,NOR,324765.0
15-19,NOR,318621.0
20-24,NOR,340827.0
25-29,NOR,370909.0
30-34,NOR,374210.0
35-39,NOR,356320.0
40-44,NOR,347518.0
45-49,NOR,376149.0
50-54,NOR,371925.0
55-59,NOR,331896.0
60-64,NOR,307223.0
65-69,NOR,275276.0
70-74,NOR,259440.99999999997
75-79,NOR,176376.0
80-84,NOR,113673.0
85-89,NOR,71648.0
90-94,NOR,34505.0
95+,NOR,10798.0
all-a,NOR,5367414.0
<1,NPL,572180.2000000001
1-4,NPL,2288720.8
5-9,NPL,2889314.0
10-14,NPL,3001247.0
15-19,NPL,3141503.0
20-24,NPL,2993668.0
25-29,NPL,2466566.0
30-34,NPL,1974990.0
35-39,NPL,1744639.0
40-44,NPL,1523211.0
45-49,NPL,1350326.0
50-54,NPL,1148222.0
55-59,NPL,1002940.0
60-64,NPL,858360.0
65-69,NPL,702975.0
70-74,NPL,511210.0
75-79,NPL,316180.0
80-84,NPL,146882.0
85-89,NPL,52823.0
90-94,NPL,11467.0
95+,NPL,1298.0
all-a,NPL,28698722.0
<1,NZL,61147.0
1-4,NZL,244588.0
5-9,NZL,328512.0
10-14,NZL,327016.0
15-19,NZL,318104.0
20-24,NZL,338514.0
25-29,NZL,379767.0
30-34,NZL,363338.0
35-39,NZL,328302.0
40-44,NZL,305308.0
45-49,NZL,332254.0
50-54,NZL,323510.0
55-59,NZL,323558.0
60-64,NZL,285225.0
65-69,NZL,243754.0
70-74,NZL,207123.0
75-79,NZL,143813.0
80-84,NZL,94170.0
85-89,NZL,56079.0
90-94,NZL,25577.0
95+,NZL,6850.0
all-a,NZL,5036509.0
<1,OMN,88551.8
1-4,OMN,354207.2
5-9,OMN,390663.0
10-14,OMN,296003.0
15-19,OMN,243355.0
20-24,OMN,335071.0
25-29,OMN,596116.0
30-34,OMN,662128.0
35-39,OMN,527338.0
40-44,OMN,366304.0
45-49,OMN,242859.0
50-54,OMN,161069.0
55-59,OMN,111964.0
60-64,OMN,75903.0
65-69,OMN,45818.0
70-74,OMN,32042.0
75-79,OMN,21076.0
80-84,OMN,12201.0
85-89,OMN,5822.0
90-94,OMN,2109.0
95+,OMN,603.0
all-a,OMN,4571203.0
<1,PAK,6176794.600000001
1-4,PAK,24707178.4
5-9,PAK,30159098.0
10-14,PAK,27387751.0
15-19,PAK,24583729.0
20-24,PAK,21683741.0
25-29,PAK,18845995.0
30-34,PAK,16198015.0
35-39,PAK,13602595.0
40-44,PAK,10928963.0
45-49,PAK,9164019.0
50-54,PAK,7877906.0
55-59,PAK,6768468.0
60-64,PAK,5352596.0
65-69,PAK,3762161.0
70-74,PAK,2660309.0
75-79,PAK,1709141.0
80-84,PAK,831668.0
85-89,PAK,301318.0
90-94,PAK,66682.0
95+,PAK,7696.0
all-a,PAK,232775824.0
<1,PAN,76636.40000000001
1-4,PAN,306545.6
5-9,PAN,384012.0
10-14,PAN,366224.0
15-19,PAN,354808.0
20-24,PAN,344628.0
25-29,PAN,332852.0
30-34,PAN,321412.0
35-39,PAN,301598.0
40-44,PAN,276672.0
45-49,PAN,262111.0
50-54,PAN,235013.0
55-59,PAN,198412.0
60-64,PAN,156704.0
65-69,PAN,123105.0
70-74,PAN,90317.0
75-79,PAN,64175.0
80-84,PAN,41233.0
85-89,PAN,21054.0
90-94,PAN,7603.0
95+,PAN,2113.0
all-a,PAN,4267228.0
<1,PER,541177.6
1-4,PER,2164710.4
5-9,PER,2795123.0
10-14,PER,2891863.0
15-19,PER,2786799.0
20-24,PER,2749499.0
25-29,PER,2733196.0
30-34,PER,2602024.0
35-39,PER,2335816.0
40-44,PER,2127497.0
45-49,PER,1927155.0
50-54,PER,1637776.0
55-59,PER,1379399.0
60-64,PER,1155037.0
65-69,PER,946392.0
70-74,PER,722108.0
75-79,PER,505363.0
80-84,PER,346745.0
85-89,PER,200335.0
90-94,PER,83378.0
95+,PER,28534.0
all-a,PER,32659927.0
<1,PHL,2274237.6
1-4,PHL,9096950.4
5-9,PHL,11764593.0
10-14,PHL,11448188.0
15-19,PHL,10919520.0
20-24,PHL,10502995.0
25-29,PHL,9705458.0
30-34,PHL,8461633.0
35-39,PHL,7454333.0
40-44,PHL,6496360.0
45-49,PHL,5672057.0
50-54,PHL,4981793.0
55-59,PHL,4213290.0
60-64,PHL,3333346.0
65-69,PHL,2345569.0
70-74,PHL,1431352.0
75-79,PHL,756762.0
80-84,PHL,413326.0
85-89,PHL,160679.0
90-94,PHL,39349.0
95+,PHL,6163.0
all-a,PHL,111477954.0
<1,PNG,239955.0
1-4,PNG,959820.0
5-9,PNG,1132730.0
10-14,PNG,1053285.0
15-19,PNG,983856.0
20-24,PNG,906992.0
25-29,PNG,834082.0
30-34,PNG,752413.0
35-39,PNG,644743.0
40-44,PNG,556588.0
45-49,PNG,467203.0
50-54,PNG,380403.0
55-59,PNG,296840.0
60-64,PNG,207563.0
65-69,PNG,136085.0
70-74,PNG,84153.0
75-79,PNG,46815.0
80-84,PNG,21723.0
85-89,PNG,7851.0
90-94,PNG,2219.0
95+,PNG,510.0
all-a,PNG,9715829.0
<1,POL,381415.0
1-4,POL,1525660.0
5-9,POL,2009542.0
10-14,POL,1999682.0
15-19,POL,1778235.0
20-24,POL,2092721.0
25-29,POL,2534672.0
30-34,POL,2970594.0
35-39,POL,3242219.0
40-44,POL,3005810.0
45-49,POL,2583533.0
50-54,POL,2228041.0
55-59,POL,2384522.0
60-64,POL,2667903.0
65-69,POL,2443759.0
70-74,POL,1720668.0
75-79,POL,990884.0
80-84,POL,877710.0
85-89,POL,520640.0
90-94,POL,205455.0
95+,POL,55285.0
all-a,POL,38218950.0
<1,PRI,23260.2
1-4,PRI,93040.8
5-9,PRI,151908.0
10-14,PRI,180888.0
15-19,PRI,203998.0
20-24,PRI,205981.0
25-29,PRI,189310.0
30-34,PRI,184321.0
35-39,PRI,196478.0
40-44,PRI,212512.0
45-49,PRI,218720.0
50-54,PRI,230626.0
55-59,PRI,238326.0
60-64,PRI,231707.0
65-69,PRI,211616.0
70-74,PRI,190187.0
75-79,PRI,141702.0
80-84,PRI,94606.0
85-89,PRI,53761.0
90-94,PRI,23212.0
95+,PRI,10955.0
all-a,PRI,3287115.0
<1,PRT,86774.20000000001
1-4,PRT,347096.8
5-9,PRT,453850.0
10-14,PRT,504598.0
15-19,PRT,543214.0
20-24,PRT,547865.0
25-29,PRT,545781.0
30-34,PRT,563296.0
35-39,PRT,673011.0
40-44,PRT,783100.0
45-49,PRT,786190.0
50-54,PRT,748519.0
55-59,PRT,742774.0
60-64,PRT,690905.0
65-69,PRT,640837.0
70-74,PRT,570477.0
75-79,PRT,442773.0
80-84,PRT,354560.0
85-89,PRT,221659.0
90-94,PRT,90649.0
95+,PRT,24518.0
all-a,PRT,10362447.0
<1,PRY,136672.80000000002
1-4,PRY,546691.2
5-9,PRY,636290.0
10-14,PRY,596230.0
15-19,PRY,587645.0
20-24,PRY,610194.0
25-29,PRY,590669.0
30-34,PRY,544567.0
35-39,PRY,463206.0
40-44,PRY,368569.0
45-49,PRY,323218.0
50-54,PRY,299256.0
55-59,PRY,258060.0
60-64,PRY,197382.0
65-69,PRY,146950.0
70-74,PRY,109532.0
75-79,PRY,74164.0
80-84,PRY,40844.0
85-89,PRY,19072.0
90-94,PRY,7566.0
95+,PRY,1739.0
all-a,PRY,6558517.0
<1,PSE,145080.0
1-4,PSE,580320.0
5-9,PSE,670361.0
10-14,PSE,580872.0
15-19,PSE,508544.0
20-24,PSE,468299.0
25-29,PSE,445070.0
30-34,PSE,365514.0
35-39,PSE,285456.0
40-44,PSE,226268.0
45-49,PSE,183159.0
50-54,PSE,153659.0
55-59,PSE,125354.0
60-64,PSE,95673.0
65-69,PSE,70986.0
70-74,PSE,49646.0
75-79,PSE,31525.0
80-84,PSE,17265.0
85-89,PSE,6463.0
90-94,PSE,1532.0
95+,PSE,230.0
all-a,PSE,5011276.0
<1,ROU,203149.0
1-4,ROU,812596.0
5-9,ROU,1017808.0
10-14,ROU,1095137.0
15-19,ROU,1010448.0
20-24,ROU,1008155.0
25-29,ROU,1091883.0
30-34,ROU,1370627.0
35-39,ROU,1265807.0
40-44,ROU,1529713.0
45-49,ROU,1506098.0
50-54,ROU,1514473.0
55-59,ROU,1071942.0
60-64,ROU,1299466.0
65-69,ROU,1220126.0
70-74,ROU,900999.0
75-79,ROU,642928.0
80-84,ROU,525909.0
85-89,ROU,268595.0
90-94,ROU,84423.0
95+,ROU,12760.0
all-a,ROU,19453042.0
<1,RUS,1729359.4000000001
1-4,RUS,6917437.6
5-9,RUS,9252059.0
10-14,RUS,7963640.0
15-19,RUS,7183547.0
20-24,RUS,7072087.0
25-29,RUS,9549053.0
30-34,RUS,12761505.0
35-39,RUS,11859807.0
40-44,RUS,10757258.0
45-49,RUS,9867598.0
50-54,RUS,8740148.0
55-59,RUS,10446854.0
60-64,RUS,10013847.0
65-69,RUS,8273263.999999999
70-74,RUS,5477444.0
75-79,RUS,3086330.0
80-84,RUS,3482987.0
85-89,RUS,1379109.0
90-94,RUS,630659.0
95+,RUS,110632.0
all-a,RUS,146554625.0
<1,RWA,364586.80000000005
1-4,RWA,1458347.2
5-9,RWA,1662345.0
10-14,RWA,1607908.0
15-19,RWA,1415966.0
20-24,RWA,1134998.0
25-29,RWA,1031146.9999999999
30-34,RWA,954196.0
35-39,RWA,838290.0
40-44,RWA,603157.0
45-49,RWA,438852.0
50-54,RWA,360526.0
55-59,RWA,329363.0
60-64,RWA,279918.0
65-69,RWA,193501.0
70-74,RWA,120184.0
75-79,RWA,70835.0
80-84,RWA,38326.0
85-89,RWA,14549.0
90-94,RWA,3284.0
95+,RWA,339.0
all-a,RWA,12920618.0
<1,SAU,558721.2000000001
1-4,SAU,2234884.8
5-9,SAU,2688781.0
10-14,SAU,2403377.0
15-19,SAU,2096572.9999999998
20-24,SAU,2407328.0
25-29,SAU,3431787.0
30-34,SAU,3851360.0
35-39,SAU,3306924.0
40-44,SAU,2414910.0
45-49,SAU,1769000.0
50-54,SAU,1373279.0
55-59,SAU,931462.0
60-64,SAU,578441.0
65-69,SAU,298747.0
70-74,SAU,206285.0
75-79,SAU,133148.0
80-84,SAU,74963.0
85-89,SAU,34391.0
90-94,SAU,11721.0
95+,SAU,2942.0
all-a,SAU,30809025.0
<1,SDN,1437673.8
1-4,SDN,5750695.2
5-9,SDN,6280009.0
10-14,SDN,5717114.0
15-19,SDN,5125164.0
20-24,SDN,4455274.0
25-29,SDN,3702690.0
30-34,SDN,2940877.0
35-39,SDN,2404285.0
40-44,SDN,1916045.0
45-49,SDN,1654827.0
50-54,SDN,1384771.0
55-59,SDN,1136399.0
60-64,SDN,903110.0
65-69,SDN,620895.0
70-74,SDN,367109.0
75-79,SDN,203980.0
80-84,SDN,108761.0
85-89,SDN,47705.0
90-94,SDN,14353.0
95+,SDN,2560.0
all-a,SDN,46174297.0
<1,SEN,480006.80000000005
1-4,SEN,1920027.2
5-9,SEN,2272271.0
10-14,SEN,2057495.0
15-19,SEN,1805495.0
20-24,SEN,1557767.0
25-29,SEN,1305151.0
30-34,SEN,1107708.0
35-39,SEN,931409.0
40-44,SEN,759166.0
45-49,SEN,605708.0
50-54,SEN,489527.0
55-59,SEN,387653.0
60-64,SEN,309376.0
65-69,SEN,237605.0
70-74,SEN,160682.0
75-79,SEN,108361.0
80-84,SEN,56068.0
85-89,SEN,17324.0
90-94,SEN,2839.0
95+,SEN,200.0
all-a,SEN,16571839.0
<1,SLB,20483.2
1-4,SLB,81932.8
5-9,SLB,97242.0
10-14,SLB,84228.0
15-19,SLB,76190.0
20-24,SLB,65171.00000000001
25-29,SLB,53576.0
30-34,SLB,52347.0
35-39,SLB,45909.0
40-44,SLB,39766.0
45-49,SLB,33488.0
50-54,SLB,25200.0
55-59,SLB,18896.0
60-64,SLB,13623.0
65-69,SLB,10800.0
70-74,SLB,6928.0
75-79,SLB,4650.0
80-84,SLB,3141.0
85-89,SLB,1444.0
90-94,SLB,399.0
95+,SLB,59.0
all-a,SLB,735473.0
<1,SLE,224240.6
1-4,SLE,896962.4
5-9,SLE,1046704.9999999999
10-14,SLE,961357.0
15-19,SLE,862829.0
20-24,SLE,743701.0
25-29,SLE,625730.0
30-34,SLE,528143.0
35-39,SLE,441297.0
40-44,SLE,364976.0
45-49,SLE,298460.0
50-54,SLE,243018.0
55-59,SLE,192932.0
60-64,SLE,145481.0
65-69,SLE,103741.0
70-74,SLE,70972.0
75-79,SLE,43278.0
80-84,SLE,19634.0
85-89,SLE,6395.0
90-94,SLE,1368.0
95+,SLE,186.0
all-a,SLE,7821406.0
<1,SLV,104189.20000000001
1-4,SLV,416756.8
5-9,SLV,562246.0
10-14,SLV,566288.0
15-19,SLV,615956.0
20-24,SLV,661238.0
25-29,SLV,572179.0
30-34,SLV,439634.0
35-39,SLV,380526.0
40-44,SLV,366744.0
45-49,SLV,326130.0
50-54,SLV,290484.0
55-59,SLV,242502.0
60-64,SLV,199850.0
65-69,SLV,163480.0
70-74,SLV,128604.99999999999
75-79,SLV,93373.0
80-84,SLV,57092.0
85-89,SLV,26645.0
90-94,SLV,7894.0
95+,SLV,1347.0
all-a,SLV,6223159.0
<1,SOM,623519.4
1-4,SOM,2494077.6
5-9,SOM,2480765.0
10-14,SOM,2091279.0
15-19,SOM,1800539.0
20-24,SOM,1491580.0
25-29,SOM,1108574.0
30-34,SOM,944683.0
35-39,SOM,787336.0
40-44,SOM,622657.0
45-49,SOM,494879.0
50-54,SOM,400749.0
55-59,SOM,322776.0
60-64,SOM,254917.0
65-69,SOM,191944.0
70-74,SOM,114191.0
75-79,SOM,63100.0
80-84,SOM,31530.0
85-89,SOM,10324.0
90-94,SOM,2212.0
95+,SOM,276.0
all-a,SOM,16331908.0
<1,SRB,64874.8
1-4,SRB,259499.2
5-9,SRB,328467.0
10-14,SRB,336013.0
15-19,SRB,353087.0
20-24,SRB,368452.0
25-29,SRB,407262.0
30-34,SRB,444940.0
35-39,SRB,483591.0
40-44,SRB,494050.0
45-49,SRB,471101.0
50-54,SRB,460368.0
55-59,SRB,478618.0
60-64,SRB,507641.0
65-69,SRB,531327.0
70-74,SRB,375174.0
75-79,SRB,249390.0
80-84,SRB,190006.0
85-89,SRB,97698.0
90-94,SRB,30553.0
95+,SRB,7011.0
all-a,SRB,6939123.0
<1,SSD,283329.60000000003
1-4,SSD,1133318.4
5-9,SSD,1622610.0
10-14,SSD,1500828.0
15-19,SSD,1240787.0
20-24,SSD,815366.0
25-29,SSD,623506.0
30-34,SSD,543187.0
35-39,SSD,633121.0
40-44,SSD,592588.0
45-49,SSD,487206.0
50-54,SSD,355900.0
55-59,SSD,260536.99999999997
60-64,SSD,187433.0
65-69,SSD,125753.0
70-74,SSD,80579.0
75-79,SSD,46873.0
80-84,SSD,21223.0
85-89,SSD,5730.0
90-94,SSD,652.0
95+,SSD,307.0
all-a,SSD,10560834.0
<1,STP,5903.0
1-4,STP,23612.0
5-9,STP,28997.0
10-14,STP,27960.0
15-19,STP,23522.0
20-24,STP,17962.0
25-29,STP,14836.0
30-34,STP,13601.0
35-39,STP,13503.0
40-44,STP,11264.0
45-49,STP,8719.0
50-54,STP,6878.0
55-59,STP,5753.0
60-64,STP,4186.0
65-69,STP,3021.0
70-74,STP,2009.0
75-79,STP,1653.0
80-84,STP,1082.0
85-89,STP,425.0
90-94,STP,98.0
95+,STP,15.0
all-a,STP,214999.0
<1,SUR,10808.2
1-4,SUR,43232.8
5-9,SUR,55441.0
10-14,SUR,54941.0
15-19,SUR,55940.0
20-24,SUR,52896.0
25-29,SUR,45577.0
30-34,SUR,44142.0
35-39,SUR,43089.0
40-44,SUR,36447.0
45-49,SUR,37386.0
50-54,SUR,34593.0
55-59,SUR,30325.0
60-64,SUR,22509.0
65-69,SUR,16297.0
70-74,SUR,10567.0
75-79,SUR,7659.0
80-84,SUR,4288.0
85-89,SUR,2178.0
90-94,SUR,672.0
95+,SUR,153.0
all-a,SUR,609141.0
<1,SVK,58826.8
1-4,SVK,235307.2
5-9,SVK,290063.0
10-14,SVK,279526.0
15-19,SVK,262755.0
20-24,SVK,292245.0
25-29,SVK,367835.0
30-34,SVK,411384.0
35-39,SVK,436090.0
40-44,SVK,455318.0
45-49,SVK,398551.0
50-54,SVK,346983.0
55-59,SVK,357915.0
60-64,SVK,359902.0
65-69,SVK,329392.0
70-74,SVK,231295.0
75-79,SVK,159356.0
80-84,SVK,100157.0
85-89,SVK,55560.0
90-94,SVK,21626.0
95+,SVK,4299.0
all-a,SVK,5454386.0
<1,SVN,20156.800000000003
1-4,SVN,80627.2
5-9,SVN,110259.0
10-14,SVN,104758.0
15-19,SVN,93737.0
20-24,SVN,103078.0
25-29,SVN,113875.0
30-34,SVN,136261.0
35-39,SVN,152533.0
40-44,SVN,159730.0
45-49,SVN,148963.0
50-54,SVN,152739.0
55-59,SVN,150378.0
60-64,SVN,144745.0
65-69,SVN,134300.0
70-74,SVN,96664.0
75-79,SVN,78355.0
80-84,SVN,56666.0
85-89,SVN,34870.0
90-94,SVN,14329.0
95+,SVN,3715.0
all-a,SVN,2090739.0
<1,SWE,120344.40000000001
1-4,SWE,481377.6
5-9,SWE,624088.0
10-14,SWE,609023.0
15-19,SWE,568909.0
20-24,SWE,587698.0
25-29,SWE,739705.0
30-34,SWE,715895.0
35-39,SWE,650596.0
40-44,SWE,631264.0
45-49,SWE,667086.0
50-54,SWE,677762.0
55-59,SWE,620107.0
60-64,SWE,568388.0
65-69,SWE,540045.0
70-74,SWE,560419.0
75-79,SWE,428594.0
80-84,SWE,273019.0
85-89,SWE,163575.0
90-94,SWE,76905.0
95+,SWE,23076.0
all-a,SWE,10327876.0
<1,SWZ,28485.0
1-4,SWZ,113940.0
5-9,SWZ,137472.0
10-14,SWZ,133733.0
15-19,SWZ,126850.0
20-24,SWZ,116105.0
25-29,SWZ,106052.0
30-34,SWZ,95885.0
35-39,SWZ,80352.0
40-44,SWZ,60184.0
45-49,SWZ,43968.0
50-54,SWZ,39421.0
55-59,SWZ,30882.0
60-64,SWZ,26414.0
65-69,SWZ,19006.0
70-74,SWZ,13061.0
75-79,SWZ,7737.0
80-84,SWZ,3874.0
85-89,SWZ,1430.0
90-94,SWZ,450.0
95+,SWZ,98.0
all-a,SWZ,1185399.0
<1,SYR,383613.80000000005
1-4,SYR,1534455.2
5-9,SYR,2606591.0
10-14,SYR,2790585.0
15-19,SYR,2531733.0
20-24,SYR,1998990.0
25-29,SYR,1333731.0
30-34,SYR,1244116.0
35-39,SYR,1211382.0
40-44,SYR,1138451.0
45-49,SYR,994098.0
50-54,SYR,846109.0
55-59,SYR,677571.0
60-64,SYR,522938.0
65-69,SYR,379683.0
70-74,SYR,264962.0
75-79,SYR,156845.0
80-84,SYR,86723.0
85-89,SYR,37674.0
90-94,SYR,9583.0
95+,SYR,1072.0
all-a,SYR,20750906.0
<1,TCD,643066.0
1-4,TCD,2572264.0
5-9,TCD,2695826.0
10-14,TCD,2233539.0
15-19,TCD,1801993.0
20-24,TCD,1482549.0
25-29,TCD,1208538.0
30-34,TCD,959038.0
35-39,TCD,787016.0
40-44,TCD,675650.0
45-49,TCD,557972.0
50-54,TCD,424988.0
55-59,TCD,318371.0
60-64,TCD,227830.0
65-69,TCD,158725.0
70-74,TCD,94990.0
75-79,TCD,55082.0
80-84,TCD,26752.0
85-89,TCD,9282.0
90-94,TCD,2013.9999999999998
95+,TCD,273.0
all-a,TCD,16935758.0
<1,TGO,257475.6
1-4,TGO,1029902.4
5-9,TGO,1173440.0
10-14,TGO,1037921.0
15-19,TGO,874189.0
20-24,TGO,748588.0
25-29,TGO,661068.0
30-34,TGO,578892.0
35-39,TGO,502968.0
40-44,TGO,430391.0
45-49,TGO,351901.0
50-54,TGO,278687.0
55-59,TGO,217002.0
60-64,TGO,164786.0
65-69,TGO,120218.0
70-74,TGO,76804.0
75-79,TGO,40457.0
80-84,TGO,16303.0
85-89,TGO,4271.0
90-94,TGO,580.0
95+,TGO,34.0
all-a,TGO,8565878.0
<1,THA,691117.0
1-4,THA,2764468.0
5-9,THA,3999697.0
10-14,THA,4254096.0
15-19,THA,4607610.0
20-24,THA,5054226.0
25-29,THA,5130963.0
30-34,THA,5048772.0
35-39,THA,5371082.0
40-44,THA,5405285.0
45-49,THA,5550384.0
50-54,THA,5483801.0
55-59,THA,4999704.0
60-64,THA,4197157.0
65-69,THA,3232877.0
70-74,THA,2288148.0
75-79,THA,1544008.0
80-84,THA,1074246.0
85-89,THA,588482.0
90-94,THA,230179.0
95+,THA,66997.0
all-a,THA,71583299.0
<1,TJK,266098.60000000003
1-4,TJK,1064394.4
5-9,TJK,1214126.0
10-14,TJK,961191.0
15-19,TJK,878538.0
20-24,TJK,896157.0
25-29,TJK,840557.0
30-34,TJK,778284.0
35-39,TJK,596152.0
40-44,TJK,474891.0
45-49,TJK,415713.0
50-54,TJK,374410.0
55-59,TJK,332890.0
60-64,TJK,236334.0
65-69,TJK,142844.0
70-74,TJK,72698.0
75-79,TJK,44874.0
80-84,TJK,33873.0
85-89,TJK,13455.0
90-94,TJK,3452.0
95+,TJK,425.0
all-a,TJK,9641357.0
<1,TKM,164810.40000000002
1-4,TKM,659241.6
5-9,TKM,748105.0
10-14,TKM,563753.0
15-19,TKM,512421.00000000006
20-24,TKM,623474.0
25-29,TKM,650861.0
30-34,TKM,579083.0
35-39,TKM,479327.0
40-44,TKM,422914.0
45-49,TKM,401015.0
50-54,TKM,336324.0
55-59,TKM,277225.0
60-64,TKM,200743.0
65-69,TKM,120058.0
70-74,TKM,60315.0
75-79,TKM,35021.0
80-84,TKM,28791.0
85-89,TKM,11003.0
90-94,TKM,3075.0
95+,TKM,390.0
all-a,TKM,6877950.0
<1,TLS,32940.6
1-4,TLS,131762.4
5-9,TLS,153698.0
10-14,TLS,158306.0
15-19,TLS,153691.0
20-24,TLS,129781.0
25-29,TLS,106275.0
30-34,TLS,91260.0
35-39,TLS,70184.0
40-44,TLS,52686.0
45-49,TLS,54513.0
50-54,TLS,44364.0
55-59,TLS,34299.0
60-64,TLS,26834.0
65-69,TLS,24892.0
70-74,TLS,25015.0
75-79,TLS,14565.0
80-84,TLS,6285.0
85-89,TLS,1871.0
90-94,TLS,328.0
95+,TLS,24.0
all-a,TLS,1313574.0
<1,TTO,17945.0
1-4,TTO,71780.0
5-9,TTO,94392.0
10-14,TTO,94321.0
15-19,TTO,92657.0
20-24,TTO,96651.0
25-29,TTO,110786.0
30-34,TTO,131438.0
35-39,TTO,134113.0
40-44,TTO,112091.0
45-49,TTO,98053.0
50-54,TTO,91729.0
55-59,TTO,99505.0
60-64,TTO,82438.0
65-69,TTO,66362.0
70-74,TTO,42756.0
75-79,TTO,23284.0
80-84,TTO,11523.0
85-89,TTO,4916.0
90-94,TTO,1378.0
95+,TTO,227.0
all-a,TTO,1478345.0
<1,TUN,207484.6
1-4,TUN,829938.4
5-9,TUN,1054115.0
10-14,TUN,904327.0
15-19,TUN,815510.0
20-24,TUN,845081.0
25-29,TUN,950817.0
30-34,TUN,961302.0
35-39,TUN,932559.0
40-44,TUN,847874.0
45-49,TUN,747320.0
50-54,TUN,690143.0
55-59,TUN,644426.0
60-64,TUN,529184.0
65-69,TUN,403130.0
70-74,TUN,241564.0
75-79,TUN,159178.0
80-84,TUN,103627.0
85-89,TUN,47633.0
90-94,TUN,11821.0
95+,TUN,1900.0
all-a,TUN,11928934.0
<1,TUR,1342999.8
1-4,TUR,5371999.2
5-9,TUR,6644633.0
10-14,TUR,6265495.0
15-19,TUR,6530033.0
20-24,TUR,7042906.0
25-29,TUR,6896052.0
30-34,TUR,6790795.0
35-39,TUR,6838638.0
40-44,TUR,6513948.0
45-49,TUR,5341265.0
50-54,TUR,4831057.0
55-59,TUR,4394235.0
60-64,TUR,3455630.0
65-69,TUR,2884213.0
70-74,TUR,1907945.0
75-79,TUR,1294703.0
80-84,TUR,822396.0
85-89,TUR,419428.0
90-94,TUR,141710.0
95+,TUR,28414.0
all-a,TUR,85758495.0
<1,TWN,196341.80000000002
1-4,TWN,785367.2
5-9,TWN,1017734.0
10-14,TWN,1011651.0
15-19,TWN,1248562.0
20-24,TWN,1412362.0
25-29,TWN,1596293.0
30-34,TWN,1611121.0
35-39,TWN,1982458.0
40-44,TWN,1967154.0
45-49,TWN,1785677.0
50-54,TWN,1850507.0
55-59,TWN,1863525.0
60-64,TWN,1691909.0
65-69,TWN,1403113.0
70-74,TWN,815609.0
75-79,TWN,616460.0
80-84,TWN,427993.0
85-89,TWN,251073.0
90-94,TWN,113475.0
95+,TWN,32088.0
all-a,TWN,23680473.0
<1,TZA,1995771.8
1-4,TZA,7983087.2
5-9,TZA,8542591.0
10-14,TZA,7599392.0
15-19,TZA,6561780.0
20-24,TZA,5567969.0
25-29,TZA,4592976.0
30-34,TZA,3859022.0
35-39,TZA,3217409.0
40-44,TZA,2658399.0
45-49,TZA,2104291.0
50-54,TZA,1516949.0
55-59,TZA,1111692.0
60-64,TZA,931502.0
65-69,TZA,734082.0
70-74,TZA,522616.99999999994
75-79,TZA,300249.0
80-84,TZA,154338.0
85-89,TZA,68602.0
90-94,TZA,22785.0
95+,TZA,5905.0
all-a,TZA,60051409.0
<1,UGA,1468398.0
1-4,UGA,5873592.0
5-9,UGA,6615821.0
10-14,UGA,5933143.0
15-19,UGA,5203511.0
20-24,UGA,4399721.0
25-29,UGA,3565670.0
30-34,UGA,2707658.0
35-39,UGA,1977650.0
40-44,UGA,1558967.0
45-49,UGA,1278657.0
50-54,UGA,998104.0
55-59,UGA,728654.0
60-64,UGA,530489.0
65-69,UGA,375890.0
70-74,UGA,228668.0
75-79,UGA,127547.0
80-84,UGA,86873.0
85-89,UGA,50575.0
90-94,UGA,20780.0
95+,UGA,6406.0
all-a,UGA,43736774.0
<1,UKR,397063.60000000003
1-4,UKR,1588254.4
5-9,UKR,2514960.0
10-14,UKR,2372488.0
15-19,UKR,1963566.0
20-24,UKR,2157232.0
25-29,UKR,2909623.0
30-34,UKR,3772056.0
35-39,UKR,3647962.0
40-44,UKR,3251154.0
45-49,UKR,3029967.0
50-54,UKR,3105332.0
55-59,UKR,3402941.0
60-64,UKR,3134188.0
65-69,UKR,2564288.0
70-74,UKR,1671404.0
75-79,UKR,1306332.0
80-84,UKR,1267405.0
85-89,UKR,460537.0
90-94,UKR,258428.99999999997
95+,UKR,60688.0
all-a,UKR,44835870.0
<1,URY,42415.200000000004
1-4,URY,169660.8
5-9,URY,232872.0
10-14,URY,234778.0
15-19,URY,242775.0
20-24,URY,254473.0
25-29,URY,249677.0
30-34,URY,233605.0
35-39,URY,214683.0
40-44,URY,230034.0
45-49,URY,210377.0
50-54,URY,199419.0
55-59,URY,194135.0
60-64,URY,171829.0
65-69,URY,145103.0
70-74,URY,119718.0
75-79,URY,97820.0
80-84,URY,75169.0
85-89,URY,46609.0
90-94,URY,22811.0
95+,URY,9728.0
all-a,URY,3397691.0
<1,USA,3924754.6
1-4,USA,15699018.4
5-9,USA,20799530.0
10-14,USA,22369858.0
15-19,USA,22180949.0
20-24,USA,22255101.0
25-29,USA,24048024.0
30-34,USA,23893814.0
35-39,USA,23144883.0
40-44,USA,21299671.0
45-49,USA,20939086.0
50-54,USA,21158435.0
55-59,USA,22512038.0
60-64,USA,21097104.0
65-69,USA,17718785.0
70-74,USA,14208302.0
75-79,USA,9607331.0
80-84,USA,6214701.0
85-89,USA,3835922.0
90-94,USA,1729574.0
95+,USA,505547.0
all-a,USA,339142428.0
<1,UZB,748407.8
1-4,UZB,2993631.2
5-9,UZB,3224744.0
10-14,UZB,2852585.0
15-19,UZB,2485802.0
20-24,UZB,2792530.0
25-29,UZB,3119941.0
30-34,UZB,2943247.0
35-39,UZB,2441189.0
40-44,UZB,2032943.0
45-49,UZB,1783329.0
50-54,UZB,1585347.0
55-59,UZB,1445774.0
60-64,UZB,1068206.0
65-69,UZB,752692.0
70-74,UZB,403641.0
75-79,UZB,279072.0
80-84,UZB,204218.0
85-89,UZB,85320.0
90-94,UZB,23852.0
95+,UZB,2633.0
all-a,UZB,33269104.0
<1,VEN,490490.2
1-4,VEN,1961960.8
5-9,VEN,2741783.0
10-14,VEN,2816454.0
15-19,VEN,2561802.0
20-24,VEN,2120247.0
25-29,VEN,1964841.0
30-34,VEN,1975029.0
35-39,VEN,1919841.0
40-44,VEN,1844231.0
45-49,VEN,1704006.0
50-54,VEN,1584663.0
55-59,VEN,1408006.0
60-64,VEN,1186190.0
65-69,VEN,878489.0
70-74,VEN,620296.0
75-79,VEN,427449.0
80-84,VEN,249092.0
85-89,VEN,105485.0
90-94,VEN,25266.0
95+,VEN,2132.0
all-a,VEN,28587753.0
<1,VNM,1564052.2000000002
1-4,VNM,6256208.8
5-9,VNM,8601262.0
10-14,VNM,7471243.0
15-19,VNM,6611490.0
20-24,VNM,6653914.0
25-29,VNM,8456274.0
30-34,VNM,8631539.0
35-39,VNM,7977505.0
40-44,VNM,6817752.0
45-49,VNM,6256961.0
50-54,VNM,5714448.0
55-59,VNM,5235251.0
60-64,VNM,4147408.0000000005
65-69,VNM,2867619.0
70-74,VNM,1758751.0
75-79,VNM,1105380.0
80-84,VNM,795850.0
85-89,VNM,479111.0
90-94,VNM,170243.0
95+,VNM,48142.0
all-a,VNM,97620404.0
<1,VUT,8659.2
1-4,VUT,34636.8
5-9,VUT,39400.0
10-14,VUT,32521.0
15-19,VUT,26682.0
20-24,VUT,24705.0
25-29,VUT,25096.0
30-34,VUT,22062.0
35-39,VUT,18157.0
40-44,VUT,12436.0
45-49,VUT,13147.0
50-54,VUT,10334.0
55-59,VUT,8695.0
60-64,VUT,6865.0
65-69,VUT,5008.0
70-74,VUT,3120.0
75-79,VUT,1751.0
80-84,VUT,1026.0
85-89,VUT,611.0
90-94,VUT,344.0
95+,VUT,85.0
all-a,VUT,295341.0
<1,YEM,1143337.8
1-4,YEM,4573351.2
5-9,YEM,4758906.0
10-14,YEM,4259952.0
15-19,YEM,3763311.0
20-24,YEM,3363708.0
25-29,YEM,3151846.0
30-34,YEM,2676565.0
35-39,YEM,2124729.0
40-44,YEM,1595147.0
45-49,YEM,1213860.0
50-54,YEM,928376.0
55-59,YEM,682881.0
60-64,YEM,491512.0
65-69,YEM,340905.0
70-74,YEM,269193.0
75-79,YEM,173937.0
80-84,YEM,89490.0
85-89,YEM,31932.0
90-94,YEM,6971.0
95+,YEM,770.0
all-a,YEM,35640680.0
<1,ZAF,1105784.2
1-4,ZAF,4423136.8
5-9,ZAF,5419351.0
10-14,ZAF,5400915.0
15-19,ZAF,4894567.0
20-24,ZAF,5346454.0
25-29,ZAF,5629857.0
30-34,ZAF,5549792.0
35-39,ZAF,4855622.0
40-44,ZAF,3767107.0
45-49,ZAF,3109220.0
50-54,ZAF,2654420.0
55-59,ZAF,2382007.0
60-64,ZAF,1916608.0
65-69,ZAF,1405790.0
70-74,ZAF,888724.0
75-79,ZAF,582474.0
80-84,ZAF,395616.0
85-89,ZAF,234851.0
90-94,ZAF,90293.0
95+,ZAF,26904.0
all-a,ZAF,60079493.0
<1,ZMB,596702.8
1-4,ZMB,2386811.2
5-9,ZMB,2746937.0
10-14,ZMB,2452303.0
15-19,ZMB,2053710.9999999998
20-24,ZMB,1755948.0
25-29,ZMB,1502061.0
30-34,ZMB,1303091.0
35-39,ZMB,1086178.0
40-44,ZMB,878281.0
45-49,ZMB,654597.0
50-54,ZMB,465581.0
55-59,ZMB,334419.0
60-64,ZMB,232650.0
65-69,ZMB,155797.0
70-74,ZMB,92407.0
75-79,ZMB,52794.0
80-84,ZMB,24894.0
85-89,ZMB,9067.0
90-94,ZMB,2386.0
95+,ZMB,453.0
all-a,ZMB,18787069.0
<1,ZWE,449360.80000000005
1-4,ZWE,1797443.2
5-9,ZWE,2301590.0
10-14,ZWE,1972061.0
15-19,ZWE,1743201.0
20-24,ZWE,1285842.0
25-29,ZWE,1029771.9999999999
30-34,ZWE,1061994.0
35-39,ZWE,1087778.0
40-44,ZWE,765851.0
45-49,ZWE,480091.0
50-54,ZWE,329087.0
55-59,ZWE,268028.0
60-64,ZWE,273226.0
65-69,ZWE,245249.0
70-74,ZWE,146265.0
75-79,ZWE,84438.0
80-84,ZWE,43023.0
85-89,ZWE,21057.0
90-94,ZWE,7498.0
95+,ZWE,1354.0
all-a,ZWE,15394209.0
