risk_factor,cause,age,exposure_g_per_day,rr_mean,rr_low,rr_high
fruits,CHD,25-29,0.0,1.0,1.0,1.0
fruits,CHD,25-29,100.0,0.94,0.92,0.99
fruits,CHD,25-29,200.0,0.89,0.85,0.96
fruits,CHD,25-29,300.0,0.85,0.79,0.94
fruits,CHD,30-34,0.0,1.0,1.0,1.0
fruits,CHD,30-34,100.0,0.94,0.92,0.99
fruits,CHD,30-34,200.0,0.89,0.85,0.96
fruits,CHD,30-34,300.0,0.85,0.79,0.94
fruits,CHD,35-39,0.0,1.0,1.0,1.0
fruits,CHD,35-39,100.0,0.94,0.92,0.99
fruits,CHD,35-39,200.0,0.89,0.85,0.96
fruits,CHD,35-39,300.0,0.85,0.79,0.94
fruits,CHD,40-44,0.0,1.0,1.0,1.0
fruits,CHD,40-44,100.0,0.95,0.94,1.0
fruits,CHD,40-44,200.0,0.91,0.87,0.97
fruits,CHD,40-44,300.0,0.87,0.82,0.95
fruits,CHD,45-49,0.0,1.0,1.0,1.0
fruits,CHD,45-49,100.0,0.96,0.94,1.0
fruits,CHD,45-49,200.0,0.91,0.88,0.97
fruits,CHD,45-49,300.0,0.88,0.83,0.95
fruits,CHD,50-54,0.0,1.0,1.0,1.0
fruits,CHD,50-54,100.0,0.96,0.94,1.0
fruits,CHD,50-54,200.0,0.92,0.89,0.97
fruits,CHD,50-54,300.0,0.89,0.84,0.95
fruits,CHD,55-59,0.0,1.0,1.0,1.0
fruits,CHD,55-59,100.0,0.96,0.95,1.0
fruits,CHD,55-59,200.0,0.93,0.9,0.98
fruits,CHD,55-59,300.0,0.9,0.86,0.96
fruits,CHD,60-64,0.0,1.0,1.0,1.0
fruits,CHD,60-64,100.0,0.97,0.96,1.0
fruits,CHD,60-64,200.0,0.94,0.91,0.98
fruits,CHD,60-64,300.0,0.91,0.88,0.96
fruits,CHD,65-69,0.0,1.0,1.0,1.0
fruits,CHD,65-69,100.0,0.97,0.96,1.0
fruits,CHD,65-69,200.0,0.94,0.92,0.98
fruits,CHD,65-69,300.0,0.92,0.89,0.97
fruits,CHD,70-74,0.0,1.0,1.0,1.0
fruits,CHD,70-74,100.0,0.97,0.96,1.0
fruits,CHD,70-74,200.0,0.95,0.93,0.98
fruits,CHD,70-74,300.0,0.93,0.9,0.97
fruits,CHD,75-79,0.0,1.0,1.0,1.0
fruits,CHD,75-79,100.0,0.98,0.97,1.0
fruits,CHD,75-79,200.0,0.95,0.93,0.98
fruits,CHD,75-79,300.0,0.93,0.91,0.97
fruits,CHD,80-84,0.0,1.0,1.0,1.0
fruits,CHD,80-84,100.0,0.98,0.97,1.0
fruits,CHD,80-84,200.0,0.95,0.93,0.98
fruits,CHD,80-84,300.0,0.93,0.91,0.97
fruits,CHD,85-89,0.0,1.0,1.0,1.0
fruits,CHD,85-89,100.0,0.98,0.97,1.0
fruits,CHD,85-89,200.0,0.95,0.93,0.98
fruits,CHD,85-89,300.0,0.93,0.91,0.97
fruits,CHD,90-94,0.0,1.0,1.0,1.0
fruits,CHD,90-94,100.0,0.98,0.97,1.0
fruits,CHD,90-94,200.0,0.95,0.93,0.98
fruits,CHD,90-94,300.0,0.93,0.91,0.97
fruits,CHD,95+,0.0,1.0,1.0,1.0
fruits,CHD,95+,100.0,0.98,0.97,1.0
fruits,CHD,95+,200.0,0.95,0.93,0.98
fruits,CHD,95+,300.0,0.93,0.91,0.97
fruits,Stroke,25-29,0.0,1.0,1.0,1.0
fruits,Stroke,25-29,100.0,0.91,0.84,0.99
fruits,Stroke,25-29,200.0,0.85,0.74,0.96
fruits,Stroke,25-29,300.0,0.78,0.65,0.93
fruits,Stroke,30-34,0.0,1.0,1.0,1.0
fruits,Stroke,30-34,100.0,0.91,0.84,0.99
fruits,Stroke,30-34,200.0,0.85,0.74,0.96
fruits,Stroke,30-34,300.0,0.78,0.65,0.93
fruits,Stroke,35-39,0.0,1.0,1.0,1.0
fruits,Stroke,35-39,100.0,0.91,0.84,0.99
fruits,Stroke,35-39,200.0,0.85,0.74,0.96
fruits,Stroke,35-39,300.0,0.78,0.65,0.93
fruits,Stroke,40-44,0.0,1.0,1.0,1.0
fruits,Stroke,40-44,100.0,0.92,0.87,1.0
fruits,Stroke,40-44,200.0,0.88,0.79,0.97
fruits,Stroke,40-44,300.0,0.82,0.71,0.95
fruits,Stroke,45-49,0.0,1.0,1.0,1.0
fruits,Stroke,45-49,100.0,0.93,0.89,1.0
fruits,Stroke,45-49,200.0,0.9,0.82,0.97
fruits,Stroke,45-49,300.0,0.85,0.74,0.95
fruits,Stroke,50-54,0.0,1.0,1.0,1.0
fruits,Stroke,50-54,100.0,0.95,0.91,1.0
fruits,Stroke,50-54,200.0,0.91,0.84,0.98
fruits,Stroke,50-54,300.0,0.87,0.78,0.96
fruits,Stroke,55-59,0.0,1.0,1.0,1.0
fruits,Stroke,55-59,100.0,0.95,0.92,1.0
fruits,Stroke,55-59,200.0,0.93,0.87,0.98
fruits,Stroke,55-59,300.0,0.89,0.81,0.97
fruits,Stroke,60-64,0.0,1.0,1.0,1.0
fruits,Stroke,60-64,100.0,0.96,0.94,1.0
fruits,Stroke,60-64,200.0,0.94,0.89,0.98
fruits,Stroke,60-64,300.0,0.91,0.84,0.97
fruits,Stroke,65-69,0.0,1.0,1.0,1.0
fruits,Stroke,65-69,100.0,0.97,0.95,1.0
fruits,Stroke,65-69,200.0,0.95,0.91,0.99
fruits,Stroke,65-69,300.0,0.92,0.87,0.98
fruits,Stroke,70-74,0.0,1.0,1.0,1.0
fruits,Stroke,70-74,100.0,0.97,0.96,1.0
fruits,Stroke,70-74,200.0,0.96,0.93,0.99
fruits,Stroke,70-74,300.0,0.94,0.89,0.98
fruits,Stroke,75-79,0.0,1.0,1.0,1.0
fruits,Stroke,75-79,100.0,0.98,0.96,1.0
fruits,Stroke,75-79,200.0,0.97,0.94,0.99
fruits,Stroke,75-79,300.0,0.95,0.91,0.99
fruits,Stroke,80-84,0.0,1.0,1.0,1.0
fruits,Stroke,80-84,100.0,0.98,0.96,1.0
fruits,Stroke,80-84,200.0,0.97,0.94,0.99
fruits,Stroke,80-84,300.0,0.95,0.91,0.99
fruits,Stroke,85-89,0.0,1.0,1.0,1.0
fruits,Stroke,85-89,100.0,0.98,0.96,1.0
fruits,Stroke,85-89,200.0,0.97,0.94,0.99
fruits,Stroke,85-89,300.0,0.95,0.91,0.99
fruits,Stroke,90-94,0.0,1.0,1.0,1.0
fruits,Stroke,90-94,100.0,0.98,0.96,1.0
fruits,Stroke,90-94,200.0,0.97,0.94,0.99
fruits,Stroke,90-94,300.0,0.95,0.91,0.99
fruits,Stroke,95+,0.0,1.0,1.0,1.0
fruits,Stroke,95+,100.0,0.98,0.96,1.0
fruits,Stroke,95+,200.0,0.97,0.94,0.99
fruits,Stroke,95+,300.0,0.95,0.91,0.99
fruits,T2DM,25-29,0.0,1.0,1.0,1.0
fruits,T2DM,25-29,100.0,0.94,0.93,0.97
fruits,T2DM,25-29,200.0,0.9,0.87,0.93
fruits,T2DM,25-29,300.0,0.88,0.85,0.91
fruits,T2DM,30-34,0.0,1.0,1.0,1.0
fruits,T2DM,30-34,100.0,0.94,0.93,0.97
fruits,T2DM,30-34,200.0,0.9,0.87,0.93
fruits,T2DM,30-34,300.0,0.88,0.85,0.91
fruits,T2DM,35-39,0.0,1.0,1.0,1.0
fruits,T2DM,35-39,100.0,0.94,0.93,0.97
fruits,T2DM,35-39,200.0,0.9,0.87,0.93
fruits,T2DM,35-39,300.0,0.88,0.85,0.91
fruits,T2DM,40-44,0.0,1.0,1.0,1.0
fruits,T2DM,40-44,100.0,0.94,0.93,0.97
fruits,T2DM,40-44,200.0,0.9,0.87,0.93
fruits,T2DM,40-44,300.0,0.88,0.85,0.91
fruits,T2DM,45-49,0.0,1.0,1.0,1.0
fruits,T2DM,45-49,100.0,0.94,0.93,0.97
fruits,T2DM,45-49,200.0,0.9,0.87,0.93
fruits,T2DM,45-49,300.0,0.88,0.85,0.91
fruits,T2DM,50-54,0.0,1.0,1.0,1.0
fruits,T2DM,50-54,100.0,0.94,0.93,0.97
fruits,T2DM,50-54,200.0,0.9,0.87,0.93
fruits,T2DM,50-54,300.0,0.88,0.85,0.91
fruits,T2DM,55-59,0.0,1.0,1.0,1.0
fruits,T2DM,55-59,100.0,0.94,0.93,0.97
fruits,T2DM,55-59,200.0,0.9,0.87,0.93
fruits,T2DM,55-59,300.0,0.88,0.85,0.91
fruits,T2DM,60-64,0.0,1.0,1.0,1.0
fruits,T2DM,60-64,100.0,0.94,0.93,0.97
fruits,T2DM,60-64,200.0,0.9,0.87,0.93
fruits,T2DM,60-64,300.0,0.88,0.85,0.91
fruits,T2DM,65-69,0.0,1.0,1.0,1.0
fruits,T2DM,65-69,100.0,0.94,0.93,0.97
fruits,T2DM,65-69,200.0,0.9,0.87,0.93
fruits,T2DM,65-69,300.0,0.88,0.85,0.91
fruits,T2DM,70-74,0.0,1.0,1.0,1.0
fruits,T2DM,70-74,100.0,0.94,0.93,0.97
fruits,T2DM,70-74,200.0,0.9,0.87,0.93
fruits,T2DM,70-74,300.0,0.88,0.85,0.91
fruits,T2DM,75-79,0.0,1.0,1.0,1.0
fruits,T2DM,75-79,100.0,0.94,0.93,0.97
fruits,T2DM,75-79,200.0,0.9,0.87,0.93
fruits,T2DM,75-79,300.0,0.88,0.85,0.91
fruits,T2DM,80-84,0.0,1.0,1.0,1.0
fruits,T2DM,80-84,100.0,0.94,0.93,0.97
fruits,T2DM,80-84,200.0,0.9,0.87,0.93
fruits,T2DM,80-84,300.0,0.88,0.85,0.91
fruits,T2DM,85-89,0.0,1.0,1.0,1.0
fruits,T2DM,85-89,100.0,0.94,0.93,0.97
fruits,T2DM,85-89,200.0,0.9,0.87,0.93
fruits,T2DM,85-89,300.0,0.88,0.85,0.91
fruits,T2DM,90-94,0.0,1.0,1.0,1.0
fruits,T2DM,90-94,100.0,0.94,0.93,0.97
fruits,T2DM,90-94,200.0,0.9,0.87,0.93
fruits,T2DM,90-94,300.0,0.88,0.85,0.91
fruits,T2DM,95+,0.0,1.0,1.0,1.0
fruits,T2DM,95+,100.0,0.94,0.93,0.97
fruits,T2DM,95+,200.0,0.9,0.87,0.93
fruits,T2DM,95+,300.0,0.88,0.85,0.91
legumes,CHD,25-29,0.0,1.0,1.0,1.0
legumes,CHD,25-29,20.0,0.82,0.68,0.95
legumes,CHD,25-29,40.0,0.66,0.52,0.87
legumes,CHD,25-29,60.0,0.63,0.46,0.85
legumes,CHD,30-34,0.0,1.0,1.0,1.0
legumes,CHD,30-34,20.0,0.82,0.68,0.95
legumes,CHD,30-34,40.0,0.66,0.52,0.87
legumes,CHD,30-34,60.0,0.63,0.46,0.85
legumes,CHD,35-39,0.0,1.0,1.0,1.0
legumes,CHD,35-39,20.0,0.82,0.68,0.95
legumes,CHD,35-39,40.0,0.66,0.52,0.87
legumes,CHD,35-39,60.0,0.63,0.46,0.85
legumes,CHD,40-44,0.0,1.0,1.0,1.0
legumes,CHD,40-44,20.0,0.85,0.73,0.96
legumes,CHD,40-44,40.0,0.71,0.58,0.89
legumes,CHD,40-44,60.0,0.68,0.53,0.87
legumes,CHD,45-49,0.0,1.0,1.0,1.0
legumes,CHD,45-49,20.0,0.85,0.74,0.96
legumes,CHD,45-49,40.0,0.72,0.59,0.9
legumes,CHD,45-49,60.0,0.69,0.54,0.88
legumes,CHD,50-54,0.0,1.0,1.0,1.0
legumes,CHD,50-54,20.0,0.86,0.76,0.97
legumes,CHD,50-54,40.0,0.74,0.62,0.9
legumes,CHD,50-54,60.0,0.71,0.57,0.89
legumes,CHD,55-59,0.0,1.0,1.0,1.0
legumes,CHD,55-59,20.0,0.88,0.79,0.97
legumes,CHD,55-59,40.0,0.77,0.66,0.92
legumes,CHD,55-59,60.0,0.75,0.62,0.9
legumes,CHD,60-64,0.0,1.0,1.0,1.0
legumes,CHD,60-64,20.0,0.89,0.81,0.97
legumes,CHD,60-64,40.0,0.8,0.7,0.93
legumes,CHD,60-64,60.0,0.77,0.66,0.91
legumes,CHD,65-69,0.0,1.0,1.0,1.0
legumes,CHD,65-69,20.0,0.9,0.83,0.98
legumes,CHD,65-69,40.0,0.82,0.72,0.93
legumes,CHD,65-69,60.0,0.79,0.68,0.92
legumes,CHD,70-74,0.0,1.0,1.0,1.0
legumes,CHD,70-74,20.0,0.91,0.84,0.98
legumes,CHD,70-74,40.0,0.83,0.74,0.94
legumes,CHD,70-74,60.0,0.81,0.71,0.93
legumes,CHD,75-79,0.0,1.0,1.0,1.0
legumes,CHD,75-79,20.0,0.92,0.85,0.98
legumes,CHD,75-79,40.0,0.84,0.76,0.94
legumes,CHD,75-79,60.0,0.82,0.73,0.93
legumes,CHD,80-84,0.0,1.0,1.0,1.0
legumes,CHD,80-84,20.0,0.92,0.85,0.98
legumes,CHD,80-84,40.0,0.84,0.76,0.94
legumes,CHD,80-84,60.0,0.82,0.73,0.93
legumes,CHD,85-89,0.0,1.0,1.0,1.0
legumes,CHD,85-89,20.0,0.92,0.85,0.98
legumes,CHD,85-89,40.0,0.84,0.76,0.94
legumes,CHD,85-89,60.0,0.82,0.73,0.93
legumes,CHD,90-94,0.0,1.0,1.0,1.0
legumes,CHD,90-94,20.0,0.92,0.85,0.98
legumes,CHD,90-94,40.0,0.84,0.76,0.94
legumes,CHD,90-94,60.0,0.82,0.73,0.93
legumes,CHD,95+,0.0,1.0,1.0,1.0
legumes,CHD,95+,20.0,0.92,0.85,0.98
legumes,CHD,95+,40.0,0.84,0.76,0.94
legumes,CHD,95+,60.0,0.82,0.73,0.93
nuts_seeds,CHD,25-29,0.0,1.0,1.0,1.0
nuts_seeds,CHD,25-29,7.0,0.77,0.72,0.85
nuts_seeds,CHD,25-29,14.0,0.74,0.68,0.83
nuts_seeds,CHD,25-29,21.0,0.73,0.66,0.83
nuts_seeds,CHD,25-29,28.0,0.72,0.65,0.82
nuts_seeds,CHD,30-34,0.0,1.0,1.0,1.0
nuts_seeds,CHD,30-34,7.0,0.77,0.72,0.85
nuts_seeds,CHD,30-34,14.0,0.74,0.68,0.83
nuts_seeds,CHD,30-34,21.0,0.73,0.66,0.83
nuts_seeds,CHD,30-34,28.0,0.72,0.65,0.82
nuts_seeds,CHD,35-39,0.0,1.0,1.0,1.0
nuts_seeds,CHD,35-39,7.0,0.77,0.72,0.85
nuts_seeds,CHD,35-39,14.0,0.74,0.68,0.83
nuts_seeds,CHD,35-39,21.0,0.73,0.66,0.83
nuts_seeds,CHD,35-39,28.0,0.72,0.65,0.82
nuts_seeds,CHD,40-44,0.0,1.0,1.0,1.0
nuts_seeds,CHD,40-44,7.0,0.81,0.76,0.87
nuts_seeds,CHD,40-44,14.0,0.78,0.72,0.86
nuts_seeds,CHD,40-44,21.0,0.77,0.71,0.85
nuts_seeds,CHD,40-44,28.0,0.76,0.7,0.85
nuts_seeds,CHD,45-49,0.0,1.0,1.0,1.0
nuts_seeds,CHD,45-49,7.0,0.81,0.77,0.88
nuts_seeds,CHD,45-49,14.0,0.79,0.73,0.86
nuts_seeds,CHD,45-49,21.0,0.78,0.72,0.86
nuts_seeds,CHD,45-49,28.0,0.77,0.71,0.86
nuts_seeds,CHD,50-54,0.0,1.0,1.0,1.0
nuts_seeds,CHD,50-54,7.0,0.83,0.79,0.89
nuts_seeds,CHD,50-54,14.0,0.8,0.75,0.88
nuts_seeds,CHD,50-54,21.0,0.8,0.74,0.87
nuts_seeds,CHD,50-54,28.0,0.79,0.73,0.87
nuts_seeds,CHD,55-59,0.0,1.0,1.0,1.0
nuts_seeds,CHD,55-59,7.0,0.85,0.81,0.9
nuts_seeds,CHD,55-59,14.0,0.83,0.78,0.89
nuts_seeds,CHD,55-59,21.0,0.82,0.77,0.89
nuts_seeds,CHD,55-59,28.0,0.82,0.76,0.88
nuts_seeds,CHD,60-64,0.0,1.0,1.0,1.0
nuts_seeds,CHD,60-64,7.0,0.87,0.83,0.91
nuts_seeds,CHD,60-64,14.0,0.85,0.81,0.9
nuts_seeds,CHD,60-64,21.0,0.84,0.8,0.9
nuts_seeds,CHD,60-64,28.0,0.84,0.79,0.9
nuts_seeds,CHD,65-69,0.0,1.0,1.0,1.0
nuts_seeds,CHD,65-69,7.0,0.88,0.85,0.92
nuts_seeds,CHD,65-69,14.0,0.86,0.82,0.91
nuts_seeds,CHD,65-69,21.0,0.86,0.82,0.91
nuts_seeds,CHD,65-69,28.0,0.85,0.81,0.91
nuts_seeds,CHD,70-74,0.0,1.0,1.0,1.0
nuts_seeds,CHD,70-74,7.0,0.89,0.86,0.93
nuts_seeds,CHD,70-74,14.0,0.87,0.84,0.92
nuts_seeds,CHD,70-74,21.0,0.87,0.83,0.92
nuts_seeds,CHD,70-74,28.0,0.86,0.82,0.92
nuts_seeds,CHD,75-79,0.0,1.0,1.0,1.0
nuts_seeds,CHD,75-79,7.0,0.9,0.87,0.93
nuts_seeds,CHD,75-79,14.0,0.88,0.85,0.93
nuts_seeds,CHD,75-79,21.0,0.88,0.84,0.92
nuts_seeds,CHD,75-79,28.0,0.87,0.84,0.92
nuts_seeds,CHD,80-84,0.0,1.0,1.0,1.0
nuts_seeds,CHD,80-84,7.0,0.9,0.87,0.93
nuts_seeds,CHD,80-84,14.0,0.88,0.85,0.93
nuts_seeds,CHD,80-84,21.0,0.88,0.84,0.92
nuts_seeds,CHD,80-84,28.0,0.87,0.84,0.92
nuts_seeds,CHD,85-89,0.0,1.0,1.0,1.0
nuts_seeds,CHD,85-89,7.0,0.9,0.87,0.93
nuts_seeds,CHD,85-89,14.0,0.88,0.85,0.93
nuts_seeds,CHD,85-89,21.0,0.88,0.84,0.92
nuts_seeds,CHD,85-89,28.0,0.87,0.84,0.92
nuts_seeds,CHD,90-94,0.0,1.0,1.0,1.0
nuts_seeds,CHD,90-94,7.0,0.9,0.87,0.93
nuts_seeds,CHD,90-94,14.0,0.88,0.85,0.93
nuts_seeds,CHD,90-94,21.0,0.88,0.84,0.92
nuts_seeds,CHD,90-94,28.0,0.87,0.84,0.92
nuts_seeds,CHD,95+,0.0,1.0,1.0,1.0
nuts_seeds,CHD,95+,7.0,0.9,0.87,0.93
nuts_seeds,CHD,95+,14.0,0.88,0.85,0.93
nuts_seeds,CHD,95+,21.0,0.88,0.84,0.92
nuts_seeds,CHD,95+,28.0,0.87,0.84,0.92
nuts_seeds,T2DM,25-29,0.0,1.0,1.0,1.0
nuts_seeds,T2DM,25-29,7.0,0.98,0.96,1.0
nuts_seeds,T2DM,25-29,14.0,0.97,0.93,1.0
nuts_seeds,T2DM,25-29,21.0,0.97,0.93,1.0
nuts_seeds,T2DM,25-29,28.0,0.96,0.92,1.0
nuts_seeds,T2DM,30-34,0.0,1.0,1.0,1.0
nuts_seeds,T2DM,30-34,7.0,0.98,0.96,1.0
nuts_seeds,T2DM,30-34,14.0,0.97,0.93,1.0
nuts_seeds,T2DM,30-34,21.0,0.97,0.93,1.0
nuts_seeds,T2DM,30-34,28.0,0.96,0.92,1.0
nuts_seeds,T2DM,35-39,0.0,1.0,1.0,1.0
nuts_seeds,T2DM,35-39,7.0,0.98,0.96,1.0
nuts_seeds,T2DM,35-39,14.0,0.97,0.93,1.0
nuts_seeds,T2DM,35-39,21.0,0.97,0.93,1.0
nuts_seeds,T2DM,35-39,28.0,0.96,0.92,1.0
nuts_seeds,T2DM,40-44,0.0,1.0,1.0,1.0
nuts_seeds,T2DM,40-44,7.0,0.98,0.96,1.0
nuts_seeds,T2DM,40-44,14.0,0.97,0.93,1.0
nuts_seeds,T2DM,40-44,21.0,0.97,0.93,1.0
nuts_seeds,T2DM,40-44,28.0,0.96,0.92,1.0
nuts_seeds,T2DM,45-49,0.0,1.0,1.0,1.0
nuts_seeds,T2DM,45-49,7.0,0.98,0.96,1.0
nuts_seeds,T2DM,45-49,14.0,0.97,0.93,1.0
nuts_seeds,T2DM,45-49,21.0,0.97,0.93,1.0
nuts_seeds,T2DM,45-49,28.0,0.96,0.92,1.0
nuts_seeds,T2DM,50-54,0.0,1.0,1.0,1.0
nuts_seeds,T2DM,50-54,7.0,0.98,0.96,1.0
nuts_seeds,T2DM,50-54,14.0,0.97,0.93,1.0
nuts_seeds,T2DM,50-54,21.0,0.97,0.93,1.0
nuts_seeds,T2DM,50-54,28.0,0.96,0.92,1.0
nuts_seeds,T2DM,55-59,0.0,1.0,1.0,1.0
nuts_seeds,T2DM,55-59,7.0,0.98,0.96,1.0
nuts_seeds,T2DM,55-59,14.0,0.97,0.93,1.0
nuts_seeds,T2DM,55-59,21.0,0.97,0.93,1.0
nuts_seeds,T2DM,55-59,28.0,0.96,0.92,1.0
nuts_seeds,T2DM,60-64,0.0,1.0,1.0,1.0
nuts_seeds,T2DM,60-64,7.0,0.98,0.96,1.0
nuts_seeds,T2DM,60-64,14.0,0.97,0.93,1.0
nuts_seeds,T2DM,60-64,21.0,0.97,0.93,1.0
nuts_seeds,T2DM,60-64,28.0,0.96,0.92,1.0
nuts_seeds,T2DM,65-69,0.0,1.0,1.0,1.0
nuts_seeds,T2DM,65-69,7.0,0.98,0.96,1.0
nuts_seeds,T2DM,65-69,14.0,0.97,0.93,1.0
nuts_seeds,T2DM,65-69,21.0,0.97,0.93,1.0
nuts_seeds,T2DM,65-69,28.0,0.96,0.92,1.0
nuts_seeds,T2DM,70-74,0.0,1.0,1.0,1.0
nuts_seeds,T2DM,70-74,7.0,0.98,0.96,1.0
nuts_seeds,T2DM,70-74,14.0,0.97,0.93,1.0
nuts_seeds,T2DM,70-74,21.0,0.97,0.93,1.0
nuts_seeds,T2DM,70-74,28.0,0.96,0.92,1.0
nuts_seeds,T2DM,75-79,0.0,1.0,1.0,1.0
nuts_seeds,T2DM,75-79,7.0,0.98,0.96,1.0
nuts_seeds,T2DM,75-79,14.0,0.97,0.93,1.0
nuts_seeds,T2DM,75-79,21.0,0.97,0.93,1.0
nuts_seeds,T2DM,75-79,28.0,0.96,0.92,1.0
nuts_seeds,T2DM,80-84,0.0,1.0,1.0,1.0
nuts_seeds,T2DM,80-84,7.0,0.98,0.96,1.0
nuts_seeds,T2DM,80-84,14.0,0.97,0.93,1.0
nuts_seeds,T2DM,80-84,21.0,0.97,0.93,1.0
nuts_seeds,T2DM,80-84,28.0,0.96,0.92,1.0
nuts_seeds,T2DM,85-89,0.0,1.0,1.0,1.0
nuts_seeds,T2DM,85-89,7.0,0.98,0.96,1.0
nuts_seeds,T2DM,85-89,14.0,0.97,0.93,1.0
nuts_seeds,T2DM,85-89,21.0,0.97,0.93,1.0
nuts_seeds,T2DM,85-89,28.0,0.96,0.92,1.0
nuts_seeds,T2DM,90-94,0.0,1.0,1.0,1.0
nuts_seeds,T2DM,90-94,7.0,0.98,0.96,1.0
nuts_seeds,T2DM,90-94,14.0,0.97,0.93,1.0
nuts_seeds,T2DM,90-94,21.0,0.97,0.93,1.0
nuts_seeds,T2DM,90-94,28.0,0.96,0.92,1.0
nuts_seeds,T2DM,95+,0.0,1.0,1.0,1.0
nuts_seeds,T2DM,95+,7.0,0.98,0.96,1.0
nuts_seeds,T2DM,95+,14.0,0.97,0.93,1.0
nuts_seeds,T2DM,95+,21.0,0.97,0.93,1.0
nuts_seeds,T2DM,95+,28.0,0.96,0.92,1.0
processed_meat,CHD,25-29,0.0,1.0,1.0,1.0
processed_meat,CHD,25-29,35.75,1.13,1.0,1.26
processed_meat,CHD,25-29,71.5,1.17,1.01,1.31
processed_meat,CHD,25-29,107.25,1.2,1.02,1.4
processed_meat,CHD,25-29,143.0,1.23,1.02,1.51
processed_meat,CHD,30-34,0.0,1.0,1.0,1.0
processed_meat,CHD,30-34,35.75,1.13,1.0,1.26
processed_meat,CHD,30-34,71.5,1.17,1.01,1.31
processed_meat,CHD,30-34,107.25,1.2,1.02,1.4
processed_meat,CHD,30-34,143.0,1.23,1.02,1.51
processed_meat,CHD,35-39,0.0,1.0,1.0,1.0
processed_meat,CHD,35-39,35.75,1.13,1.0,1.26
processed_meat,CHD,35-39,71.5,1.17,1.01,1.31
processed_meat,CHD,35-39,107.25,1.2,1.02,1.4
processed_meat,CHD,35-39,143.0,1.23,1.02,1.51
processed_meat,CHD,40-44,0.0,1.0,1.0,1.0
processed_meat,CHD,40-44,35.75,1.11,1.0,1.21
processed_meat,CHD,40-44,71.5,1.13,1.01,1.25
processed_meat,CHD,40-44,107.25,1.16,1.01,1.32
processed_meat,CHD,40-44,143.0,1.18,1.01,1.41
processed_meat,CHD,45-49,0.0,1.0,1.0,1.0
processed_meat,CHD,45-49,35.75,1.1,1.0,1.2
processed_meat,CHD,45-49,71.5,1.13,1.01,1.24
processed_meat,CHD,45-49,107.25,1.15,1.01,1.31
processed_meat,CHD,45-49,143.0,1.18,1.01,1.39
processed_meat,CHD,50-54,0.0,1.0,1.0,1.0
processed_meat,CHD,50-54,35.75,1.1,1.0,1.19
processed_meat,CHD,50-54,71.5,1.12,1.01,1.22
processed_meat,CHD,50-54,107.25,1.14,1.01,1.28
processed_meat,CHD,50-54,143.0,1.16,1.01,1.35
processed_meat,CHD,55-59,0.0,1.0,1.0,1.0
processed_meat,CHD,55-59,35.75,1.08,1.0,1.16
processed_meat,CHD,55-59,71.5,1.1,1.01,1.18
processed_meat,CHD,55-59,107.25,1.12,1.01,1.24
processed_meat,CHD,55-59,143.0,1.14,1.01,1.3
processed_meat,CHD,60-64,0.0,1.0,1.0,1.0
processed_meat,CHD,60-64,35.75,1.07,1.0,1.14
processed_meat,CHD,60-64,71.5,1.09,1.01,1.16
processed_meat,CHD,60-64,107.25,1.1,1.01,1.2
processed_meat,CHD,60-64,143.0,1.12,1.01,1.25
processed_meat,CHD,65-69,0.0,1.0,1.0,1.0
processed_meat,CHD,65-69,35.75,1.06,1.0,1.12
processed_meat,CHD,65-69,71.5,1.08,1.01,1.14
processed_meat,CHD,65-69,107.25,1.09,1.01,1.18
processed_meat,CHD,65-69,143.0,1.11,1.01,1.23
processed_meat,CHD,70-74,0.0,1.0,1.0,1.0
processed_meat,CHD,70-74,35.75,1.06,1.0,1.11
processed_meat,CHD,70-74,71.5,1.07,1.01,1.13
processed_meat,CHD,70-74,107.25,1.08,1.01,1.16
processed_meat,CHD,70-74,143.0,1.1,1.01,1.2
processed_meat,CHD,75-79,0.0,1.0,1.0,1.0
processed_meat,CHD,75-79,35.75,1.05,1.0,1.1
processed_meat,CHD,75-79,71.5,1.06,1.01,1.12
processed_meat,CHD,75-79,107.25,1.08,1.01,1.15
processed_meat,CHD,75-79,143.0,1.09,1.01,1.19
processed_meat,CHD,80-84,0.0,1.0,1.0,1.0
processed_meat,CHD,80-84,35.75,1.05,1.0,1.1
processed_meat,CHD,80-84,71.5,1.06,1.01,1.12
processed_meat,CHD,80-84,107.25,1.08,1.01,1.15
processed_meat,CHD,80-84,143.0,1.09,1.01,1.19
processed_meat,CHD,85-89,0.0,1.0,1.0,1.0
processed_meat,CHD,85-89,35.75,1.05,1.0,1.1
processed_meat,CHD,85-89,71.5,1.06,1.01,1.12
processed_meat,CHD,85-89,107.25,1.08,1.01,1.15
processed_meat,CHD,85-89,143.0,1.09,1.01,1.19
processed_meat,CHD,90-94,0.0,1.0,1.0,1.0
processed_meat,CHD,90-94,35.75,1.05,1.0,1.1
processed_meat,CHD,90-94,71.5,1.06,1.01,1.12
processed_meat,CHD,90-94,107.25,1.08,1.01,1.15
processed_meat,CHD,90-94,143.0,1.09,1.01,1.19
processed_meat,CHD,95+,0.0,1.0,1.0,1.0
processed_meat,CHD,95+,35.75,1.05,1.0,1.1
processed_meat,CHD,95+,71.5,1.06,1.01,1.12
processed_meat,CHD,95+,107.25,1.08,1.01,1.15
processed_meat,CHD,95+,143.0,1.09,1.01,1.19
processed_meat,CRC,25-29,0.0,1.0,1.0,1.0
processed_meat,CRC,25-29,35.75,1.06,1.02,1.1
processed_meat,CRC,25-29,71.5,1.08,1.03,1.13
processed_meat,CRC,25-29,107.25,1.09,1.03,1.18
processed_meat,CRC,25-29,143.0,1.1,1.03,1.22
processed_meat,CRC,30-34,0.0,1.0,1.0,1.0
processed_meat,CRC,30-34,35.75,1.06,1.02,1.1
processed_meat,CRC,30-34,71.5,1.08,1.03,1.13
processed_meat,CRC,30-34,107.25,1.09,1.03,1.18
processed_meat,CRC,30-34,143.0,1.1,1.03,1.22
processed_meat,CRC,35-39,0.0,1.0,1.0,1.0
processed_meat,CRC,35-39,35.75,1.06,1.02,1.1
processed_meat,CRC,35-39,71.5,1.08,1.03,1.13
processed_meat,CRC,35-39,107.25,1.09,1.03,1.18
processed_meat,CRC,35-39,143.0,1.1,1.03,1.22
processed_meat,CRC,40-44,0.0,1.0,1.0,1.0
processed_meat,CRC,40-44,35.75,1.06,1.02,1.1
processed_meat,CRC,40-44,71.5,1.08,1.03,1.13
processed_meat,CRC,40-44,107.25,1.09,1.03,1.18
processed_meat,CRC,40-44,143.0,1.1,1.03,1.22
processed_meat,CRC,45-49,0.0,1.0,1.0,1.0
processed_meat,CRC,45-49,35.75,1.06,1.02,1.1
processed_meat,CRC,45-49,71.5,1.08,1.03,1.13
processed_meat,CRC,45-49,107.25,1.09,1.03,1.18
processed_meat,CRC,45-49,143.0,1.1,1.03,1.22
processed_meat,CRC,50-54,0.0,1.0,1.0,1.0
processed_meat,CRC,50-54,35.75,1.06,1.02,1.1
processed_meat,CRC,50-54,71.5,1.08,1.03,1.13
processed_meat,CRC,50-54,107.25,1.09,1.03,1.18
processed_meat,CRC,50-54,143.0,1.1,1.03,1.22
processed_meat,CRC,55-59,0.0,1.0,1.0,1.0
processed_meat,CRC,55-59,35.75,1.06,1.02,1.1
processed_meat,CRC,55-59,71.5,1.08,1.03,1.13
processed_meat,CRC,55-59,107.25,1.09,1.03,1.18
processed_meat,CRC,55-59,143.0,1.1,1.03,1.22
processed_meat,CRC,60-64,0.0,1.0,1.0,1.0
processed_meat,CRC,60-64,35.75,1.06,1.02,1.1
processed_meat,CRC,60-64,71.5,1.08,1.03,1.13
processed_meat,CRC,60-64,107.25,1.09,1.03,1.18
processed_meat,CRC,60-64,143.0,1.1,1.03,1.22
processed_meat,CRC,65-69,0.0,1.0,1.0,1.0
processed_meat,CRC,65-69,35.75,1.06,1.02,1.1
processed_meat,CRC,65-69,71.5,1.08,1.03,1.13
processed_meat,CRC,65-69,107.25,1.09,1.03,1.18
processed_meat,CRC,65-69,143.0,1.1,1.03,1.22
processed_meat,CRC,70-74,0.0,1.0,1.0,1.0
processed_meat,CRC,70-74,35.75,1.06,1.02,1.1
processed_meat,CRC,70-74,71.5,1.08,1.03,1.13
processed_meat,CRC,70-74,107.25,1.09,1.03,1.18
processed_meat,CRC,70-74,143.0,1.1,1.03,1.22
processed_meat,CRC,75-79,0.0,1.0,1.0,1.0
processed_meat,CRC,75-79,35.75,1.06,1.02,1.1
processed_meat,CRC,75-79,71.5,1.08,1.03,1.13
processed_meat,CRC,75-79,107.25,1.09,1.03,1.18
processed_meat,CRC,75-79,143.0,1.1,1.03,1.22
processed_meat,CRC,80-84,0.0,1.0,1.0,1.0
processed_meat,CRC,80-84,35.75,1.06,1.02,1.1
processed_meat,CRC,80-84,71.5,1.08,1.03,1.13
processed_meat,CRC,80-84,107.25,1.09,1.03,1.18
processed_meat,CRC,80-84,143.0,1.1,1.03,1.22
processed_meat,CRC,85-89,0.0,1.0,1.0,1.0
processed_meat,CRC,85-89,35.75,1.06,1.02,1.1
processed_meat,CRC,85-89,71.5,1.08,1.03,1.13
processed_meat,CRC,85-89,107.25,1.09,1.03,1.18
processed_meat,CRC,85-89,143.0,1.1,1.03,1.22
processed_meat,CRC,90-94,0.0,1.0,1.0,1.0
processed_meat,CRC,90-94,35.75,1.06,1.02,1.1
processed_meat,CRC,90-94,71.5,1.08,1.03,1.13
processed_meat,CRC,90-94,107.25,1.09,1.03,1.18
processed_meat,CRC,90-94,143.0,1.1,1.03,1.22
processed_meat,CRC,95+,0.0,1.0,1.0,1.0
processed_meat,CRC,95+,35.75,1.06,1.02,1.1
processed_meat,CRC,95+,71.5,1.08,1.03,1.13
processed_meat,CRC,95+,107.25,1.09,1.03,1.18
processed_meat,CRC,95+,143.0,1.1,1.03,1.22
processed_meat,T2DM,25-29,0.0,1.0,1.0,1.0
processed_meat,T2DM,25-29,35.75,1.17,1.11,1.22
processed_meat,T2DM,25-29,71.5,1.2,1.12,1.27
processed_meat,T2DM,25-29,107.25,1.21,1.12,1.31
processed_meat,T2DM,25-29,143.0,1.22,1.12,1.36
processed_meat,T2DM,30-34,0.0,1.0,1.0,1.0
processed_meat,T2DM,30-34,35.75,1.17,1.11,1.22
processed_meat,T2DM,30-34,71.5,1.2,1.12,1.27
processed_meat,T2DM,30-34,107.25,1.21,1.12,1.31
processed_meat,T2DM,30-34,143.0,1.22,1.12,1.36
processed_meat,T2DM,35-39,0.0,1.0,1.0,1.0
processed_meat,T2DM,35-39,35.75,1.17,1.11,1.22
processed_meat,T2DM,35-39,71.5,1.2,1.12,1.27
processed_meat,T2DM,35-39,107.25,1.21,1.12,1.31
processed_meat,T2DM,35-39,143.0,1.22,1.12,1.36
processed_meat,T2DM,40-44,0.0,1.0,1.0,1.0
processed_meat,T2DM,40-44,35.75,1.17,1.11,1.22
processed_meat,T2DM,40-44,71.5,1.2,1.12,1.27
processed_meat,T2DM,40-44,107.25,1.21,1.12,1.31
processed_meat,T2DM,40-44,143.0,1.22,1.12,1.36
processed_meat,T2DM,45-49,0.0,1.0,1.0,1.0
processed_meat,T2DM,45-49,35.75,1.17,1.11,1.22
processed_meat,T2DM,45-49,71.5,1.2,1.12,1.27
processed_meat,T2DM,45-49,107.25,1.21,1.12,1.31
processed_meat,T2DM,45-49,143.0,1.22,1.12,1.36
processed_meat,T2DM,50-54,0.0,1.0,1.0,1.0
processed_meat,T2DM,50-54,35.75,1.17,1.11,1.22
processed_meat,T2DM,50-54,71.5,1.2,1.12,1.27
processed_meat,T2DM,50-54,107.25,1.21,1.12,1.31
processed_meat,T2DM,50-54,143.0,1.22,1.12,1.36
processed_meat,T2DM,55-59,0.0,1.0,1.0,1.0
processed_meat,T2DM,55-59,35.75,1.17,1.11,1.22
processed_meat,T2DM,55-59,71.5,1.2,1.12,1.27
processed_meat,T2DM,55-59,107.25,1.21,1.12,1.31
processed_meat,T2DM,55-59,143.0,1.22,1.12,1.36
processed_meat,T2DM,60-64,0.0,1.0,1.0,1.0
processed_meat,T2DM,60-64,35.75,1.17,1.11,1.22
processed_meat,T2DM,60-64,71.5,1.2,1.12,1.27
processed_meat,T2DM,60-64,107.25,1.21,1.12,1.31
processed_meat,T2DM,60-64,143.0,1.22,1.12,1.36
processed_meat,T2DM,65-69,0.0,1.0,1.0,1.0
processed_meat,T2DM,65-69,35.75,1.17,1.11,1.22
processed_meat,T2DM,65-69,71.5,1.2,1.12,1.27
processed_meat,T2DM,65-69,107.25,1.21,1.12,1.31
processed_meat,T2DM,65-69,143.0,1.22,1.12,1.36
processed_meat,T2DM,70-74,0.0,1.0,1.0,1.0
processed_meat,T2DM,70-74,35.75,1.17,1.11,1.22
processed_meat,T2DM,70-74,71.5,1.2,1.12,1.27
processed_meat,T2DM,70-74,107.25,1.21,1.12,1.31
processed_meat,T2DM,70-74,143.0,1.22,1.12,1.36
processed_meat,T2DM,75-79,0.0,1.0,1.0,1.0
processed_meat,T2DM,75-79,35.75,1.17,1.11,1.22
processed_meat,T2DM,75-79,71.5,1.2,1.12,1.27
processed_meat,T2DM,75-79,107.25,1.21,1.12,1.31
processed_meat,T2DM,75-79,143.0,1.22,1.12,1.36
processed_meat,T2DM,80-84,0.0,1.0,1.0,1.0
processed_meat,T2DM,80-84,35.75,1.17,1.11,1.22
processed_meat,T2DM,80-84,71.5,1.2,1.12,1.27
processed_meat,T2DM,80-84,107.25,1.21,1.12,1.31
processed_meat,T2DM,80-84,143.0,1.22,1.12,1.36
processed_meat,T2DM,85-89,0.0,1.0,1.0,1.0
processed_meat,T2DM,85-89,35.75,1.17,1.11,1.22
processed_meat,T2DM,85-89,71.5,1.2,1.12,1.27
processed_meat,T2DM,85-89,107.25,1.21,1.12,1.31
processed_meat,T2DM,85-89,143.0,1.22,1.12,1.36
processed_meat,T2DM,90-94,0.0,1.0,1.0,1.0
processed_meat,T2DM,90-94,35.75,1.17,1.11,1.22
processed_meat,T2DM,90-94,71.5,1.2,1.12,1.27
processed_meat,T2DM,90-94,107.25,1.21,1.12,1.31
processed_meat,T2DM,90-94,143.0,1.22,1.12,1.36
processed_meat,T2DM,95+,0.0,1.0,1.0,1.0
processed_meat,T2DM,95+,35.75,1.17,1.11,1.22
processed_meat,T2DM,95+,71.5,1.2,1.12,1.27
processed_meat,T2DM,95+,107.25,1.21,1.12,1.31
processed_meat,T2DM,95+,143.0,1.22,1.12,1.36
red_meat,CHD,25-29,0.0,1.0,1.0,1.0
red_meat,CHD,25-29,71.5,1.1050933254213062,1.0565692942388276,1.1595304412126517
red_meat,CHD,25-29,143.0,1.221231257890721,1.116338673528334,1.3445108440988065
red_meat,CHD,25-29,214.5,1.3495745118909017,1.1794891644213408,1.5590012522730836
red_meat,CHD,25-29,286.0,1.4914057852493527,1.2462120340150005,1.807709409899285
red_meat,CHD,30-34,0.0,1.0,1.0,1.0
red_meat,CHD,30-34,71.5,1.1050933254213062,1.0565692942388276,1.1595304412126517
red_meat,CHD,30-34,143.0,1.221231257890721,1.116338673528334,1.3445108440988065
red_meat,CHD,30-34,214.5,1.3495745118909017,1.1794891644213408,1.5590012522730836
red_meat,CHD,30-34,286.0,1.4914057852493527,1.2462120340150005,1.807709409899285
red_meat,CHD,35-39,0.0,1.0,1.0,1.0
red_meat,CHD,35-39,71.5,1.1050933254213062,1.0565692942388276,1.1595304412126517
red_meat,CHD,35-39,143.0,1.221231257890721,1.116338673528334,1.3445108440988065
red_meat,CHD,35-39,214.5,1.3495745118909017,1.1794891644213408,1.5590012522730836
red_meat,CHD,35-39,286.0,1.4914057852493527,1.2462120340150005,1.807709409899285
red_meat,CHD,40-44,0.0,1.0,1.0,1.0
red_meat,CHD,40-44,71.5,1.0853608783119322,1.0461385356554225,1.1289953168368576
red_meat,CHD,40-44,143.0,1.178008236170049,1.0944058357832716,1.2746304254395566
red_meat,CHD,40-44,214.5,1.2785640538682146,1.1449001184590604,1.4390517810190309
red_meat,CHD,40-44,286.0,1.3877034044844698,1.1977241333964812,1.624682721456225
red_meat,CHD,45-49,0.0,1.0,1.0,1.0
red_meat,CHD,45-49,71.5,1.0822042783427077,1.0444620467864856,1.124135224512366
red_meat,CHD,45-49,143.0,1.1711661000632607,1.0909009671774146,1.2636800029894673
red_meat,CHD,45-49,214.5,1.2674409641384043,1.1394046570194791,1.420547203872352
red_meat,CHD,45-49,286.0,1.3716300339373875,1.1900649201886186,1.5968871499554598
red_meat,CHD,50-54,0.0,1.0,1.0,1.0
red_meat,CHD,50-54,71.5,1.0741600647733427,1.040179754538203,1.1117807106505264
red_meat,CHD,50-54,143.0,1.153819844753872,1.0819739217511561,1.2360563485745892
red_meat,CHD,50-54,214.5,1.2393871991775873,1.1254473683438544,1.3742236056223516
red_meat,CHD,50-54,286.0,1.331300234147849,1.1706675673495768,1.5278352968515467
red_meat,CHD,55-59,0.0,1.0,1.0,1.0
red_meat,CHD,55-59,71.5,1.0642027523940938,1.034859025422121,1.0965495792721904
red_meat,CHD,55-59,143.0,1.132527498203165,1.0709332024976224,1.2024209798020178
red_meat,CHD,55-59,214.5,1.2052388807498053,1.1082648902288805,1.3185142195099575
red_meat,CHD,55-59,286.0,1.2826185341863199,1.1468979242118134,1.4458162126680445
red_meat,CHD,60-64,0.0,1.0,1.0,1.0
red_meat,CHD,60-64,71.5,1.0556331588416652,1.030261891880073,1.0834959324149513
red_meat,CHD,60-64,143.0,1.1143613660460325,1.061439565860307,1.1739634355597446
red_meat,CHD,60-64,214.5,1.1763568089302865,1.0935607352396033,1.271984607232865
red_meat,CHD,60-64,286.0,1.2418012541359795,1.126653951973717,1.3781901480312386
red_meat,CHD,65-69,0.0,1.0,1.0,1.0
red_meat,CHD,65-69,71.5,1.0503650836047689,1.0274275226445773,1.075496573880829
red_meat,CHD,65-69,143.0,1.1032668088560533,1.0556073142875735,1.1566928804294019
red_meat,CHD,65-69,214.5,1.1588329339224552,1.0845600078039774,1.2440192299341692
red_meat,CHD,65-69,286.0,1.2171976515234193,1.114306801977424,1.3379384196360664
red_meat,CHD,70-74,0.0,1.0,1.0,1.0
red_meat,CHD,70-74,71.5,1.0449973015471479,1.0245329304555002,1.0673656482325373
red_meat,CHD,70-74,143.0,1.0920193602408208,1.049667725587735,1.1392694270268644
red_meat,CHD,70-74,214.5,1.1411572846889007,1.075419150900962,1.2160170504900405
red_meat,CHD,70-74,286.0,1.1925062831407716,1.1018023341405285,1.29793482735812
red_meat,CHD,75-79,0.0,1.0,1.0,1.0
red_meat,CHD,75-79,71.5,1.0413612322062298,1.0225683724252772,1.0618692598681225
red_meat,CHD,75-79,143.0,1.0844332159420773,1.0456460762844804,1.1275663250528745
red_meat,CHD,75-79,214.5,1.1292867099988062,1.0692446063590983,1.1973280190361149
red_meat,CHD,75-79,286.0,1.175995399838476,1.0933757168491294,1.2714058173932445
red_meat,CHD,80-84,0.0,1.0,1.0,1.0
red_meat,CHD,80-84,71.5,1.0413612322062298,1.0225683724252772,1.0618692598681225
red_meat,CHD,80-84,143.0,1.0844332159420773,1.0456460762844804,1.1275663250528745
red_meat,CHD,80-84,214.5,1.1292867099988062,1.0692446063590983,1.1973280190361149
red_meat,CHD,80-84,286.0,1.175995399838476,1.0933757168491294,1.2714058173932445
red_meat,CHD,85-89,0.0,1.0,1.0,1.0
red_meat,CHD,85-89,71.5,1.0413612322062298,1.0225683724252772,1.0618692598681225
red_meat,CHD,85-89,143.0,1.0844332159420773,1.0456460762844804,1.1275663250528745
red_meat,CHD,85-89,214.5,1.1292867099988062,1.0692446063590983,1.1973280190361149
red_meat,CHD,85-89,286.0,1.175995399838476,1.0933757168491294,1.2714058173932445
red_meat,CHD,90-94,0.0,1.0,1.0,1.0
red_meat,CHD,90-94,71.5,1.0413612322062298,1.0225683724252772,1.0618692598681225
red_meat,CHD,90-94,143.0,1.0844332159420773,1.0456460762844804,1.1275663250528745
red_meat,CHD,90-94,214.5,1.1292867099988062,1.0692446063590983,1.1973280190361149
red_meat,CHD,90-94,286.0,1.175995399838476,1.0933757168491294,1.2714058173932445
red_meat,CHD,95+,0.0,1.0,1.0,1.0
red_meat,CHD,95+,71.5,1.0413612322062298,1.0225683724252772,1.0618692598681225
red_meat,CHD,95+,143.0,1.0844332159420773,1.0456460762844804,1.1275663250528745
red_meat,CHD,95+,214.5,1.1292867099988062,1.0692446063590983,1.1973280190361149
red_meat,CHD,95+,286.0,1.175995399838476,1.0933757168491294,1.2714058173932445
red_meat,CRC,25-29,0.0,1.0,1.0,1.0
red_meat,CRC,25-29,71.5,1.1188011166225251,1.035500585604039,1.2129669742749958
red_meat,CRC,25-29,143.0,1.251715938555809,1.0722614627863076,1.4712888806818383
red_meat,CRC,25-29,214.5,1.4004211897504513,1.1103273726358651,1.7846248218850949
red_meat,CRC,25-29,286.0,1.5667927908346497,1.1497446445766324,2.164690970418017
red_meat,CRC,30-34,0.0,1.0,1.0,1.0
red_meat,CRC,30-34,71.5,1.1188011166225251,1.035500585604039,1.2129669742749958
red_meat,CRC,30-34,143.0,1.251715938555809,1.0722614627863076,1.4712888806818383
red_meat,CRC,30-34,214.5,1.4004211897504513,1.1103273726358651,1.7846248218850949
red_meat,CRC,30-34,286.0,1.5667927908346497,1.1497446445766324,2.164690970418017
red_meat,CRC,35-39,0.0,1.0,1.0,1.0
red_meat,CRC,35-39,71.5,1.1188011166225251,1.035500585604039,1.2129669742749958
red_meat,CRC,35-39,143.0,1.251715938555809,1.0722614627863076,1.4712888806818383
red_meat,CRC,35-39,214.5,1.4004211897504513,1.1103273726358651,1.7846248218850949
red_meat,CRC,35-39,286.0,1.5667927908346497,1.1497446445766324,2.164690970418017
red_meat,CRC,40-44,0.0,1.0,1.0,1.0
red_meat,CRC,40-44,71.5,1.1188011166225251,1.035500585604039,1.2129669742749958
red_meat,CRC,40-44,143.0,1.251715938555809,1.0722614627863076,1.4712888806818383
red_meat,CRC,40-44,214.5,1.4004211897504513,1.1103273726358651,1.7846248218850949
red_meat,CRC,40-44,286.0,1.5667927908346497,1.1497446445766324,2.164690970418017
red_meat,CRC,45-49,0.0,1.0,1.0,1.0
red_meat,CRC,45-49,71.5,1.1188011166225251,1.035500585604039,1.2129669742749958
red_meat,CRC,45-49,143.0,1.251715938555809,1.0722614627863076,1.4712888806818383
red_meat,CRC,45-49,214.5,1.4004211897504513,1.1103273726358651,1.7846248218850949
red_meat,CRC,45-49,286.0,1.5667927908346497,1.1497446445766324,2.164690970418017
red_meat,CRC,50-54,0.0,1.0,1.0,1.0
red_meat,CRC,50-54,71.5,1.1188011166225251,1.035500585604039,1.2129669742749958
red_meat,CRC,50-54,143.0,1.251715938555809,1.0722614627863076,1.4712888806818383
red_meat,CRC,50-54,214.5,1.4004211897504513,1.1103273726358651,1.7846248218850949
red_meat,CRC,50-54,286.0,1.5667927908346497,1.1497446445766324,2.164690970418017
red_meat,CRC,55-59,0.0,1.0,1.0,1.0
red_meat,CRC,55-59,71.5,1.1188011166225251,1.035500585604039,1.2129669742749958
red_meat,CRC,55-59,143.0,1.251715938555809,1.0722614627863076,1.4712888806818383
red_meat,CRC,55-59,214.5,1.4004211897504513,1.1103273726358651,1.7846248218850949
red_meat,CRC,55-59,286.0,1.5667927908346497,1.1497446445766324,2.164690970418017
red_meat,CRC,60-64,0.0,1.0,1.0,1.0
red_meat,CRC,60-64,71.5,1.1188011166225251,1.035500585604039,1.2129669742749958
red_meat,CRC,60-64,143.0,1.251715938555809,1.0722614627863076,1.4712888806818383
red_meat,CRC,60-64,214.5,1.4004211897504513,1.1103273726358651,1.7846248218850949
red_meat,CRC,60-64,286.0,1.5667927908346497,1.1497446445766324,2.164690970418017
red_meat,CRC,65-69,0.0,1.0,1.0,1.0
red_meat,CRC,65-69,71.5,1.1188011166225251,1.035500585604039,1.2129669742749958
red_meat,CRC,65-69,143.0,1.251715938555809,1.0722614627863076,1.4712888806818383
red_meat,CRC,65-69,214.5,1.4004211897504513,1.1103273726358651,1.7846248218850949
red_meat,CRC,65-69,286.0,1.5667927908346497,1.1497446445766324,2.164690970418017
red_meat,CRC,70-74,0.0,1.0,1.0,1.0
red_meat,CRC,70-74,71.5,1.1188011166225251,1.035500585604039,1.2129669742749958
red_meat,CRC,70-74,143.0,1.251715938555809,1.0722614627863076,1.4712888806818383
red_meat,CRC,70-74,214.5,1.4004211897504513,1.1103273726358651,1.7846248218850949
red_meat,CRC,70-74,286.0,1.5667927908346497,1.1497446445766324,2.164690970418017
red_meat,CRC,75-79,0.0,1.0,1.0,1.0
red_meat,CRC,75-79,71.5,1.1188011166225251,1.035500585604039,1.2129669742749958
red_meat,CRC,75-79,143.0,1.251715938555809,1.0722614627863076,1.4712888806818383
red_meat,CRC,75-79,214.5,1.4004211897504513,1.1103273726358651,1.7846248218850949
red_meat,CRC,75-79,286.0,1.5667927908346497,1.1497446445766324,2.164690970418017
red_meat,CRC,80-84,0.0,1.0,1.0,1.0
red_meat,CRC,80-84,71.5,1.1188011166225251,1.035500585604039,1.2129669742749958
red_meat,CRC,80-84,143.0,1.251715938555809,1.0722614627863076,1.4712888806818383
red_meat,CRC,80-84,214.5,1.4004211897504513,1.1103273726358651,1.7846248218850949
red_meat,CRC,80-84,286.0,1.5667927908346497,1.1497446445766324,2.164690970418017
red_meat,CRC,85-89,0.0,1.0,1.0,1.0
red_meat,CRC,85-89,71.5,1.1188011166225251,1.035500585604039,1.2129669742749958
red_meat,CRC,85-89,143.0,1.251715938555809,1.0722614627863076,1.4712888806818383
red_meat,CRC,85-89,214.5,1.4004211897504513,1.1103273726358651,1.7846248218850949
red_meat,CRC,85-89,286.0,1.5667927908346497,1.1497446445766324,2.164690970418017
red_meat,CRC,90-94,0.0,1.0,1.0,1.0
red_meat,CRC,90-94,71.5,1.1188011166225251,1.035500585604039,1.2129669742749958
red_meat,CRC,90-94,143.0,1.251715938555809,1.0722614627863076,1.4712888806818383
red_meat,CRC,90-94,214.5,1.4004211897504513,1.1103273726358651,1.7846248218850949
red_meat,CRC,90-94,286.0,1.5667927908346497,1.1497446445766324,2.164690970418017
red_meat,CRC,95+,0.0,1.0,1.0,1.0
red_meat,CRC,95+,71.5,1.1188011166225251,1.035500585604039,1.2129669742749958
red_meat,CRC,95+,143.0,1.251715938555809,1.0722614627863076,1.4712888806818383
red_meat,CRC,95+,214.5,1.4004211897504513,1.1103273726358651,1.7846248218850949
red_meat,CRC,95+,286.0,1.5667927908346497,1.1497446445766324,2.164690970418017
red_meat,Stroke,25-29,0.0,1.0,1.0,1.0
red_meat,Stroke,25-29,71.5,1.0844034390197073,1.0425423207480722,1.1188011166225251
red_meat,Stroke,25-29,143.0,1.175930818557768,1.0868944905507762,1.251715938555809
red_meat,Stroke,25-29,214.5,1.2751834236933028,1.1331335045871,1.4004211897504513
red_meat,Stroke,25-29,286.0,1.3828132900339418,1.1813396335896316,1.5667927908346497
red_meat,Stroke,30-34,0.0,1.0,1.0,1.0
red_meat,Stroke,30-34,71.5,1.0844034390197073,1.0425423207480722,1.1188011166225251
red_meat,Stroke,30-34,143.0,1.175930818557768,1.0868944905507762,1.251715938555809
red_meat,Stroke,30-34,214.5,1.2751834236933028,1.1331335045871,1.4004211897504513
red_meat,Stroke,30-34,286.0,1.3828132900339418,1.1813396335896316,1.5667927908346497
red_meat,Stroke,35-39,0.0,1.0,1.0,1.0
red_meat,Stroke,35-39,71.5,1.0844034390197073,1.0425423207480722,1.1188011166225251
red_meat,Stroke,35-39,143.0,1.175930818557768,1.0868944905507762,1.251715938555809
red_meat,Stroke,35-39,214.5,1.2751834236933028,1.1331335045871,1.4004211897504513
red_meat,Stroke,35-39,286.0,1.3828132900339418,1.1813396335896316,1.5667927908346497
red_meat,Stroke,40-44,0.0,1.0,1.0,1.0
red_meat,Stroke,40-44,71.5,1.0661396520167072,1.0334770912087727,1.0927811724092993
red_meat,Stroke,40-44,143.0,1.1366537576023057,1.068074898053346,1.194170690772243
red_meat,Stroke,40-44,214.5,1.2118316415936048,1.1038309388332785,1.3049672475189145
red_meat,Stroke,40-44,286.0,1.2919817646714409,1.1407839878516655,1.4260436386994557
red_meat,Stroke,45-49,0.0,1.0,1.0,1.0
red_meat,Stroke,45-49,71.5,1.0560144295854426,1.028418915975676,1.0784296886361855
red_meat,Stroke,45-49,143.0,1.1151664754926678,1.0576454667365847,1.16301059333194
red_meat,Stroke,45-49,214.5,1.177631889510198,1.0877026043878264,1.2542251520475491
red_meat,Stroke,45-49,286.0,1.2435962680627386,1.1186139333084482,1.3525936402023107
red_meat,Stroke,50-54,0.0,1.0,1.0,1.0
red_meat,Stroke,50-54,71.5,1.0466946927561682,1.023742264134075,1.0652666765851964
red_meat,Stroke,50-54,143.0,1.0955697798439294,1.048048223374362,1.1347930922428693
red_meat,Stroke,50-54,214.5,1.1467270741066846,1.072931261118964,1.2088572659853996
red_meat,Stroke,50-54,286.0,1.2002731425072761,1.0984050785181567,1.2877553622021332
red_meat,Stroke,55-59,0.0,1.0,1.0,1.0
red_meat,Stroke,55-59,71.5,1.038405781013804,1.0195658543797665,1.053597459822053
red_meat,Stroke,55-59,143.0,1.0782865660428886,1.0395145314171435,1.1100676073434828
red_meat,Stroke,55-59,214.5,1.1196990037684589,1.0598535213645026,1.1695644113278376
red_meat,Stroke,55-59,286.0,1.162701918508565,1.0805904610274035,1.2322500928732845
red_meat,Stroke,60-64,0.0,1.0,1.0,1.0
red_meat,Stroke,60-64,71.5,1.0313852674820574,1.0160158477068355,1.043741935559991
red_meat,Stroke,60-64,143.0,1.063755569979035,1.0322882027914397,1.0893972280465165
red_meat,Stroke,60-64,214.5,1.0971418230783554,1.0488211734369104,1.13704957139496
red_meat,Stroke,60-64,286.0,1.1315759126614218,1.0656189336223805,1.1867863204754336
red_meat,Stroke,65-69,0.0,1.0,1.0,1.0
red_meat,Stroke,65-69,71.5,1.0258661728791563,1.0132168012902971,1.036012252540551
red_meat,Stroke,65-69,143.0,1.0524014046577272,1.0266082864169415,1.0733213874141465
red_meat,Stroke,65-69,214.5,1.079623001328871,1.0401767641414865,1.1119741082748793
red_meat,Stroke,65-69,286.0,1.107548716525557,1.0539245737399288,1.1520188006806282
red_meat,Stroke,70-74,0.0,1.0,1.0,1.0
red_meat,Stroke,70-74,71.5,1.021084701791404,1.0107859252238087,1.0293285780546728
red_meat,Stroke,70-74,143.0,1.0426139682324405,1.0216881866305512,1.0595173216000549
red_meat,Stroke,70-74,214.5,1.0645971728361738,1.032708039013597,1.0905914580668798
red_meat,Stroke,70-74,286.0,1.0870438867533965,1.0438467507004239,1.122576954770554
red_meat,Stroke,75-79,0.0,1.0,1.0,1.0
red_meat,Stroke,75-79,71.5,1.017130764218789,1.0087715824728118,1.0238107544952102
red_meat,Stroke,75-79,143.0,1.0345549915202976,1.0176201056047012,1.0481884610200514
red_meat,Stroke,75-79,214.5,1.0522777091514033,1.0265462442870041,1.073146619130112
red_meat,Stroke,75-79,286.0,1.0703040304795632,1.035550679330923,1.0986990498155838
red_meat,Stroke,80-84,0.0,1.0,1.0,1.0
red_meat,Stroke,80-84,71.5,1.017130764218789,1.0087715824728118,1.0238107544952102
red_meat,Stroke,80-84,143.0,1.0345549915202976,1.0176201056047012,1.0481884610200514
red_meat,Stroke,80-84,214.5,1.0522777091514033,1.0265462442870041,1.073146619130112
red_meat,Stroke,80-84,286.0,1.0703040304795632,1.035550679330923,1.0986990498155838
red_meat,Stroke,85-89,0.0,1.0,1.0,1.0
red_meat,Stroke,85-89,71.5,1.017130764218789,1.0087715824728118,1.0238107544952102
red_meat,Stroke,85-89,143.0,1.0345549915202976,1.0176201056047012,1.0481884610200514
red_meat,Stroke,85-89,214.5,1.0522777091514033,1.0265462442870041,1.073146619130112
red_meat,Stroke,85-89,286.0,1.0703040304795632,1.035550679330923,1.0986990498155838
red_meat,Stroke,90-94,0.0,1.0,1.0,1.0
red_meat,Stroke,90-94,71.5,1.017130764218789,1.0087715824728118,1.0238107544952102
red_meat,Stroke,90-94,143.0,1.0345549915202976,1.0176201056047012,1.0481884610200514
red_meat,Stroke,90-94,214.5,1.0522777091514033,1.0265462442870041,1.073146619130112
red_meat,Stroke,90-94,286.0,1.0703040304795632,1.035550679330923,1.0986990498155838
red_meat,Stroke,95+,0.0,1.0,1.0,1.0
red_meat,Stroke,95+,71.5,1.017130764218789,1.0087715824728118,1.0238107544952102
red_meat,Stroke,95+,143.0,1.0345549915202976,1.0176201056047012,1.0481884610200514
red_meat,Stroke,95+,214.5,1.0522777091514033,1.0265462442870041,1.073146619130112
red_meat,Stroke,95+,286.0,1.0703040304795632,1.035550679330923,1.0986990498155838
red_meat,T2DM,25-29,0.0,1.0,1.0,1.0
red_meat,T2DM,25-29,71.5,1.0705224266880358,1.0425423207480722,1.1050933254213062
red_meat,T2DM,25-29,143.0,1.146018266042041,1.0868944905507762,1.221231257890721
red_meat,T2DM,25-29,214.5,1.2268382551921408,1.1331335045871,1.3495745118909017
red_meat,T2DM,25-29,286.0,1.3133578661020064,1.1813396335896316,1.4914057852493527
red_meat,T2DM,30-34,0.0,1.0,1.0,1.0
red_meat,T2DM,30-34,71.5,1.0705224266880358,1.0425423207480722,1.1050933254213062
red_meat,T2DM,30-34,143.0,1.146018266042041,1.0868944905507762,1.221231257890721
red_meat,T2DM,30-34,214.5,1.2268382551921408,1.1331335045871,1.3495745118909017
red_meat,T2DM,30-34,286.0,1.3133578661020064,1.1813396335896316,1.4914057852493527
red_meat,T2DM,35-39,0.0,1.0,1.0,1.0
red_meat,T2DM,35-39,71.5,1.0705224266880358,1.0425423207480722,1.1050933254213062
red_meat,T2DM,35-39,143.0,1.146018266042041,1.0868944905507762,1.221231257890721
red_meat,T2DM,35-39,214.5,1.2268382551921408,1.1331335045871,1.3495745118909017
red_meat,T2DM,35-39,286.0,1.3133578661020064,1.1813396335896316,1.4914057852493527
red_meat,T2DM,40-44,0.0,1.0,1.0,1.0
red_meat,T2DM,40-44,71.5,1.0705224266880358,1.0425423207480722,1.1050933254213062
red_meat,T2DM,40-44,143.0,1.146018266042041,1.0868944905507762,1.221231257890721
red_meat,T2DM,40-44,214.5,1.2268382551921408,1.1331335045871,1.3495745118909017
red_meat,T2DM,40-44,286.0,1.3133578661020064,1.1813396335896316,1.4914057852493527
red_meat,T2DM,45-49,0.0,1.0,1.0,1.0
red_meat,T2DM,45-49,71.5,1.0705224266880358,1.0425423207480722,1.1050933254213062
red_meat,T2DM,45-49,143.0,1.146018266042041,1.0868944905507762,1.221231257890721
red_meat,T2DM,45-49,214.5,1.2268382551921408,1.1331335045871,1.3495745118909017
red_meat,T2DM,45-49,286.0,1.3133578661020064,1.1813396335896316,1.4914057852493527
red_meat,T2DM,50-54,0.0,1.0,1.0,1.0
red_meat,T2DM,50-54,71.5,1.0705224266880358,1.0425423207480722,1.1050933254213062
red_meat,T2DM,50-54,143.0,1.146018266042041,1.0868944905507762,1.221231257890721
red_meat,T2DM,50-54,214.5,1.2268382551921408,1.1331335045871,1.3495745118909017
red_meat,T2DM,50-54,286.0,1.3133578661020064,1.1813396335896316,1.4914057852493527
red_meat,T2DM,55-59,0.0,1.0,1.0,1.0
red_meat,T2DM,55-59,71.5,1.0705224266880358,1.0425423207480722,1.1050933254213062
red_meat,T2DM,55-59,143.0,1.146018266042041,1.0868944905507762,1.221231257890721
red_meat,T2DM,55-59,214.5,1.2268382551921408,1.1331335045871,1.3495745118909017
red_meat,T2DM,55-59,286.0,1.3133578661020064,1.1813396335896316,1.4914057852493527
red_meat,T2DM,60-64,0.0,1.0,1.0,1.0
red_meat,T2DM,60-64,71.5,1.0705224266880358,1.0425423207480722,1.1050933254213062
red_meat,T2DM,60-64,143.0,1.146018266042041,1.0868944905507762,1.221231257890721
red_meat,T2DM,60-64,214.5,1.2268382551921408,1.1331335045871,1.3495745118909017
red_meat,T2DM,60-64,286.0,1.3133578661020064,1.1813396335896316,1.4914057852493527
red_meat,T2DM,65-69,0.0,1.0,1.0,1.0
red_meat,T2DM,65-69,71.5,1.0705224266880358,1.0425423207480722,1.1050933254213062
red_meat,T2DM,65-69,143.0,1.146018266042041,1.0868944905507762,1.221231257890721
red_meat,T2DM,65-69,214.5,1.2268382551921408,1.1331335045871,1.3495745118909017
red_meat,T2DM,65-69,286.0,1.3133578661020064,1.1813396335896316,1.4914057852493527
red_meat,T2DM,70-74,0.0,1.0,1.0,1.0
red_meat,T2DM,70-74,71.5,1.0705224266880358,1.0425423207480722,1.1050933254213062
red_meat,T2DM,70-74,143.0,1.146018266042041,1.0868944905507762,1.221231257890721
red_meat,T2DM,70-74,214.5,1.2268382551921408,1.1331335045871,1.3495745118909017
red_meat,T2DM,70-74,286.0,1.3133578661020064,1.1813396335896316,1.4914057852493527
red_meat,T2DM,75-79,0.0,1.0,1.0,1.0
red_meat,T2DM,75-79,71.5,1.0705224266880358,1.0425423207480722,1.1050933254213062
red_meat,T2DM,75-79,143.0,1.146018266042041,1.0868944905507762,1.221231257890721
red_meat,T2DM,75-79,214.5,1.2268382551921408,1.1331335045871,1.3495745118909017
red_meat,T2DM,75-79,286.0,1.3133578661020064,1.1813396335896316,1.4914057852493527
red_meat,T2DM,80-84,0.0,1.0,1.0,1.0
red_meat,T2DM,80-84,71.5,1.0705224266880358,1.0425423207480722,1.1050933254213062
red_meat,T2DM,80-84,143.0,1.146018266042041,1.0868944905507762,1.221231257890721
red_meat,T2DM,80-84,214.5,1.2268382551921408,1.1331335045871,1.3495745118909017
red_meat,T2DM,80-84,286.0,1.3133578661020064,1.1813396335896316,1.4914057852493527
red_meat,T2DM,85-89,0.0,1.0,1.0,1.0
red_meat,T2DM,85-89,71.5,1.0705224266880358,1.0425423207480722,1.1050933254213062
red_meat,T2DM,85-89,143.0,1.146018266042041,1.0868944905507762,1.221231257890721
red_meat,T2DM,85-89,214.5,1.2268382551921408,1.1331335045871,1.3495745118909017
red_meat,T2DM,85-89,286.0,1.3133578661020064,1.1813396335896316,1.4914057852493527
red_meat,T2DM,90-94,0.0,1.0,1.0,1.0
red_meat,T2DM,90-94,71.5,1.0705224266880358,1.0425423207480722,1.1050933254213062
red_meat,T2DM,90-94,143.0,1.146018266042041,1.0868944905507762,1.221231257890721
red_meat,T2DM,90-94,214.5,1.2268382551921408,1.1331335045871,1.3495745118909017
red_meat,T2DM,90-94,286.0,1.3133578661020064,1.1813396335896316,1.4914057852493527
red_meat,T2DM,95+,0.0,1.0,1.0,1.0
red_meat,T2DM,95+,71.5,1.0705224266880358,1.0425423207480722,1.1050933254213062
red_meat,T2DM,95+,143.0,1.146018266042041,1.0868944905507762,1.221231257890721
red_meat,T2DM,95+,214.5,1.2268382551921408,1.1331335045871,1.3495745118909017
red_meat,T2DM,95+,286.0,1.3133578661020064,1.1813396335896316,1.4914057852493527
vegetables,CHD,25-29,0.0,1.0,1.0,1.0
vegetables,CHD,25-29,100.0,0.91,0.87,0.97
vegetables,CHD,25-29,200.0,0.85,0.78,0.92
vegetables,CHD,25-29,300.0,0.8,0.74,0.87
vegetables,CHD,30-34,0.0,1.0,1.0,1.0
vegetables,CHD,30-34,100.0,0.91,0.87,0.97
vegetables,CHD,30-34,200.0,0.85,0.78,0.92
vegetables,CHD,30-34,300.0,0.8,0.74,0.87
vegetables,CHD,35-39,0.0,1.0,1.0,1.0
vegetables,CHD,35-39,100.0,0.91,0.87,0.97
vegetables,CHD,35-39,200.0,0.85,0.78,0.92
vegetables,CHD,35-39,300.0,0.8,0.74,0.87
vegetables,CHD,40-44,0.0,1.0,1.0,1.0
vegetables,CHD,40-44,100.0,0.93,0.89,0.98
vegetables,CHD,40-44,200.0,0.88,0.81,0.93
vegetables,CHD,40-44,300.0,0.83,0.78,0.89
vegetables,CHD,45-49,0.0,1.0,1.0,1.0
vegetables,CHD,45-49,100.0,0.93,0.9,0.98
vegetables,CHD,45-49,200.0,0.88,0.82,0.94
vegetables,CHD,45-49,300.0,0.84,0.79,0.9
vegetables,CHD,50-54,0.0,1.0,1.0,1.0
vegetables,CHD,50-54,100.0,0.94,0.91,0.98
vegetables,CHD,50-54,200.0,0.89,0.83,0.94
vegetables,CHD,50-54,300.0,0.85,0.8,0.91
vegetables,CHD,55-59,0.0,1.0,1.0,1.0
vegetables,CHD,55-59,100.0,0.94,0.92,0.98
vegetables,CHD,55-59,200.0,0.91,0.85,0.95
vegetables,CHD,55-59,300.0,0.87,0.83,0.92
vegetables,CHD,60-64,0.0,1.0,1.0,1.0
vegetables,CHD,60-64,100.0,0.95,0.93,0.99
vegetables,CHD,60-64,200.0,0.92,0.87,0.96
vegetables,CHD,60-64,300.0,0.89,0.85,0.93
vegetables,CHD,65-69,0.0,1.0,1.0,1.0
vegetables,CHD,65-69,100.0,0.96,0.94,0.99
vegetables,CHD,65-69,200.0,0.92,0.88,0.96
vegetables,CHD,65-69,300.0,0.9,0.86,0.93
vegetables,CHD,70-74,0.0,1.0,1.0,1.0
vegetables,CHD,70-74,100.0,0.96,0.94,0.99
vegetables,CHD,70-74,200.0,0.93,0.89,0.96
vegetables,CHD,70-74,300.0,0.91,0.87,0.94
vegetables,CHD,75-79,0.0,1.0,1.0,1.0
vegetables,CHD,75-79,100.0,0.96,0.95,0.99
vegetables,CHD,75-79,200.0,0.94,0.9,0.97
vegetables,CHD,75-79,300.0,0.91,0.88,0.94
vegetables,CHD,80-84,0.0,1.0,1.0,1.0
vegetables,CHD,80-84,100.0,0.96,0.95,0.99
vegetables,CHD,80-84,200.0,0.94,0.9,0.97
vegetables,CHD,80-84,300.0,0.91,0.88,0.94
vegetables,CHD,85-89,0.0,1.0,1.0,1.0
vegetables,CHD,85-89,100.0,0.96,0.95,0.99
vegetables,CHD,85-89,200.0,0.94,0.9,0.97
vegetables,CHD,85-89,300.0,0.91,0.88,0.94
vegetables,CHD,90-94,0.0,1.0,1.0,1.0
vegetables,CHD,90-94,100.0,0.96,0.95,0.99
vegetables,CHD,90-94,200.0,0.94,0.9,0.97
vegetables,CHD,90-94,300.0,0.91,0.88,0.94
vegetables,CHD,95+,0.0,1.0,1.0,1.0
vegetables,CHD,95+,100.0,0.96,0.95,0.99
vegetables,CHD,95+,200.0,0.94,0.9,0.97
vegetables,CHD,95+,300.0,0.91,0.88,0.94
vegetables,Stroke,25-29,0.0,1.0,1.0,1.0
vegetables,Stroke,25-29,100.0,0.94,0.9,1.0
vegetables,Stroke,25-29,200.0,0.9,0.82,0.99
vegetables,Stroke,25-29,300.0,0.86,0.76,0.97
vegetables,Stroke,30-34,0.0,1.0,1.0,1.0
vegetables,Stroke,30-34,100.0,0.94,0.9,1.0
vegetables,Stroke,30-34,200.0,0.9,0.82,0.99
vegetables,Stroke,30-34,300.0,0.86,0.76,0.97
vegetables,Stroke,35-39,0.0,1.0,1.0,1.0
vegetables,Stroke,35-39,100.0,0.94,0.9,1.0
vegetables,Stroke,35-39,200.0,0.9,0.82,0.99
vegetables,Stroke,35-39,300.0,0.86,0.76,0.97
vegetables,Stroke,40-44,0.0,1.0,1.0,1.0
vegetables,Stroke,40-44,100.0,0.95,0.92,1.0
vegetables,Stroke,40-44,200.0,0.92,0.85,1.0
vegetables,Stroke,40-44,300.0,0.89,0.8,0.97
vegetables,Stroke,45-49,0.0,1.0,1.0,1.0
vegetables,Stroke,45-49,100.0,0.96,0.93,1.0
vegetables,Stroke,45-49,200.0,0.93,0.87,1.0
vegetables,Stroke,45-49,300.0,0.9,0.83,0.98
vegetables,Stroke,50-54,0.0,1.0,1.0,1.0
vegetables,Stroke,50-54,100.0,0.97,0.94,1.0
vegetables,Stroke,50-54,200.0,0.94,0.89,1.0
vegetables,Stroke,50-54,300.0,0.92,0.85,0.98
vegetables,Stroke,55-59,0.0,1.0,1.0,1.0
vegetables,Stroke,55-59,100.0,0.97,0.95,1.0
vegetables,Stroke,55-59,200.0,0.95,0.91,1.0
vegetables,Stroke,55-59,300.0,0.93,0.88,0.98
vegetables,Stroke,60-64,0.0,1.0,1.0,1.0
vegetables,Stroke,60-64,100.0,0.98,0.96,1.0
vegetables,Stroke,60-64,200.0,0.96,0.92,1.0
vegetables,Stroke,60-64,300.0,0.94,0.9,0.99
vegetables,Stroke,65-69,0.0,1.0,1.0,1.0
vegetables,Stroke,65-69,100.0,0.98,0.97,1.0
vegetables,Stroke,65-69,200.0,0.97,0.94,1.0
vegetables,Stroke,65-69,300.0,0.95,0.92,0.99
vegetables,Stroke,70-74,0.0,1.0,1.0,1.0
vegetables,Stroke,70-74,100.0,0.98,0.97,1.0
vegetables,Stroke,70-74,200.0,0.97,0.95,1.0
vegetables,Stroke,70-74,300.0,0.96,0.93,0.99
vegetables,Stroke,75-79,0.0,1.0,1.0,1.0
vegetables,Stroke,75-79,100.0,0.99,0.98,1.0
vegetables,Stroke,75-79,200.0,0.98,0.96,1.0
vegetables,Stroke,75-79,300.0,0.97,0.94,0.99
vegetables,Stroke,80-84,0.0,1.0,1.0,1.0
vegetables,Stroke,80-84,100.0,0.99,0.98,1.0
vegetables,Stroke,80-84,200.0,0.98,0.96,1.0
vegetables,Stroke,80-84,300.0,0.97,0.94,0.99
vegetables,Stroke,85-89,0.0,1.0,1.0,1.0
vegetables,Stroke,85-89,100.0,0.99,0.98,1.0
vegetables,Stroke,85-89,200.0,0.98,0.96,1.0
vegetables,Stroke,85-89,300.0,0.97,0.94,0.99
vegetables,Stroke,90-94,0.0,1.0,1.0,1.0
vegetables,Stroke,90-94,100.0,0.99,0.98,1.0
vegetables,Stroke,90-94,200.0,0.98,0.96,1.0
vegetables,Stroke,90-94,300.0,0.97,0.94,0.99
vegetables,Stroke,95+,0.0,1.0,1.0,1.0
vegetables,Stroke,95+,100.0,0.99,0.98,1.0
vegetables,Stroke,95+,200.0,0.98,0.96,1.0
vegetables,Stroke,95+,300.0,0.97,0.94,0.99
whole_grains,CHD,25-29,0.0,1.0,1.0,1.0
whole_grains,CHD,25-29,50.0,0.8,0.74,0.96
whole_grains,CHD,25-29,100.0,0.65,0.56,0.92
whole_grains,CHD,25-29,150.0,0.63,0.54,0.87
whole_grains,CHD,30-34,0.0,1.0,1.0,1.0
whole_grains,CHD,30-34,50.0,0.8,0.74,0.96
whole_grains,CHD,30-34,100.0,0.65,0.56,0.92
whole_grains,CHD,30-34,150.0,0.63,0.54,0.87
whole_grains,CHD,35-39,0.0,1.0,1.0,1.0
whole_grains,CHD,35-39,50.0,0.8,0.74,0.96
whole_grains,CHD,35-39,100.0,0.65,0.56,0.92
whole_grains,CHD,35-39,150.0,0.63,0.54,0.87
whole_grains,CHD,40-44,0.0,1.0,1.0,1.0
whole_grains,CHD,40-44,50.0,0.83,0.78,0.97
whole_grains,CHD,40-44,100.0,0.7,0.62,0.93
whole_grains,CHD,40-44,150.0,0.68,0.6,0.89
whole_grains,CHD,45-49,0.0,1.0,1.0,1.0
whole_grains,CHD,45-49,50.0,0.83,0.79,0.97
whole_grains,CHD,45-49,100.0,0.71,0.63,0.94
whole_grains,CHD,45-49,150.0,0.69,0.62,0.9
whole_grains,CHD,50-54,0.0,1.0,1.0,1.0
whole_grains,CHD,50-54,50.0,0.85,0.8,0.97
whole_grains,CHD,50-54,100.0,0.73,0.65,0.94
whole_grains,CHD,50-54,150.0,0.71,0.64,0.9
whole_grains,CHD,55-59,0.0,1.0,1.0,1.0
whole_grains,CHD,55-59,50.0,0.87,0.83,0.97
whole_grains,CHD,55-59,100.0,0.76,0.69,0.95
whole_grains,CHD,55-59,150.0,0.75,0.68,0.92
whole_grains,CHD,60-64,0.0,1.0,1.0,1.0
whole_grains,CHD,60-64,50.0,0.88,0.85,0.98
whole_grains,CHD,60-64,100.0,0.79,0.72,0.95
whole_grains,CHD,60-64,150.0,0.77,0.72,0.93
whole_grains,CHD,65-69,0.0,1.0,1.0,1.0
whole_grains,CHD,65-69,50.0,0.89,0.86,0.98
whole_grains,CHD,65-69,100.0,0.8,0.75,0.96
whole_grains,CHD,65-69,150.0,0.79,0.74,0.93
whole_grains,CHD,70-74,0.0,1.0,1.0,1.0
whole_grains,CHD,70-74,50.0,0.9,0.87,0.98
whole_grains,CHD,70-74,100.0,0.82,0.77,0.96
whole_grains,CHD,70-74,150.0,0.81,0.76,0.94
whole_grains,CHD,75-79,0.0,1.0,1.0,1.0
whole_grains,CHD,75-79,50.0,0.91,0.88,0.98
whole_grains,CHD,75-79,100.0,0.83,0.78,0.97
whole_grains,CHD,75-79,150.0,0.82,0.78,0.94
whole_grains,CHD,80-84,0.0,1.0,1.0,1.0
whole_grains,CHD,80-84,50.0,0.91,0.88,0.98
whole_grains,CHD,80-84,100.0,0.83,0.78,0.97
whole_grains,CHD,80-84,150.0,0.82,0.78,0.94
whole_grains,CHD,85-89,0.0,1.0,1.0,1.0
whole_grains,CHD,85-89,50.0,0.91,0.88,0.98
whole_grains,CHD,85-89,100.0,0.83,0.78,0.97
whole_grains,CHD,85-89,150.0,0.82,0.78,0.94
whole_grains,CHD,90-94,0.0,1.0,1.0,1.0
whole_grains,CHD,90-94,50.0,0.91,0.88,0.98
whole_grains,CHD,90-94,100.0,0.83,0.78,0.97
whole_grains,CHD,90-94,150.0,0.82,0.78,0.94
whole_grains,CHD,95+,0.0,1.0,1.0,1.0
whole_grains,CHD,95+,50.0,0.91,0.88,0.98
whole_grains,CHD,95+,100.0,0.83,0.78,0.97
whole_grains,CHD,95+,150.0,0.82,0.78,0.94
whole_grains,CRC,25-29,0.0,1.0,1.0,1.0
whole_grains,CRC,25-29,50.0,0.93,0.88,0.99
whole_grains,CRC,25-29,100.0,0.87,0.81,0.96
whole_grains,CRC,25-29,150.0,0.79,0.73,0.93
whole_grains,CRC,30-34,0.0,1.0,1.0,1.0
whole_grains,CRC,30-34,50.0,0.93,0.88,0.99
whole_grains,CRC,30-34,100.0,0.87,0.81,0.96
whole_grains,CRC,30-34,150.0,0.79,0.73,0.93
whole_grains,CRC,35-39,0.0,1.0,1.0,1.0
whole_grains,CRC,35-39,50.0,0.93,0.88,0.99
whole_grains,CRC,35-39,100.0,0.87,0.81,0.96
whole_grains,CRC,35-39,150.0,0.79,0.73,0.93
whole_grains,CRC,40-44,0.0,1.0,1.0,1.0
whole_grains,CRC,40-44,50.0,0.93,0.88,0.99
whole_grains,CRC,40-44,100.0,0.87,0.81,0.96
whole_grains,CRC,40-44,150.0,0.79,0.73,0.93
whole_grains,CRC,45-49,0.0,1.0,1.0,1.0
whole_grains,CRC,45-49,50.0,0.93,0.88,0.99
whole_grains,CRC,45-49,100.0,0.87,0.81,0.96
whole_grains,CRC,45-49,150.0,0.79,0.73,0.93
whole_grains,CRC,50-54,0.0,1.0,1.0,1.0
whole_grains,CRC,50-54,50.0,0.93,0.88,0.99
whole_grains,CRC,50-54,100.0,0.87,0.81,0.96
whole_grains,CRC,50-54,150.0,0.79,0.73,0.93
whole_grains,CRC,55-59,0.0,1.0,1.0,1.0
whole_grains,CRC,55-59,50.0,0.93,0.88,0.99
whole_grains,CRC,55-59,100.0,0.87,0.81,0.96
whole_grains,CRC,55-59,150.0,0.79,0.73,0.93
whole_grains,CRC,60-64,0.0,1.0,1.0,1.0
whole_grains,CRC,60-64,50.0,0.93,0.88,0.99
whole_grains,CRC,60-64,100.0,0.87,0.81,0.96
whole_grains,CRC,60-64,150.0,0.79,0.73,0.93
whole_grains,CRC,65-69,0.0,1.0,1.0,1.0
whole_grains,CRC,65-69,50.0,0.93,0.88,0.99
whole_grains,CRC,65-69,100.0,0.87,0.81,0.96
whole_grains,CRC,65-69,150.0,0.79,0.73,0.93
whole_grains,CRC,70-74,0.0,1.0,1.0,1.0
whole_grains,CRC,70-74,50.0,0.93,0.88,0.99
whole_grains,CRC,70-74,100.0,0.87,0.81,0.96
whole_grains,CRC,70-74,150.0,0.79,0.73,0.93
whole_grains,CRC,75-79,0.0,1.0,1.0,1.0
whole_grains,CRC,75-79,50.0,0.93,0.88,0.99
whole_grains,CRC,75-79,100.0,0.87,0.81,0.96
whole_grains,CRC,75-79,150.0,0.79,0.73,0.93
whole_grains,CRC,80-84,0.0,1.0,1.0,1.0
whole_grains,CRC,80-84,50.0,0.93,0.88,0.99
whole_grains,CRC,80-84,100.0,0.87,0.81,0.96
whole_grains,CRC,80-84,150.0,0.79,0.73,0.93
whole_grains,CRC,85-89,0.0,1.0,1.0,1.0
whole_grains,CRC,85-89,50.0,0.93,0.88,0.99
whole_grains,CRC,85-89,100.0,0.87,0.81,0.96
whole_grains,CRC,85-89,150.0,0.79,0.73,0.93
whole_grains,CRC,90-94,0.0,1.0,1.0,1.0
whole_grains,CRC,90-94,50.0,0.93,0.88,0.99
whole_grains,CRC,90-94,100.0,0.87,0.81,0.96
whole_grains,CRC,90-94,150.0,0.79,0.73,0.93
whole_grains,CRC,95+,0.0,1.0,1.0,1.0
whole_grains,CRC,95+,50.0,0.93,0.88,0.99
whole_grains,CRC,95+,100.0,0.87,0.81,0.96
whole_grains,CRC,95+,150.0,0.79,0.73,0.93
whole_grains,Stroke,25-29,0.0,1.0,1.0,1.0
whole_grains,Stroke,25-29,50.0,0.93,0.9,1.0
whole_grains,Stroke,25-29,100.0,0.86,0.81,0.98
whole_grains,Stroke,25-29,150.0,0.83,0.75,0.96
whole_grains,Stroke,30-34,0.0,1.0,1.0,1.0
whole_grains,Stroke,30-34,50.0,0.93,0.9,1.0
whole_grains,Stroke,30-34,100.0,0.86,0.81,0.98
whole_grains,Stroke,30-34,150.0,0.83,0.75,0.96
whole_grains,Stroke,35-39,0.0,1.0,1.0,1.0
whole_grains,Stroke,35-39,50.0,0.93,0.9,1.0
whole_grains,Stroke,35-39,100.0,0.86,0.81,0.98
whole_grains,Stroke,35-39,150.0,0.83,0.75,0.96
whole_grains,Stroke,40-44,0.0,1.0,1.0,1.0
whole_grains,Stroke,40-44,50.0,0.94,0.92,1.0
whole_grains,Stroke,40-44,100.0,0.89,0.84,0.98
whole_grains,Stroke,40-44,150.0,0.86,0.8,0.97
whole_grains,Stroke,45-49,0.0,1.0,1.0,1.0
whole_grains,Stroke,45-49,50.0,0.95,0.93,1.0
whole_grains,Stroke,45-49,100.0,0.9,0.86,0.99
whole_grains,Stroke,45-49,150.0,0.88,0.82,0.97
whole_grains,Stroke,50-54,0.0,1.0,1.0,1.0
whole_grains,Stroke,50-54,50.0,0.96,0.94,1.0
whole_grains,Stroke,50-54,100.0,0.92,0.89,0.99
whole_grains,Stroke,50-54,150.0,0.9,0.85,0.98
whole_grains,Stroke,55-59,0.0,1.0,1.0,1.0
whole_grains,Stroke,55-59,50.0,0.96,0.95,1.0
whole_grains,Stroke,55-59,100.0,0.93,0.9,0.99
whole_grains,Stroke,55-59,150.0,0.91,0.87,0.98
whole_grains,Stroke,60-64,0.0,1.0,1.0,1.0
whole_grains,Stroke,60-64,50.0,0.97,0.96,1.0
whole_grains,Stroke,60-64,100.0,0.94,0.92,0.99
whole_grains,Stroke,60-64,150.0,0.93,0.9,0.98
whole_grains,Stroke,65-69,0.0,1.0,1.0,1.0
whole_grains,Stroke,65-69,50.0,0.98,0.97,1.0
whole_grains,Stroke,65-69,100.0,0.95,0.93,0.99
whole_grains,Stroke,65-69,150.0,0.94,0.91,0.99
whole_grains,Stroke,70-74,0.0,1.0,1.0,1.0
whole_grains,Stroke,70-74,50.0,0.98,0.97,1.0
whole_grains,Stroke,70-74,100.0,0.96,0.95,0.99
whole_grains,Stroke,70-74,150.0,0.95,0.93,0.99
whole_grains,Stroke,75-79,0.0,1.0,1.0,1.0
whole_grains,Stroke,75-79,50.0,0.98,0.98,1.0
whole_grains,Stroke,75-79,100.0,0.97,0.96,1.0
whole_grains,Stroke,75-79,150.0,0.96,0.94,0.99
whole_grains,Stroke,80-84,0.0,1.0,1.0,1.0
whole_grains,Stroke,80-84,50.0,0.98,0.98,1.0
whole_grains,Stroke,80-84,100.0,0.97,0.96,1.0
whole_grains,Stroke,80-84,150.0,0.96,0.94,0.99
whole_grains,Stroke,85-89,0.0,1.0,1.0,1.0
whole_grains,Stroke,85-89,50.0,0.98,0.98,1.0
whole_grains,Stroke,85-89,100.0,0.97,0.96,1.0
whole_grains,Stroke,85-89,150.0,0.96,0.94,0.99
whole_grains,Stroke,90-94,0.0,1.0,1.0,1.0
whole_grains,Stroke,90-94,50.0,0.98,0.98,1.0
whole_grains,Stroke,90-94,100.0,0.97,0.96,1.0
whole_grains,Stroke,90-94,150.0,0.96,0.94,0.99
whole_grains,Stroke,95+,0.0,1.0,1.0,1.0
whole_grains,Stroke,95+,50.0,0.98,0.98,1.0
whole_grains,Stroke,95+,100.0,0.97,0.96,1.0
whole_grains,Stroke,95+,150.0,0.96,0.94,0.99
whole_grains,T2DM,25-29,0.0,1.0,1.0,1.0
whole_grains,T2DM,25-29,50.0,0.98,0.97,1.0
whole_grains,T2DM,25-29,100.0,0.96,0.94,0.99
whole_grains,T2DM,25-29,150.0,0.94,0.91,0.98
whole_grains,T2DM,30-34,0.0,1.0,1.0,1.0
whole_grains,T2DM,30-34,50.0,0.98,0.97,1.0
whole_grains,T2DM,30-34,100.0,0.96,0.94,0.99
whole_grains,T2DM,30-34,150.0,0.94,0.91,0.98
whole_grains,T2DM,35-39,0.0,1.0,1.0,1.0
whole_grains,T2DM,35-39,50.0,0.98,0.97,1.0
whole_grains,T2DM,35-39,100.0,0.96,0.94,0.99
whole_grains,T2DM,35-39,150.0,0.94,0.91,0.98
whole_grains,T2DM,40-44,0.0,1.0,1.0,1.0
whole_grains,T2DM,40-44,50.0,0.98,0.97,1.0
whole_grains,T2DM,40-44,100.0,0.96,0.94,0.99
whole_grains,T2DM,40-44,150.0,0.94,0.91,0.98
whole_grains,T2DM,45-49,0.0,1.0,1.0,1.0
whole_grains,T2DM,45-49,50.0,0.98,0.97,1.0
whole_grains,T2DM,45-49,100.0,0.96,0.94,0.99
whole_grains,T2DM,45-49,150.0,0.94,0.91,0.98
whole_grains,T2DM,50-54,0.0,1.0,1.0,1.0
whole_grains,T2DM,50-54,50.0,0.98,0.97,1.0
whole_grains,T2DM,50-54,100.0,0.96,0.94,0.99
whole_grains,T2DM,50-54,150.0,0.94,0.91,0.98
whole_grains,T2DM,55-59,0.0,1.0,1.0,1.0
whole_grains,T2DM,55-59,50.0,0.98,0.97,1.0
whole_grains,T2DM,55-59,100.0,0.96,0.94,0.99
whole_grains,T2DM,55-59,150.0,0.94,0.91,0.98
whole_grains,T2DM,60-64,0.0,1.0,1.0,1.0
whole_grains,T2DM,60-64,50.0,0.98,0.97,1.0
whole_grains,T2DM,60-64,100.0,0.96,0.94,0.99
whole_grains,T2DM,60-64,150.0,0.94,0.91,0.98
whole_grains,T2DM,65-69,0.0,1.0,1.0,1.0
whole_grains,T2DM,65-69,50.0,0.98,0.97,1.0
whole_grains,T2DM,65-69,100.0,0.96,0.94,0.99
whole_grains,T2DM,65-69,150.0,0.94,0.91,0.98
whole_grains,T2DM,70-74,0.0,1.0,1.0,1.0
whole_grains,T2DM,70-74,50.0,0.98,0.97,1.0
whole_grains,T2DM,70-74,100.0,0.96,0.94,0.99
whole_grains,T2DM,70-74,150.0,0.94,0.91,0.98
whole_grains,T2DM,75-79,0.0,1.0,1.0,1.0
whole_grains,T2DM,75-79,50.0,0.98,0.97,1.0
whole_grains,T2DM,75-79,100.0,0.96,0.94,0.99
whole_grains,T2DM,75-79,150.0,0.94,0.91,0.98
whole_grains,T2DM,80-84,0.0,1.0,1.0,1.0
whole_grains,T2DM,80-84,50.0,0.98,0.97,1.0
whole_grains,T2DM,80-84,100.0,0.96,0.94,0.99
whole_grains,T2DM,80-84,150.0,0.94,0.91,0.98
whole_grains,T2DM,85-89,0.0,1.0,1.0,1.0
whole_grains,T2DM,85-89,50.0,0.98,0.97,1.0
whole_grains,T2DM,85-89,100.0,0.96,0.94,0.99
whole_grains,T2DM,85-89,150.0,0.94,0.91,0.98
whole_grains,T2DM,90-94,0.0,1.0,1.0,1.0
whole_grains,T2DM,90-94,50.0,0.98,0.97,1.0
whole_grains,T2DM,90-94,100.0,0.96,0.94,0.99
whole_grains,T2DM,90-94,150.0,0.94,0.91,0.98
whole_grains,T2DM,95+,0.0,1.0,1.0,1.0
whole_grains,T2DM,95+,50.0,0.98,0.97,1.0
whole_grains,T2DM,95+,100.0,0.96,0.94,0.99
whole_grains,T2DM,95+,150.0,0.94,0.91,0.98
