path,curve_cause,exposure,rr_mean,rr_low,rr_high,risk_lower,risk_upper,star_rating,rei_id,cause_id
sbp,CHD,100.0,1.0,1.0,1.0,107.5,165.163126976954,5,107,493
sbp,CHD,101.010101010101,1.0050185126014,1.0045615599065,1.00547567315391,107.5,165.163126976954,5,107,493
sbp,CHD,102.020202020202,1.01158763286101,1.01052941467636,1.01264695920313,107.5,165.163126976954,5,107,493
sbp,CHD,103.030303030303,1.01970739927712,1.01790112509833,1.02151687870476,107.5,165.163126976954,5,107,493
sbp,CHD,104.040404040404,1.02937785179177,1.02667370908959,1.0320891169007,107.5,165.163126976954,5,107,493
sbp,CHD,105.050505050505,1.04059903113865,1.03684366503042,1.0443679988872,107.5,165.163126976954,5,107,493
sbp,CHD,106.060606060606,1.05337097820556,1.04840699850088,1.05835846127728,107.5,165.163126976954,5,107,493
sbp,CHD,107.070707070707,1.06769373343001,1.06135925189685,1.07406602087688,107.5,165.163126976954,5,107,493
sbp,CHD,108.080808080808,1.08356733624389,1.07569553637166,1.09149674092262,107.5,165.163126976954,5,107,493
sbp,CHD,109.090909090909,1.10099182457974,1.09141056553697,1.11065719543867,107.5,165.163126976954,5,107,493
sbp,CHD,110.10101010101,1.1199672344477,1.10849869036084,1.1315544322638,107.5,165.163126976954,5,107,493
sbp,CHD,111.111111111111,1.14049359958843,1.12695393472144,1.15419593527901,107.5,165.163126976954,5,107,493
sbp,CHD,112.121212121212,1.16257095120397,1.14677003110805,1.17858958633351,107.5,165.163126976954,5,107,493
sbp,CHD,113.131313131313,1.18619931776522,1.16794045600494,1.20474362732471,107.5,165.163126976954,5,107,493
sbp,CHD,114.141414141414,1.21137872489235,1.19045846454547,1.23266662283939,107.5,165.163126976954,5,107,493
sbp,CHD,115.151515151515,1.23810919530227,1.21431712408034,1.26236742370985,107.5,165.163126976954,5,107,493
sbp,CHD,116.161616161616,1.26639074881569,1.23950934636262,1.29385513178438,107.5,165.163126976954,5,107,493
sbp,CHD,117.171717171717,1.29622340241573,1.26602791811119,1.32713906615655,107.5,165.163126976954,5,107,493
sbp,CHD,118.181818181818,1.32760717034923,1.29386552977102,1.36222873104487,107.5,165.163126976954,5,107,493
sbp,CHD,119.191919191919,1.36054206426227,1.32301480234184,1.39913378546519,107.5,165.163126976954,5,107,493
sbp,CHD,120.20202020202,1.39502809336153,1.35346831219582,1.4378640147922,107.5,165.163126976954,5,107,493
sbp,CHD,121.212121212121,1.43106526459388,1.38521861384765,1.47842930426603,107.5,165.163126976954,5,107,493
sbp,CHD,122.222222222222,1.46865358283728,1.41825826067828,1.52083961446432,107.5,165.163126976954,5,107,493
sbp,CHD,123.232323232323,1.50779305109717,1.45257982364489,1.56510495872941,107.5,165.163126976954,5,107,493
sbp,CHD,124.242424242424,1.54848367070308,1.4881759080357,1.61123538251539,107.5,165.163126976954,5,107,493
sbp,CHD,125.252525252525,1.59072544150163,1.52503916834844,1.65924094459876,107.5,165.163126976954,5,107,493
sbp,CHD,126.262626262626,1.63451836204242,1.5631623213868,1.70913170008066,107.5,165.163126976954,5,107,493
sbp,CHD,127.272727272727,1.67986242975454,1.60253815768029,1.76091768509628,107.5,165.163126976954,5,107,493
sbp,CHD,128.282828282828,1.72675764111188,1.64315955133963,1.81460890313868,107.5,165.163126976954,5,107,493
sbp,CHD,129.292929292929,1.77520399178613,1.68501946846397,1.8702153128985,107.5,165.163126976954,5,107,493
sbp,CHD,130.30303030303,1.82520147678693,1.7281109742169,1.92774681751836,107.5,165.163126976954,5,107,493
sbp,CHD,131.313131313131,1.87675009058883,1.77242723868708,1.98721325515977,107.5,165.163126976954,5,107,493
sbp,CHD,132.323232323232,1.92984982724538,1.81796154164622,2.04862439078141,107.5,165.163126976954,5,107,493
sbp,CHD,133.333333333333,1.9845006804906,1.86470727631285,2.11198990903006,107.5,165.163126976954,5,107,493
sbp,CHD,134.343434343434,2.04070264382856,1.91265795222468,2.17731940814877,107.5,165.163126976954,5,107,493
sbp,CHD,135.353535353535,2.09845571061162,1.96180719731663,2.24462239481111,107.5,165.163126976954,5,107,493
sbp,CHD,136.363636363636,2.15775987410835,2.0121487592949,2.3139082797952,107.5,165.163126976954,5,107,493
sbp,CHD,137.373737373737,2.21861512756179,2.06367650639082,2.3851863744161,107.5,165.163126976954,5,107,493
sbp,CHD,138.383838383838,2.28102146423898,2.11638442757156,2.45846588764082,107.5,165.163126976954,5,107,493
sbp,CHD,139.393939393939,2.34497887747268,2.17026663227826,2.53375592381499,107.5,165.163126976954,5,107,493
sbp,CHD,140.40404040404,2.41048736069603,2.22531734975553,2.6110654809363,107.5,165.163126976954,5,107,493
sbp,CHD,141.414141414141,2.47754690747089,2.28153092803046,2.69040344941431,107.5,165.163126976954,5,107,493
sbp,CHD,142.424242424242,2.54615751151073,2.33890183259321,2.77177861126165,107.5,165.163126976954,5,107,493
sbp,CHD,143.434343434343,2.61631916669867,2.39742464482614,2.85519963966635,107.5,165.163126976954,5,107,493
sbp,CHD,144.444444444444,2.68803186710129,2.45709406022316,2.94067509889948,107.5,165.163126976954,5,107,493
sbp,CHD,145.454545454545,2.7612956069788,2.51790488643639,3.02821344451648,107.5,165.163126976954,5,107,493
sbp,CHD,146.464646464646,2.83611038079208,2.57985204118315,3.11782302381486,107.5,165.163126976954,5,107,493
sbp,CHD,147.474747474747,2.91247618320708,2.64293055004224,3.20951207651406,107.5,165.163126976954,5,107,493
sbp,CHD,148.484848484848,2.99039300909695,2.70713554416475,3.30328873562738,107.5,165.163126976954,5,107,493
sbp,CHD,149.494949494949,3.06986085354222,2.77246225792206,3.39916102849825,107.5,165.163126976954,5,107,493
sbp,CHD,150.505050505051,3.1508797118296,2.83890602651015,3.49713687797685,107.5,165.163126976954,5,107,493
sbp,CHD,151.515151515152,3.23344957944899,2.90646228352677,3.59722410371425,107.5,165.163126976954,5,107,493
sbp,CHD,152.525252525253,3.31757045209028,2.97512655853698,3.69943042355645,107.5,165.163126976954,5,107,493
sbp,CHD,153.535353535354,3.40324232563848,3.04489447463823,3.80376345501869,107.5,165.163126976954,5,107,493
sbp,CHD,154.545454545455,3.49046519616864,3.1157617460364,3.91023071682654,107.5,165.163126976954,5,107,493
sbp,CHD,155.555555555556,3.57923905992938,3.18772417563299,4.01883963049602,107.5,165.163126976954,5,107,493
sbp,CHD,156.565656565657,3.66956390517488,3.26077764605458,4.12959751194791,107.5,165.163126976954,5,107,493
sbp,CHD,157.575757575758,3.76143963877312,3.33491805823052,4.2425114827681,107.5,165.163126976954,5,107,493
sbp,CHD,158.585858585859,3.85486361360859,3.4101393411957,4.35758542180658,107.5,165.163126976954,5,107,493
sbp,CHD,159.59595959596,3.94978446066013,3.48639642314714,4.47476287610161,107.5,165.163126976954,5,107,493
sbp,CHD,160.606060606061,4.04606594506193,3.56357671479492,4.59388163690254,107.5,165.163126976954,5,107,493
sbp,CHD,161.616161616162,4.1435971570648,3.64158887561723,4.71480938306781,107.5,165.163126976954,5,107,493
sbp,CHD,162.626262626263,4.24212007726594,3.72022508336238,4.83722956184096,107.5,165.163126976954,5,107,493
sbp,CHD,163.636363636364,4.34120825748319,3.79914527745621,4.96061291645551,107.5,165.163126976954,5,107,493
sbp,CHD,164.646464646465,4.44068131351941,3.87820757066787,5.0847331322301,107.5,165.163126976954,5,107,493
sbp,CHD,165.656565656566,4.54001069196285,3.95699527140533,5.20892638717174,107.5,165.163126976954,5,107,493
sbp,CHD,166.666666666667,4.63848703987633,4.0349518946391,5.33229703374817,107.5,165.163126976954,5,107,493
sbp,CHD,167.676767676768,4.73565692463149,4.11172702491456,5.45426444214793,107.5,165.163126976954,5,107,493
sbp,CHD,168.686868686869,4.83149740945482,4.18731169610438,5.57478614245171,107.5,165.163126976954,5,107,493
sbp,CHD,169.69696969697,4.92565562755741,4.26143709531832,5.69340408378729,107.5,165.163126976954,5,107,493
sbp,CHD,170.707070707071,5.0176066857607,4.33370076707665,5.80944052350284,107.5,165.163126976954,5,107,493
sbp,CHD,171.717171717172,5.10669973028997,4.40360365635432,5.92205479203674,107.5,165.163126976954,5,107,493
sbp,CHD,172.727272727273,5.19122852494411,4.4698230297545,6.02906500297697,107.5,165.163126976954,5,107,493
sbp,CHD,173.737373737374,5.27096985483094,4.53220217250793,6.13015972214728,107.5,165.163126976954,5,107,493
sbp,CHD,174.747474747475,5.34581763250574,4.59067526585418,6.22517701754534,107.5,165.163126976954,5,107,493
sbp,CHD,175.757575757576,5.41528984783297,4.6448822867078,6.3134784319428,107.5,165.163126976954,5,107,493
sbp,CHD,176.767676767677,5.47949747690351,4.69492534875953,6.39517998030042,107.5,165.163126976954,5,107,493
sbp,CHD,177.777777777778,5.53881738597725,4.74111161498446,6.4707394650325,107.5,165.163126976954,5,107,493
sbp,CHD,178.787878787879,5.59407752860008,4.78409654074075,6.54119395992435,107.5,165.163126976954,5,107,493
sbp,CHD,179.79797979798,5.64565147471465,4.82417930910661,6.60700577894777,107.5,165.163126976954,5,107,493
sbp,CHD,180.808080808081,5.69549094592215,4.86288246427041,6.67065621129464,107.5,165.163126976954,5,107,493
sbp,CHD,181.818181818182,5.74522690059398,4.90147457254398,6.73422490533843,107.5,165.163126976954,5,107,493
sbp,CHD,182.828282828283,5.7949510430413,4.94002718676035,6.7978284980387,107.5,165.163126976954,5,107,493
sbp,CHD,183.838383838384,5.84466369344222,4.97854086012521,6.86146697379571,107.5,165.163126976954,5,107,493
sbp,CHD,184.848484848485,5.89436516029381,5.01701613059356,6.92514031019769,107.5,165.163126976954,5,107,493
sbp,CHD,185.858585858586,5.94405574094947,5.05545352148094,6.98884847845743,107.5,165.163126976954,5,107,493
sbp,CHD,186.868686868687,5.99373572212616,5.09385354204303,7.05259144382123,107.5,165.163126976954,5,107,493
sbp,CHD,187.878787878788,6.04340538038397,5.13221668802577,7.11636916595258,107.5,165.163126976954,5,107,493
sbp,CHD,188.888888888889,6.09306498257939,5.17054344218767,7.18018159929188,107.5,165.163126976954,5,107,493
sbp,CHD,189.89898989899,6.14271478629423,5.20883427479616,7.24402869339406,107.5,165.163126976954,5,107,493
sbp,CHD,190.909090909091,6.19235504024162,5.24708964409942,7.30791039324565,107.5,165.163126976954,5,107,493
sbp,CHD,191.919191919192,6.24198598465044,5.28530999677519,7.37182663956234,107.5,165.163126976954,5,107,493
sbp,CHD,192.929292929293,6.29160785162981,5.32349576835799,7.4357773690688,107.5,165.163126976954,5,107,493
sbp,CHD,193.939393939394,6.34122086551453,5.36164738364592,7.49976251476151,107.5,165.163126976954,5,107,493
sbp,CHD,194.949494949495,6.39082524319279,5.39976525708825,7.56378200615596,107.5,165.163126976954,5,107,493
sbp,CHD,195.959595959596,6.44042119441726,5.43784979315492,7.62783576951907,107.5,165.163126976954,5,107,493
sbp,CHD,196.969696969697,6.49000892210046,5.47590138668903,7.69192372808803,107.5,165.163126976954,5,107,493
sbp,CHD,197.979797979798,6.53958862259532,5.51392042324307,7.75604580227597,107.5,165.163126976954,5,107,493
sbp,CHD,198.989898989899,6.58916048596201,5.55190727940009,7.82020190986592,107.5,165.163126976954,5,107,493
sbp,CHD,200.0,6.63872469622146,5.58986232308035,7.88439196619319,107.5,165.163126976954,5,107,493
sbp,CKD,106.5,1.0,1.0,1.0,106.7,153.3,3,107,589
sbp,CKD,107.186868686869,1.00134498330377,1.00121783281247,1.00147214994265,106.7,153.3,3,107,589
sbp,CKD,107.873737373737,1.00302592115685,1.00273964285637,1.00331228118868,106.7,153.3,3,107,589
sbp,CKD,108.560606060606,1.00504286323336,1.00456533096588,1.00552062250157,106.7,153.3,3,107,589
sbp,CKD,109.247474747475,1.00739586804081,1.00669477770356,1.00809744663694,106.7,153.3,3,107,589
sbp,CKD,109.934343434343,1.01008500282346,1.0091278435604,1.01104306995351,106.7,153.3,3,107,589
sbp,CKD,110.621212121212,1.01311034345312,1.01186436918929,1.01435785196593,106.7,153.3,3,107,589
sbp,CKD,111.308080808081,1.01647197430795,1.01490417567087,1.01804219484123,106.7,153.3,3,107,589
sbp,CKD,111.994949494949,1.02016998813985,1.01824706481071,1.02209654284124,106.7,153.3,3,107,589
sbp,CKD,112.681818181818,1.02420448593089,1.02189281946622,1.02652138171291,106.7,153.3,3,107,589
sbp,CKD,113.368686868687,1.02857557673945,1.02584120390208,1.03131723802925,106.7,153.3,3,107,589
sbp,CKD,114.055555555556,1.03328337753672,1.03009196417259,1.03648467848333,106.7,153.3,3,107,589
sbp,CKD,114.742424242424,1.03832801303417,1.03464482852924,1.04202430913809,106.7,153.3,3,107,589
sbp,CKD,115.429292929293,1.04370961550271,1.0394995078518,1.04793677463492,106.7,153.3,3,107,589
sbp,CKD,116.116161616162,1.04942832458417,1.04465569610124,1.05422275736368,106.7,153.3,3,107,589
sbp,CKD,116.80303030303,1.05548428709586,1.05011307079243,1.06088297659754,106.7,153.3,3,107,589
sbp,CKD,117.489898989899,1.06187765682893,1.05587129348498,1.06791818759542,106.7,153.3,3,107,589
sbp,CKD,118.176767676768,1.06860859434113,1.06193001029014,1.07532918067522,106.7,153.3,3,107,589
sbp,CKD,118.863636363636,1.07567726674477,1.06828885239189,1.08311678026107,106.7,153.3,3,107,589
sbp,CKD,119.550505050505,1.08308384749063,1.07494743658038,1.09128184390753,106.7,153.3,3,107,589
sbp,CKD,120.237373737374,1.0908285161483,1.08190536579557,1.09982526130398,106.7,153.3,3,107,589
sbp,CKD,120.924242424242,1.09891145818385,1.08916222967955,1.10874795326225,106.7,153.3,3,107,589
sbp,CKD,121.611111111111,1.1073328647354,1.09671760513535,1.11805087069043,106.7,153.3,3,107,589
sbp,CKD,122.29797979798,1.11609293238712,1.10457105689059,1.12773499355584,106.7,153.3,3,107,589
sbp,CKD,122.984848484848,1.12519186294247,1.11272213806422,1.13780132984005,106.7,153.3,3,107,589
sbp,CKD,123.671717171717,1.13462986319717,1.12117039073466,1.14825091448878,106.7,153.3,3,107,589
sbp,CKD,124.358585858586,1.14440714471236,1.12991534650756,1.15908480835908,106.7,153.3,3,107,589
sbp,CKD,125.045454545455,1.15452392358875,1.13895652708189,1.17030409716676,106.7,153.3,3,107,589
sbp,CKD,125.732323232323,1.16498042024195,1.14829344481271,1.18190989043613,106.7,153.3,3,107,589
sbp,CKD,126.419191919192,1.17577685917981,1.15792560326927,1.19390332045474,106.7,153.3,3,107,589
sbp,CKD,127.106060606061,1.1869134687818,1.16785249778714,1.20628554123486,106.7,153.3,3,107,589
sbp,CKD,127.792929292929,1.19839048108121,1.17807361601318,1.21905772748414,106.7,153.3,3,107,589
sbp,CKD,128.479797979798,1.21020813155046,1.18858843844234,1.23222107358729,106.7,153.3,3,107,589
sbp,CKD,129.166666666667,1.22236665888965,1.19939643894494,1.2457767926003,106.7,153.3,3,107,589
sbp,CKD,129.853535353535,1.23486630481899,1.21049708528395,1.25972611525918,106.7,153.3,3,107,589
sbp,CKD,130.540404040404,1.24770731387526,1.22188983962108,1.2740702890046,106.7,153.3,3,107,589
sbp,CKD,131.227272727273,1.26088993321243,1.23357415901105,1.28881057702361,106.7,153.3,3,107,589
sbp,CKD,131.914141414141,1.27441441240693,1.24554949588344,1.30394825730996,106.7,153.3,3,107,589
sbp,CKD,132.60101010101,1.28828100326764,1.2578152985115,1.31948462174401,106.7,153.3,3,107,589
sbp,CKD,133.287878787879,1.30248995965064,1.27037101146737,1.33542097519305,106.7,153.3,3,107,589
sbp,CKD,133.974747474747,1.31704153727917,1.28321607606338,1.3517586346331,106.7,153.3,3,107,589
sbp,CKD,134.661616161616,1.33193599356871,1.29634993077919,1.36849892829287,106.7,153.3,3,107,589
sbp,CKD,135.348484848485,1.34717358745723,1.3097720116742,1.38564319482026,106.7,153.3,3,107,589
sbp,CKD,136.035353535354,1.36275457924096,1.32348175278537,1.40319278247229,106.7,153.3,3,107,589
sbp,CKD,136.722222222222,1.37867923041537,1.33747858651022,1.42114904832849,106.7,153.3,3,107,589
sbp,CKD,137.409090909091,1.39494780352184,1.35176194397487,1.43951335752842,106.7,153.3,3,107,589
sbp,CKD,138.09595959596,1.41156056199945,1.36633125538714,1.45828708253303,106.7,153.3,3,107,589
sbp,CKD,138.782828282828,1.42851777004248,1.3811859503748,1.47747160241051,106.7,153.3,3,107,589
sbp,CKD,139.469696969697,1.44581969246333,1.39632545830917,1.49706830214645,106.7,153.3,3,107,589
sbp,CKD,140.156565656566,1.46346659456063,1.41174920861379,1.517078571978,106.7,153.3,3,107,589
sbp,CKD,140.843434343434,1.4814587419929,1.42745663105893,1.53750380675248,106.7,153.3,3,107,589
sbp,CKD,141.530303030303,1.49979640065752,1.44344715604169,1.55834540530993,106.7,153.3,3,107,589
sbp,CKD,142.217171717172,1.51847983657472,1.45972021485205,1.57960476988919,106.7,153.3,3,107,589
sbp,CKD,142.90404040404,1.53750931577687,1.47627523992527,1.6012833055578,106.7,153.3,3,107,589
sbp,CKD,143.590909090909,1.55688510420294,1.49311166508087,1.62338241966498,106.7,153.3,3,107,589
sbp,CKD,144.277777777778,1.5766074675975,1.51022892574831,1.64590352131718,106.7,153.3,3,107,589
sbp,CKD,144.964646464646,1.59667667141504,1.52762645918002,1.66884802087641,106.7,153.3,3,107,589
sbp,CKD,145.651515151515,1.6170929807288,1.54530370465204,1.69221732948034,106.7,153.3,3,107,589
sbp,CKD,146.338383838384,1.63785666014415,1.56326010365234,1.71601285858386,106.7,153.3,3,107,589
sbp,CKD,147.025252525253,1.65896797371666,1.58149510005767,1.74023601952178,106.7,153.3,3,107,589
sbp,CKD,147.712121212121,1.68042718487442,1.60000814029895,1.76488822309201,106.7,153.3,3,107,589
sbp,CKD,148.39898989899,1.70223455634474,1.6187986735158,1.7899708791588,106.7,153.3,3,107,589
sbp,CKD,149.085858585859,1.72439035008476,1.63786615170037,1.81548539627518,106.7,153.3,3,107,589
sbp,CKD,149.772727272727,1.74689634435588,1.65721133310198,1.8414349316643,106.7,153.3,3,107,589
sbp,CKD,150.459595959596,1.7697652435294,1.6768443478008,1.86783527124174,106.7,153.3,3,107,589
sbp,CKD,151.146464646465,1.79302011879594,1.69678416086129,1.89471426040134,106.7,153.3,3,107,589
sbp,CKD,151.833333333333,1.81668549577329,1.71705088957903,1.92210155830745,106.7,153.3,3,107,589
sbp,CKD,152.520202020202,1.8408090765649,1.73768436319517,1.95005383493984,106.7,153.3,3,107,589
sbp,CKD,153.207070707071,1.86547652283489,1.75875661872969,1.97867210288692,106.7,153.3,3,107,589
sbp,CKD,153.893939393939,1.89079436846156,1.78035712380597,2.00808214037599,106.7,153.3,3,107,589
sbp,CKD,154.580808080808,1.91687946964172,1.80258367087534,2.03842238255138,106.7,153.3,3,107,589
sbp,CKD,155.267676767677,1.94382066320307,1.82550970028025,2.06979933884501,106.7,153.3,3,107,589
sbp,CKD,155.954545454545,1.9718238389643,1.84930764658448,2.10245669999197,106.7,153.3,3,107,589
sbp,CKD,156.641414141414,2.00120682687709,1.87424389949597,2.13677033443537,106.7,153.3,3,107,589
sbp,CKD,157.328282828283,2.03210411580334,1.90042800647154,2.17290374768359,106.7,153.3,3,107,589
sbp,CKD,158.015151515152,2.06458232271047,1.92791136139721,2.21094198239456,106.7,153.3,3,107,589
sbp,CKD,158.70202020202,2.0988576696217,1.95687121701667,2.2511463600787,106.7,153.3,3,107,589
sbp,CKD,159.388888888889,2.13502976023387,1.98738525704525,2.29364289632571,106.7,153.3,3,107,589
sbp,CKD,160.075757575758,2.1730048917052,2.01936780500541,2.33833096064542,106.7,153.3,3,107,589
sbp,CKD,160.762626262626,2.21255948016494,2.05262447842937,2.38495618887563,106.7,153.3,3,107,589
sbp,CKD,161.449494949495,2.25322688915004,2.08675828053728,2.43297532893057,106.7,153.3,3,107,589
sbp,CKD,162.136363636364,2.29465943204657,2.12147448711463,2.48198219731679,106.7,153.3,3,107,589
sbp,CKD,162.823232323232,2.33647570593821,2.15645222359644,2.5315277865674,106.7,153.3,3,107,589
sbp,CKD,163.510101010101,2.37856875535889,2.1916017893037,2.58148599420838,106.7,153.3,3,107,589
sbp,CKD,164.19696969697,2.42080747976316,2.22681397266086,2.63170113266115,106.7,153.3,3,107,589
sbp,CKD,164.883838383838,2.46307894000549,2.26199537664381,2.6820381364793,106.7,153.3,3,107,589
sbp,CKD,165.570707070707,2.50536933380962,2.2971354984905,2.73247943054224,106.7,153.3,3,107,589
sbp,CKD,166.257575757576,2.54767838008317,2.33223508255895,2.78302353689903,106.7,153.3,3,107,589
sbp,CKD,166.944444444444,2.59000580570187,2.36729484737068,2.83366902142335,106.7,153.3,3,107,589
sbp,CKD,167.631313131313,2.63235134519411,2.40231548693201,2.88441449186783,106.7,153.3,3,107,589
sbp,CKD,168.318181818182,2.67471474043986,2.43729767196618,2.93525859603148,106.7,153.3,3,107,589
sbp,CKD,169.005050505051,2.71709574038455,2.47224205106444,2.98620002003331,106.7,153.3,3,107,589
sbp,CKD,169.691919191919,2.75949410076604,2.50714925176202,3.03723748668369,106.7,153.3,3,107,589
sbp,CKD,170.378787878788,2.80190958385491,2.5420198815456,3.08836975394725,106.7,153.3,3,107,589
sbp,CKD,171.065656565657,2.84434195820629,2.57685452879683,3.13959561349017,106.7,153.3,3,107,589
sbp,CKD,171.752525252525,2.88679099842386,2.61165376367795,3.19091388930706,106.7,153.3,3,107,589
sbp,CKD,172.439393939394,2.92925648493484,2.64641813896328,3.24232343642195,106.7,153.3,3,107,589
sbp,CKD,173.126262626263,2.97173820377483,2.68114819082046,3.29382313965735,106.7,153.3,3,107,589
sbp,CKD,173.813131313131,3.01423594638312,2.71584443954583,3.34541191246858,106.7,153.3,3,107,589
sbp,CKD,174.5,3.05674950940732,2.75050739025701,3.39708869583833,106.7,153.3,3,107,589
sbp,Stroke,114.974226804123,1.0,1.0,1.0,116.597938144329,163.20618556701,5,107,494
sbp,Stroke,115.762365927314,1.02622332837718,1.01797159466515,1.03454195109634,116.597938144329,163.20618556701,5,107,494
sbp,Stroke,116.550505050504,1.05367418428146,1.03663167477358,1.07099687732743,116.597938144329,163.20618556701,5,107,494
sbp,Stroke,117.338644173695,1.08236559735649,1.05597370187424,1.10941710410169,116.597938144329,163.20618556701,5,107,494
sbp,Stroke,118.126783296886,1.1123107586952,1.07599114948125,1.14985632038478,116.597938144329,163.20618556701,5,107,494
sbp,Stroke,118.914922420076,1.14352299829936,1.0966775167687,1.19236952307772,116.597938144329,163.20618556701,5,107,494
sbp,Stroke,119.703061543267,1.17601576392621,1.11802634092821,1.23701296326771,116.597938144329,163.20618556701,5,107,494
sbp,Stroke,120.491200666458,1.20980260131058,1.14003120823707,1.28384409440965,116.597938144329,163.20618556701,5,107,494
sbp,Stroke,121.279339789648,1.24489713573953,1.16268576389469,1.3329215224767,116.597938144329,163.20618556701,5,107,494
sbp,Stroke,122.067478912839,1.2813130549459,1.18598372069085,1.38430495809711,116.597938144329,163.20618556701,5,107,494
sbp,Stroke,122.85561803603,1.31906409327879,1.20991886657393,1.43805517067791,116.597938144329,163.20618556701,5,107,494
sbp,Stroke,123.64375715922,1.35816401710386,1.23448507119092,1.49423394450302,116.597938144329,163.20618556701,5,107,494
sbp,Stroke,124.431896282411,1.39862661138058,1.25967629147153,1.55290403677977,116.597938144329,163.20618556701,5,107,494
sbp,Stroke,125.220035405602,1.44046566735978,1.28548657632891,1.61412913759698,116.597938144329,163.20618556701,5,107,494
sbp,Stroke,126.008174528792,1.4836949713444,1.31191007054908,1.67797383175153,116.597938144329,163.20618556701,5,107,494
sbp,Stroke,126.796313651983,1.52832829445339,1.33894101793888,1.74450356239175,116.597938144329,163.20618556701,5,107,494
sbp,Stroke,127.584452775174,1.57437938332887,1.36657376379925,1.81378459642016,116.597938144329,163.20618556701,5,107,494
sbp,Stroke,128.372591898365,1.62186195172823,1.39480275678917,1.88588399159676,116.597938144329,163.20618556701,5,107,494
sbp,Stroke,129.160731021555,1.67078967294217,1.42362255024038,1.96086956527828,116.597938144329,163.20618556701,5,107,494
sbp,Stroke,129.948870144746,1.72117617298274,1.45302780298109,2.03880986472911,116.597938144329,163.20618556701,5,107,494
sbp,Stroke,130.737009267937,1.77303502448574,1.48301327972157,2.11977413893649,116.597938144329,163.20618556701,5,107,494
sbp,Stroke,131.525148391127,1.8263797412759,1.51357385105226,2.20383231186507,116.597938144329,163.20618556701,5,107,494
sbp,Stroke,132.313287514318,1.88122377354423,1.54470449310046,2.29105495708417,116.597938144329,163.20618556701,5,107,494
sbp,Stroke,133.101426637509,1.93758050358926,1.57640028688746,2.38151327370143,116.597938144329,163.20618556701,5,107,494
sbp,Stroke,133.889565760699,1.99546324207804,1.60865641742594,2.47527906354057,116.597938144329,163.20618556701,5,107,494
sbp,Stroke,134.67770488389,2.05488522478406,1.64146817259274,2.57242470950027,116.597938144329,163.20618556701,5,107,494
sbp,Stroke,135.465844007081,2.11585960976129,1.67483094180882,2.67302315503211,116.597938144329,163.20618556701,5,107,494
sbp,Stroke,136.253983130271,2.17839947491854,1.70874021455649,2.77714788468127,116.597938144329,163.20618556701,5,107,494
sbp,Stroke,137.042122253462,2.24251781595837,1.74319157875965,2.88487290563263,116.597938144329,163.20618556701,5,107,494
sbp,Stroke,137.830261376653,2.30822754464768,1.77818071905048,2.99627273020668,116.597938144329,163.20618556701,5,107,494
sbp,Stroke,138.618400499843,2.37554148739117,1.81370341494439,3.11142235925583,116.597938144329,163.20618556701,5,107,494
sbp,Stroke,139.406539623034,2.44447238407908,1.84975553894174,3.23039726641059,116.597938144329,163.20618556701,5,107,494
sbp,Stroke,140.194678746225,2.51503288718275,1.88633305457266,3.35327338312681,116.597938144329,163.20618556701,5,107,494
sbp,Stroke,140.982817869415,2.58723556107568,1.92343201440064,3.48012708449197,116.597938144329,163.20618556701,5,107,494
sbp,Stroke,141.770956992606,2.66109288155756,1.96104855799757,3.61103517574657,116.597938144329,163.20618556701,5,107,494
sbp,Stroke,142.559096115797,2.73661723556011,1.99917890990123,3.74607487947871,116.597938144329,163.20618556701,5,107,494
sbp,Stroke,143.347235238987,2.81382092101812,2.03781937756619,3.88532382345653,116.597938144329,163.20618556701,5,107,494
sbp,Stroke,144.135374362178,2.89271614688784,2.07696634931633,4.02886002906116,116.597938144329,163.20618556701,5,107,494
sbp,Stroke,144.923513485369,2.9733150332962,2.11661629230625,4.17676190028403,116.597938144329,163.20618556701,5,107,494
sbp,Stroke,145.711652608559,3.05562961180865,2.1567657504988,4.32910821325985,116.597938144329,163.20618556701,5,107,494
sbp,Stroke,146.49979173175,3.13967182580165,2.19741134266389,4.48597810630325,116.597938144329,163.20618556701,5,107,494
sbp,Stroke,147.287930854941,3.2254535309271,2.238549760403,4.64745107041856,116.597938144329,163.20618556701,5,107,494
sbp,Stroke,148.076069978131,3.3129864956598,2.28017776620391,4.81360694025934,116.597938144329,163.20618556701,5,107,494
sbp,Stroke,148.864209101322,3.40228240191719,2.32229219152899,4.98452588551061,116.597938144329,163.20618556701,5,107,494
sbp,Stroke,149.652348224513,3.49335284574156,2.36488993493873,5.16028840266802,116.597938144329,163.20618556701,5,107,494
sbp,Stroke,150.440487347703,3.58620933803842,2.40796796025411,5.34097530719502,116.597938144329,163.20618556701,5,107,494
sbp,Stroke,151.228626470894,3.68086330536297,2.45152329475878,5.52666772603552,116.597938144329,163.20618556701,5,107,494
sbp,Stroke,152.016765594085,3.77732609074674,2.49555302744197,5.71744709045972,116.597938144329,163.20618556701,5,107,494
sbp,Stroke,152.804904717275,3.87560895456053,2.54005430728404,5.91339512922869,116.597938144329,163.20618556701,5,107,494
sbp,Stroke,153.593043840466,3.9757230754073,2.58502434158487,6.11459386205827,116.597938144329,163.20618556701,5,107,494
sbp,Stroke,154.381182963657,4.07767955103873,2.63046039433496,6.32112559336339,116.597938144329,163.20618556701,5,107,494
sbp,Stroke,155.169322086848,4.1814893992936,2.67635978463035,6.53307290627209,116.597938144329,163.20618556701,5,107,494
sbp,Stroke,155.957461210038,4.28716355905183,2.72271988513064,6.75051865689079,116.597938144329,163.20618556701,5,107,494
sbp,Stroke,156.745600333229,4.3947128912022,2.76953812056025,6.97354596881008,116.597938144329,163.20618556701,5,107,494
sbp,Stroke,157.53373945642,4.50414817961841,2.81681196625191,7.20223822783403,116.597938144329,163.20618556701,5,107,494
sbp,Stroke,158.32187857961,4.61548013214308,2.86453894673278,7.43667907692609,116.597938144329,163.20618556701,5,107,494
sbp,Stroke,159.110017702801,4.72871938157596,2.91271663435224,7.6769524113577,116.597938144329,163.20618556701,5,107,494
sbp,Stroke,159.898156825992,4.84387648666266,2.96134264794998,7.92314237404646,116.597938144329,163.20618556701,5,107,494
sbp,Stroke,160.686295949182,4.96096193308453,3.01041465156473,8.17533335107893,116.597938144329,163.20618556701,5,107,494
sbp,Stroke,161.474435072373,5.0799861344464,3.05993035318238,8.43360996740619,116.597938144329,163.20618556701,5,107,494
sbp,Stroke,162.262574195564,5.20095943325937,3.10988750352193,8.69805708270015,116.597938144329,163.20618556701,5,107,494
sbp,Stroke,163.050713318754,5.32389210168745,3.16028389476462,8.96875978685487,116.597938144329,163.20618556701,5,107,494
sbp,Stroke,163.838852441945,5.44879429734706,3.21111734109937,9.24580329557103,116.597938144329,163.20618556701,5,107,494
sbp,Stroke,164.626991565136,5.57567147742882,3.26238383151944,9.52926265875162,116.597938144329,163.20618556701,5,107,494
sbp,Stroke,165.415130688326,5.70452685049203,3.31407857470311,9.8192079199268,116.597938144329,163.20618556701,5,107,494
sbp,Stroke,166.203269811517,5.83530679956722,3.36617436236614,10.115579818373,116.597938144329,163.20618556701,5,107,494
sbp,Stroke,166.991408934708,5.96771895846467,3.41855064256036,10.4177686075013,116.597938144329,163.20618556701,5,107,494
sbp,Stroke,167.779548057898,6.10136125212447,3.4710472532791,10.7248926368715,116.597938144329,163.20618556701,5,107,494
sbp,Stroke,168.567687181089,6.23594980369218,3.52355434394935,11.036319056905,116.597938144329,163.20618556701,5,107,494
sbp,Stroke,169.35582630428,6.37110129724724,3.57592656456518,11.3511647979609,116.597938144329,163.20618556701,5,107,494
sbp,Stroke,170.14396542747,6.50550600576867,3.62766685066476,11.6663437226428,116.597938144329,163.20618556701,5,107,494
sbp,Stroke,170.932104550661,6.63785375666742,3.67829048575929,11.9786902816645,116.597938144329,163.20618556701,5,107,494
sbp,Stroke,171.720243673852,6.76726019976074,3.72748553084593,12.2859794443985,116.597938144329,163.20618556701,5,107,494
sbp,Stroke,172.508382797042,6.8926920781111,3.77489032721879,12.5855852661708,116.597938144329,163.20618556701,5,107,494
sbp,Stroke,173.296521920233,7.01323085391363,3.82019296849714,12.8751106072099,116.597938144329,163.20618556701,5,107,494
sbp,Stroke,174.084661043424,7.12874224740044,3.86337880644938,13.1540210204178,116.597938144329,163.20618556701,5,107,494
sbp,Stroke,174.872800166614,7.23918060460027,3.9044643653669,13.4220038709704,116.597938144329,163.20618556701,5,107,494
sbp,Stroke,175.660939289805,7.34400611418299,3.94328134172544,13.6775495155406,116.597938144329,163.20618556701,5,107,494
sbp,Stroke,176.449078412996,7.44298222306058,3.97977396173038,13.9198821102666,116.597938144329,163.20618556701,5,107,494
sbp,Stroke,177.237217536186,7.53629223937456,4.01403911908372,14.1492643774289,116.597938144329,163.20618556701,5,107,494
sbp,Stroke,178.025356659377,7.62478440920872,4.04641302485176,14.3676231096163,116.597938144329,163.20618556701,5,107,494
sbp,Stroke,178.813495782568,7.70953238571214,4.07730747743378,14.5774852486115,116.597938144329,163.20618556701,5,107,494
sbp,Stroke,179.601634905758,7.79155150088989,4.1071064320604,14.7812762574463,116.597938144329,163.20618556701,5,107,494
sbp,Stroke,180.389774028949,7.87246832090575,4.13640918197758,14.9829851779882,116.597938144329,163.20618556701,5,107,494
sbp,Stroke,181.17791315214,7.95347627322168,4.16565098747332,15.1855700390947,116.597938144329,163.20618556701,5,107,494
sbp,Stroke,181.966052275331,8.03462293977239,4.19484988178806,15.3891480275809,116.597938144329,163.20618556701,5,107,494
sbp,Stroke,182.754191398521,8.11590745832421,4.22400631316547,15.5937157732895,116.597938144329,163.20618556701,5,107,494
sbp,Stroke,183.542330521712,8.19732897821943,4.25312072100736,15.7992699443623,116.597938144329,163.20618556701,5,107,494
sbp,Stroke,184.330469644903,8.27888666014825,4.28219353613117,16.0058072465133,116.597938144329,163.20618556701,5,107,494
sbp,Stroke,185.118608768093,8.36057967592702,4.31122518101782,16.2133244223216,116.597938144329,163.20618556701,5,107,494
sbp,Stroke,185.906747891284,8.44240720828205,4.34021607005012,16.4218182505438,116.597938144329,163.20618556701,5,107,494
sbp,Stroke,186.694887014475,8.52436845063751,4.3691666097418,16.6312855454414,116.597938144329,163.20618556701,5,107,494
sbp,Stroke,187.483026137665,8.60646260690955,4.39807719895835,16.8417231561273,116.597938144329,163.20618556701,5,107,494
sbp,Stroke,188.271165260856,8.68868889130532,4.42694822912963,17.0531279659295,116.597938144329,163.20618556701,5,107,494
sbp,Stroke,189.059304384047,8.77104652812579,4.4557800844543,17.265496891768,116.597938144329,163.20618556701,5,107,494
sbp,Stroke,189.847443507237,8.85353475157441,4.48457314209721,17.4788268835501,116.597938144329,163.20618556701,5,107,494
sbp,Stroke,190.635582630428,8.93615280557021,4.5133277723796,17.6931149235806,116.597938144329,163.20618556701,5,107,494
sbp,Stroke,191.423721753619,9.01889994356451,4.5420443389622,17.9083580259838,116.597938144329,163.20618556701,5,107,494
sbp,Stroke,192.211860876809,9.10177542836285,4.57072319902217,18.1245532361426,116.597938144329,163.20618556701,5,107,494
sbp,Stroke,193.0,9.18477853195118,4.59936470342384,18.3416976301514,116.597938144329,163.20618556701,5,107,494
sodium,StomachCancer,1.143213766,1.0,1.0,1.0,1.230492883,5.625862,3,124,414
sodium,StomachCancer,1.20605019260606,1.07496082788791,1.03574730900261,1.11565897535973,1.230492883,5.625862,3,124,414
sodium,StomachCancer,1.26888661921212,1.1468936004561,1.06886421175518,1.23061930252787,1.230492883,5.625862,3,124,414
sodium,StomachCancer,1.33172304581818,1.2158208303601,1.09960949595412,1.34431386503705,1.230492883,5.625862,3,124,414
sodium,StomachCancer,1.39455947242424,1.28175698698948,1.12819256849473,1.4562238926005,1.230492883,5.625862,3,124,414
sodium,StomachCancer,1.4573958990303,1.34471117162521,1.15478563320393,1.56587342542242,1.230492883,5.625862,3,124,414
sodium,StomachCancer,1.52023232563636,1.40468879708568,1.17953217851521,1.6728247457749,1.230492883,5.625862,3,124,414
sodium,StomachCancer,1.58306875224242,1.46169267431158,1.20255306612372,1.7766745886924,1.230492883,5.625862,3,124,414
sodium,StomachCancer,1.64590517884848,1.51572373207865,1.22395100554354,1.87705097800559,1.230492883,5.625862,3,124,414
sodium,StomachCancer,1.70874160545455,1.56678150225626,1.24381391051992,1.97361056589747,1.230492883,5.625862,3,124,414
sodium,StomachCancer,1.77157803206061,1.61486445084019,1.26221746107392,2.06603638042579,1.230492883,5.625862,3,124,414
sodium,StomachCancer,1.83441445866667,1.65997020479482,1.27922708856693,2.15403590608251,1.230492883,5.625862,3,124,414
sodium,StomachCancer,1.89725088527273,1.7020957066713,1.29489953332894,2.23733943838941,1.230492883,5.625862,3,124,414
sodium,StomachCancer,1.96008731187879,1.74123731782472,1.30928407991965,2.31569866577121,1.230492883,5.625862,3,124,414
sodium,StomachCancer,2.02292373848485,1.77739088398539,1.32242354521136,2.3888854413655,1.230492883,5.625862,3,124,414
sodium,StomachCancer,2.08576016509091,1.81055177233638,1.33435507396012,2.45669071469982,1.230492883,5.625862,3,124,414
sodium,StomachCancer,2.14859659169697,1.8407148861661,1.34511078214577,2.51892359880459,1.230492883,5.625862,3,124,414
sodium,StomachCancer,2.21143301830303,1.86787466103616,1.35471827808438,2.57541055271983,1.230492883,5.625862,3,124,414
sodium,StomachCancer,2.27426944490909,1.89203357050166,1.36320406859509,2.62601257902244,1.230492883,5.625862,3,124,414
sodium,StomachCancer,2.33710587151515,1.91324365337441,1.37060828008484,2.67071294575199,1.230492883,5.625862,3,124,414
sodium,StomachCancer,2.39994229812121,1.93163592431007,1.37699473341897,2.7096816375041,1.230492883,5.625862,3,124,414
sodium,StomachCancer,2.46277872472727,1.9475014445124,1.38247873845972,2.74345042051319,1.230492883,5.625862,3,124,414
sodium,StomachCancer,2.52561515133333,1.96119207289111,1.38719254726847,2.77270401599594,1.230492883,5.625862,3,124,414
sodium,StomachCancer,2.58845157793939,1.97301081148644,1.3912482595355,2.79804243100515,1.230492883,5.625862,3,124,414
sodium,StomachCancer,2.65128800454545,1.9830438730557,1.39468140864008,2.81961384019466,1.230492883,5.625862,3,124,414
sodium,StomachCancer,2.71412443115152,1.99149149994872,1.39756512959444,2.83782008464887,1.230492883,5.625862,3,124,414
sodium,StomachCancer,2.77696085775758,1.99850792451338,1.39995551145092,2.85297203494942,1.230492883,5.625862,3,124,414
sodium,StomachCancer,2.83979728436364,2.00418420550445,1.40188617291527,2.86524998048916,1.230492883,5.625862,3,124,414
sodium,StomachCancer,2.9026337109697,2.00875488118777,1.40343874497653,2.87514947634081,1.230492883,5.625862,3,124,414
sodium,StomachCancer,2.96547013757576,2.01237052290075,1.40466562394087,2.88298870024194,1.230492883,5.625862,3,124,414
sodium,StomachCancer,3.02830656418182,2.01520450087882,1.40562647254555,2.88913823101793,1.230492883,5.625862,3,124,414
sodium,StomachCancer,3.09114299078788,2.01740342844743,1.40637153139992,2.89391281197237,1.230492883,5.625862,3,124,414
sodium,StomachCancer,3.15397941739394,2.01911564210969,1.40695138875286,2.8976324333606,1.230492883,5.625862,3,124,414
sodium,StomachCancer,3.216815844,2.02040106076755,1.40738654183232,2.90042594910431,1.230492883,5.625862,3,124,414
sodium,StomachCancer,3.27965227060606,2.02132510826723,1.4076992719216,2.90243468531046,1.230492883,5.625862,3,124,414
sodium,StomachCancer,3.34248869721212,2.02197311797221,1.40791853729664,2.90384363974097,1.230492883,5.625862,3,124,414
sodium,StomachCancer,3.40532512381818,2.02245184740975,1.40808050054165,2.90488468061142,1.230492883,5.625862,3,124,414
sodium,StomachCancer,3.46816155042424,2.02284040228746,1.40821194153374,2.90572972181293,1.230492883,5.625862,3,124,414
sodium,StomachCancer,3.5309979770303,2.02317614060234,1.40832550519811,2.9064599631225,1.230492883,5.625862,3,124,414
sodium,StomachCancer,3.59383440363636,2.02346736613489,1.40842400454356,2.90709343820065,1.230492883,5.625862,3,124,414
sodium,StomachCancer,3.65667083024242,2.02372469698226,1.40851103384199,2.90765322441585,1.230492883,5.625862,3,124,414
sodium,StomachCancer,3.71950725684848,2.02394922525421,1.40858696466118,2.90814168324527,1.230492883,5.625862,3,124,414
sodium,StomachCancer,3.78234368345455,2.02414176163706,1.40865207303615,2.90856056625277,1.230492883,5.625862,3,124,414
sodium,StomachCancer,3.84518011006061,2.0243061916502,1.4087076744009,2.90891831713494,1.230492883,5.625862,3,124,414
sodium,StomachCancer,3.90801653666667,2.02444593400955,1.40875492590716,2.90922236675672,1.230492883,5.625862,3,124,414
sodium,StomachCancer,3.97085296327273,2.02456452331039,1.40879502355055,2.90948040029044,1.230492883,5.625862,3,124,414
sodium,StomachCancer,4.03368938987879,2.02466818717804,1.40883007358858,2.90970596455901,1.230492883,5.625862,3,124,414
sodium,StomachCancer,4.09652581648485,2.0247584729893,1.40886059958833,2.90990242408644,1.230492883,5.625862,3,124,414
sodium,StomachCancer,4.15936224309091,2.02483539397336,1.40888660633362,2.91006980565786,1.230492883,5.625862,3,124,414
sodium,StomachCancer,4.22219866969697,2.02489896124161,1.40890809784587,2.9102081317485,1.230492883,5.625862,3,124,414
sodium,StomachCancer,4.28503509630303,2.0249491837944,1.40892507738654,2.91031742053707,1.230492883,5.625862,3,124,414
sodium,StomachCancer,4.34787152290909,2.02498611730673,1.40893756395089,2.91039779206848,1.230492883,5.625862,3,124,414
sodium,StomachCancer,4.41070794951515,2.02501177110219,1.40894623697445,2.91045361809415,1.230492883,5.625862,3,124,414
sodium,StomachCancer,4.47354437612121,2.02502939851751,1.4089521964103,2.91049197787404,1.230492883,5.625862,3,124,414
sodium,StomachCancer,4.53638080272727,2.0250397245025,1.40895568738307,2.91051444877573,1.230492883,5.625862,3,124,414
sodium,StomachCancer,4.59921722933333,2.02504488022561,1.40895743040842,2.91052566842933,1.230492883,5.625862,3,124,414
sodium,StomachCancer,4.66205365593939,2.02504840660602,1.40895862259108,2.91053334238883,1.230492883,5.625862,3,124,414
sodium,StomachCancer,4.72489008254545,2.02505069323536,1.40895939564376,2.91053831845829,1.230492883,5.625862,3,124,414
sodium,StomachCancer,4.78772650915151,2.02505174029957,1.40895974963006,2.91054059703767,1.230492883,5.625862,3,124,414
sodium,StomachCancer,4.85056293575758,2.02505181354346,1.40895977439199,2.91054075642813,1.230492883,5.625862,3,124,414
sodium,StomachCancer,4.91339936236364,2.0250518129066,1.40895977417668,2.91054075504221,1.230492883,5.625862,3,124,414
sodium,StomachCancer,4.9762357889697,2.02505181226973,1.40895977396137,2.9105407536563,1.230492883,5.625862,3,124,414
sodium,StomachCancer,5.03907221557576,2.02505181163287,1.40895977374606,2.91054075227038,1.230492883,5.625862,3,124,414
sodium,StomachCancer,5.10190864218182,2.02505181099601,1.40895977353076,2.91054075088446,1.230492883,5.625862,3,124,414
sodium,StomachCancer,5.16474506878788,2.02505181035915,1.40895977331545,2.91054074949855,1.230492883,5.625862,3,124,414
sodium,StomachCancer,5.22758149539394,2.02505180972228,1.40895977310014,2.91054074811263,1.230492883,5.625862,3,124,414
sodium,StomachCancer,5.290417922,2.02505180908542,1.40895977288483,2.91054074672672,1.230492883,5.625862,3,124,414
sodium,StomachCancer,5.35325434860606,2.02505180844856,1.40895977266953,2.9105407453408,1.230492883,5.625862,3,124,414
sodium,StomachCancer,5.41609077521212,2.02505180781169,1.40895977245422,2.91054074395489,1.230492883,5.625862,3,124,414
sodium,StomachCancer,5.47892720181818,2.02505180717483,1.40895977223891,2.91054074256897,1.230492883,5.625862,3,124,414
sodium,StomachCancer,5.54176362842424,2.02505180653797,1.4089597720236,2.91054074118306,1.230492883,5.625862,3,124,414
sodium,StomachCancer,5.6046000550303,2.02505180590111,1.4089597718083,2.91054073979714,1.230492883,5.625862,3,124,414
sodium,StomachCancer,5.66743648163636,2.02505180526424,1.40895977159299,2.91054073841123,1.230492883,5.625862,3,124,414
sodium,StomachCancer,5.73027290824242,2.02505180462738,1.40895977137768,2.91054073702531,1.230492883,5.625862,3,124,414
sodium,StomachCancer,5.79310933484848,2.02505180399052,1.40895977116238,2.9105407356394,1.230492883,5.625862,3,124,414
sodium,StomachCancer,5.85594576145454,2.02505180335366,1.40895977094707,2.91054073425348,1.230492883,5.625862,3,124,414
sodium,StomachCancer,5.91878218806061,2.02505180271679,1.40895977073176,2.91054073286757,1.230492883,5.625862,3,124,414
sodium,StomachCancer,5.98161861466667,2.02505180207993,1.40895977051645,2.91054073148165,1.230492883,5.625862,3,124,414
sodium,StomachCancer,6.04445504127273,2.02505180144307,1.40895977030115,2.91054073009574,1.230492883,5.625862,3,124,414
sodium,StomachCancer,6.10729146787879,2.02505180080621,1.40895977008584,2.91054072870982,1.230492883,5.625862,3,124,414
sodium,StomachCancer,6.17012789448485,2.02505180016934,1.40895976987053,2.91054072732391,1.230492883,5.625862,3,124,414
sodium,StomachCancer,6.23296432109091,2.02505179953248,1.40895976965522,2.91054072593799,1.230492883,5.625862,3,124,414
sodium,StomachCancer,6.29580074769697,2.02505179889562,1.40895976943992,2.91054072455208,1.230492883,5.625862,3,124,414
sodium,StomachCancer,6.35863717430303,2.02505179825876,1.40895976922461,2.91054072316616,1.230492883,5.625862,3,124,414
sodium,StomachCancer,6.42147360090909,2.02505179762189,1.4089597690093,2.91054072178025,1.230492883,5.625862,3,124,414
sodium,StomachCancer,6.48431002751515,2.02505179698503,1.40895976879399,2.91054072039433,1.230492883,5.625862,3,124,414
sodium,StomachCancer,6.54714645412121,2.02505179634817,1.40895976857869,2.91054071900842,1.230492883,5.625862,3,124,414
sodium,StomachCancer,6.60998288072727,2.02505179571131,1.40895976836338,2.9105407176225,1.230492883,5.625862,3,124,414
sodium,StomachCancer,6.67281930733333,2.02505179507444,1.40895976814807,2.91054071623659,1.230492883,5.625862,3,124,414
sodium,StomachCancer,6.73565573393939,2.02505179443758,1.40895976793277,2.91054071485067,1.230492883,5.625862,3,124,414
sodium,StomachCancer,6.79849216054545,2.02505179380072,1.40895976771746,2.91054071346476,1.230492883,5.625862,3,124,414
sodium,StomachCancer,6.86132858715151,2.02505179316386,1.40895976750215,2.91054071207884,1.230492883,5.625862,3,124,414
sodium,StomachCancer,6.92416501375757,2.02505179252699,1.40895976728684,2.91054071069293,1.230492883,5.625862,3,124,414
sodium,StomachCancer,6.98700144036364,2.02505179189013,1.40895976707154,2.91054070930701,1.230492883,5.625862,3,124,414
sodium,StomachCancer,7.0498378669697,2.02505179125327,1.40895976685623,2.9105407079211,1.230492883,5.625862,3,124,414
sodium,StomachCancer,7.11267429357576,2.02505179061641,1.40895976664092,2.91054070653518,1.230492883,5.625862,3,124,414
sodium,StomachCancer,7.17551072018182,2.02505178997954,1.40895976642561,2.91054070514927,1.230492883,5.625862,3,124,414
sodium,StomachCancer,7.23834714678788,2.02505178934268,1.40895976621031,2.91054070376335,1.230492883,5.625862,3,124,414
sodium,StomachCancer,7.30118357339394,2.02505178870582,1.408959765995,2.91054070237744,1.230492883,5.625862,3,124,414
sodium,StomachCancer,7.36402,2.02505178806896,1.40895976577969,2.91054070099152,1.230492883,5.625862,3,124,414
